backbone,dataset,method,train_seed,calibration,score,rho_test,split_seed,worst_group_rerun,worst_group_cov_rerun,cov_g0,n_g0,cov_g1,n_g1,cov_g2,n_g2,cov_g3,n_g3,cov_min_recomputed,argmin_recomputed
resnet50_erm,waterbirds,erm,0,marginal_split,APS,0.95,0,2,0.5454545454545454,0.9269076305220884,1245,0.7272727272727273,66,0.5454545454545454,66,0.8594377510040161,1245,0.5454545454545454,2
resnet50_erm,waterbirds,erm,0,marginal_split,APS,0.95,1,2,0.5606060606060606,0.9244979919678715,1245,0.7878787878787878,66,0.5606060606060606,66,0.8883534136546185,1245,0.5606060606060606,2
resnet50_erm,waterbirds,erm,0,marginal_split,APS,0.95,2,2,0.5151515151515151,0.9397590361445783,1245,0.7575757575757576,66,0.5151515151515151,66,0.8755020080321285,1245,0.5151515151515151,2
resnet50_erm,waterbirds,erm,0,marginal_split,APS,0.95,3,2,0.6060606060606061,0.9349397590361446,1245,0.7727272727272727,66,0.6060606060606061,66,0.8827309236947791,1245,0.6060606060606061,2
resnet50_erm,waterbirds,erm,0,marginal_split,APS,0.95,4,2,0.5909090909090909,0.9502008032128514,1245,0.7575757575757576,66,0.5909090909090909,66,0.8803212851405623,1245,0.5909090909090909,2
resnet50_erm,waterbirds,erm,0,marginal_split,APS,0.95,5,2,0.6060606060606061,0.9429718875502008,1245,0.8333333333333334,66,0.6060606060606061,66,0.885140562248996,1245,0.6060606060606061,2
resnet50_erm,waterbirds,erm,0,marginal_split,APS,0.95,6,2,0.5303030303030303,0.9381526104417671,1245,0.7878787878787878,66,0.5303030303030303,66,0.8706827309236947,1245,0.5303030303030303,2
resnet50_erm,waterbirds,erm,0,marginal_split,APS,0.95,7,2,0.5454545454545454,0.9196787148594378,1245,0.7575757575757576,66,0.5454545454545454,66,0.8626506024096385,1245,0.5454545454545454,2
resnet50_erm,waterbirds,erm,0,marginal_split,APS,0.95,8,2,0.5454545454545454,0.9389558232931727,1245,0.7878787878787878,66,0.5454545454545454,66,0.8706827309236947,1245,0.5454545454545454,2
resnet50_erm,waterbirds,erm,0,marginal_split,APS,0.95,9,2,0.5909090909090909,0.921285140562249,1245,0.8181818181818182,66,0.5909090909090909,66,0.8763052208835341,1245,0.5909090909090909,2
resnet50_erm,waterbirds,erm,0,mondrian,APS,0.95,0,1,0.8484848484848485,0.9036144578313253,1245,0.8484848484848485,66,0.9242424242424242,66,0.8594377510040161,1245,0.8484848484848485,1
resnet50_erm,waterbirds,erm,0,mondrian,APS,0.95,1,2,0.7878787878787878,0.8867469879518072,1245,0.8939393939393939,66,0.7878787878787878,66,0.9204819277108434,1245,0.7878787878787878,2
resnet50_erm,waterbirds,erm,0,mondrian,APS,0.95,2,3,0.8843373493975903,0.9004016064257028,1245,0.9090909090909091,66,0.9393939393939394,66,0.8843373493975903,1245,0.8843373493975903,3
resnet50_erm,waterbirds,erm,0,mondrian,APS,0.95,3,0,0.8746987951807229,0.8746987951807229,1245,0.9242424242424242,66,0.9090909090909091,66,0.9012048192771084,1245,0.8746987951807229,0
resnet50_erm,waterbirds,erm,0,mondrian,APS,0.95,4,3,0.9004016064257028,0.9124497991967871,1245,0.9242424242424242,66,0.9545454545454546,66,0.9004016064257028,1245,0.9004016064257028,3
resnet50_erm,waterbirds,erm,0,mondrian,APS,0.95,5,3,0.9036144578313253,0.9124497991967871,1245,0.9393939393939394,66,0.9696969696969697,66,0.9036144578313253,1245,0.9036144578313253,3
resnet50_erm,waterbirds,erm,0,mondrian,APS,0.95,6,1,0.8787878787878788,0.914859437751004,1245,0.8787878787878788,66,0.9242424242424242,66,0.8835341365461847,1245,0.8787878787878788,1
resnet50_erm,waterbirds,erm,0,mondrian,APS,0.95,7,3,0.8666666666666667,0.891566265060241,1245,0.9393939393939394,66,0.9090909090909091,66,0.8666666666666667,1245,0.8666666666666667,3
resnet50_erm,waterbirds,erm,0,mondrian,APS,0.95,8,3,0.8755020080321285,0.9204819277108434,1245,0.9090909090909091,66,0.9090909090909091,66,0.8755020080321285,1245,0.8755020080321285,3
resnet50_erm,waterbirds,erm,0,mondrian,APS,0.95,9,1,0.8787878787878788,0.891566265060241,1245,0.8787878787878788,66,0.9090909090909091,66,0.8995983935742972,1245,0.8787878787878788,1
resnet50_erm,waterbirds,erm,1,marginal_split,APS,0.95,0,2,0.5454545454545454,0.9269076305220884,1245,0.7272727272727273,66,0.5454545454545454,66,0.8594377510040161,1245,0.5454545454545454,2
resnet50_erm,waterbirds,erm,1,marginal_split,APS,0.95,1,2,0.5606060606060606,0.9244979919678715,1245,0.7878787878787878,66,0.5606060606060606,66,0.8883534136546185,1245,0.5606060606060606,2
resnet50_erm,waterbirds,erm,1,marginal_split,APS,0.95,2,2,0.5151515151515151,0.9397590361445783,1245,0.7575757575757576,66,0.5151515151515151,66,0.8755020080321285,1245,0.5151515151515151,2
resnet50_erm,waterbirds,erm,1,marginal_split,APS,0.95,3,2,0.6060606060606061,0.9349397590361446,1245,0.7727272727272727,66,0.6060606060606061,66,0.8827309236947791,1245,0.6060606060606061,2
resnet50_erm,waterbirds,erm,1,marginal_split,APS,0.95,4,2,0.5909090909090909,0.9502008032128514,1245,0.7575757575757576,66,0.5909090909090909,66,0.8803212851405623,1245,0.5909090909090909,2
resnet50_erm,waterbirds,erm,1,marginal_split,APS,0.95,5,2,0.6060606060606061,0.9429718875502008,1245,0.8333333333333334,66,0.6060606060606061,66,0.885140562248996,1245,0.6060606060606061,2
resnet50_erm,waterbirds,erm,1,marginal_split,APS,0.95,6,2,0.5303030303030303,0.9381526104417671,1245,0.7878787878787878,66,0.5303030303030303,66,0.8706827309236947,1245,0.5303030303030303,2
resnet50_erm,waterbirds,erm,1,marginal_split,APS,0.95,7,2,0.5454545454545454,0.9196787148594378,1245,0.7575757575757576,66,0.5454545454545454,66,0.8626506024096385,1245,0.5454545454545454,2
resnet50_erm,waterbirds,erm,1,marginal_split,APS,0.95,8,2,0.5454545454545454,0.9389558232931727,1245,0.7878787878787878,66,0.5454545454545454,66,0.8706827309236947,1245,0.5454545454545454,2
resnet50_erm,waterbirds,erm,1,marginal_split,APS,0.95,9,2,0.5909090909090909,0.921285140562249,1245,0.8181818181818182,66,0.5909090909090909,66,0.8763052208835341,1245,0.5909090909090909,2
resnet50_erm,waterbirds,erm,1,mondrian,APS,0.95,0,1,0.8484848484848485,0.9036144578313253,1245,0.8484848484848485,66,0.9242424242424242,66,0.8594377510040161,1245,0.8484848484848485,1
resnet50_erm,waterbirds,erm,1,mondrian,APS,0.95,1,2,0.7878787878787878,0.8867469879518072,1245,0.8939393939393939,66,0.7878787878787878,66,0.9204819277108434,1245,0.7878787878787878,2
resnet50_erm,waterbirds,erm,1,mondrian,APS,0.95,2,3,0.8843373493975903,0.9004016064257028,1245,0.9090909090909091,66,0.9393939393939394,66,0.8843373493975903,1245,0.8843373493975903,3
resnet50_erm,waterbirds,erm,1,mondrian,APS,0.95,3,0,0.8746987951807229,0.8746987951807229,1245,0.9242424242424242,66,0.9090909090909091,66,0.9012048192771084,1245,0.8746987951807229,0
resnet50_erm,waterbirds,erm,1,mondrian,APS,0.95,4,3,0.9004016064257028,0.9124497991967871,1245,0.9242424242424242,66,0.9545454545454546,66,0.9004016064257028,1245,0.9004016064257028,3
resnet50_erm,waterbirds,erm,1,mondrian,APS,0.95,5,3,0.9036144578313253,0.9124497991967871,1245,0.9393939393939394,66,0.9696969696969697,66,0.9036144578313253,1245,0.9036144578313253,3
resnet50_erm,waterbirds,erm,1,mondrian,APS,0.95,6,1,0.8787878787878788,0.914859437751004,1245,0.8787878787878788,66,0.9242424242424242,66,0.8835341365461847,1245,0.8787878787878788,1
resnet50_erm,waterbirds,erm,1,mondrian,APS,0.95,7,3,0.8666666666666667,0.891566265060241,1245,0.9393939393939394,66,0.9090909090909091,66,0.8666666666666667,1245,0.8666666666666667,3
resnet50_erm,waterbirds,erm,1,mondrian,APS,0.95,8,3,0.8755020080321285,0.9204819277108434,1245,0.9090909090909091,66,0.9090909090909091,66,0.8755020080321285,1245,0.8755020080321285,3
resnet50_erm,waterbirds,erm,1,mondrian,APS,0.95,9,1,0.8787878787878788,0.891566265060241,1245,0.8787878787878788,66,0.9090909090909091,66,0.8995983935742972,1245,0.8787878787878788,1
resnet50_erm,waterbirds,erm,2,marginal_split,APS,0.95,0,2,0.5454545454545454,0.9269076305220884,1245,0.7272727272727273,66,0.5454545454545454,66,0.8594377510040161,1245,0.5454545454545454,2
resnet50_erm,waterbirds,erm,2,marginal_split,APS,0.95,1,2,0.5606060606060606,0.9244979919678715,1245,0.7878787878787878,66,0.5606060606060606,66,0.8883534136546185,1245,0.5606060606060606,2
resnet50_erm,waterbirds,erm,2,marginal_split,APS,0.95,2,2,0.5151515151515151,0.9397590361445783,1245,0.7575757575757576,66,0.5151515151515151,66,0.8755020080321285,1245,0.5151515151515151,2
resnet50_erm,waterbirds,erm,2,marginal_split,APS,0.95,3,2,0.6060606060606061,0.9349397590361446,1245,0.7727272727272727,66,0.6060606060606061,66,0.8827309236947791,1245,0.6060606060606061,2
resnet50_erm,waterbirds,erm,2,marginal_split,APS,0.95,4,2,0.5909090909090909,0.9502008032128514,1245,0.7575757575757576,66,0.5909090909090909,66,0.8803212851405623,1245,0.5909090909090909,2
resnet50_erm,waterbirds,erm,2,marginal_split,APS,0.95,5,2,0.6060606060606061,0.9429718875502008,1245,0.8333333333333334,66,0.6060606060606061,66,0.885140562248996,1245,0.6060606060606061,2
resnet50_erm,waterbirds,erm,2,marginal_split,APS,0.95,6,2,0.5303030303030303,0.9381526104417671,1245,0.7878787878787878,66,0.5303030303030303,66,0.8706827309236947,1245,0.5303030303030303,2
resnet50_erm,waterbirds,erm,2,marginal_split,APS,0.95,7,2,0.5454545454545454,0.9196787148594378,1245,0.7575757575757576,66,0.5454545454545454,66,0.8626506024096385,1245,0.5454545454545454,2
resnet50_erm,waterbirds,erm,2,marginal_split,APS,0.95,8,2,0.5454545454545454,0.9389558232931727,1245,0.7878787878787878,66,0.5454545454545454,66,0.8706827309236947,1245,0.5454545454545454,2
resnet50_erm,waterbirds,erm,2,marginal_split,APS,0.95,9,2,0.5909090909090909,0.921285140562249,1245,0.8181818181818182,66,0.5909090909090909,66,0.8763052208835341,1245,0.5909090909090909,2
resnet50_erm,waterbirds,erm,2,mondrian,APS,0.95,0,1,0.8484848484848485,0.9036144578313253,1245,0.8484848484848485,66,0.9242424242424242,66,0.8594377510040161,1245,0.8484848484848485,1
resnet50_erm,waterbirds,erm,2,mondrian,APS,0.95,1,2,0.7878787878787878,0.8867469879518072,1245,0.8939393939393939,66,0.7878787878787878,66,0.9204819277108434,1245,0.7878787878787878,2
resnet50_erm,waterbirds,erm,2,mondrian,APS,0.95,2,3,0.8843373493975903,0.9004016064257028,1245,0.9090909090909091,66,0.9393939393939394,66,0.8843373493975903,1245,0.8843373493975903,3
resnet50_erm,waterbirds,erm,2,mondrian,APS,0.95,3,0,0.8746987951807229,0.8746987951807229,1245,0.9242424242424242,66,0.9090909090909091,66,0.9012048192771084,1245,0.8746987951807229,0
resnet50_erm,waterbirds,erm,2,mondrian,APS,0.95,4,3,0.9004016064257028,0.9124497991967871,1245,0.9242424242424242,66,0.9545454545454546,66,0.9004016064257028,1245,0.9004016064257028,3
resnet50_erm,waterbirds,erm,2,mondrian,APS,0.95,5,3,0.9036144578313253,0.9124497991967871,1245,0.9393939393939394,66,0.9696969696969697,66,0.9036144578313253,1245,0.9036144578313253,3
resnet50_erm,waterbirds,erm,2,mondrian,APS,0.95,6,1,0.8787878787878788,0.914859437751004,1245,0.8787878787878788,66,0.9242424242424242,66,0.8835341365461847,1245,0.8787878787878788,1
resnet50_erm,waterbirds,erm,2,mondrian,APS,0.95,7,3,0.8666666666666667,0.891566265060241,1245,0.9393939393939394,66,0.9090909090909091,66,0.8666666666666667,1245,0.8666666666666667,3
resnet50_erm,waterbirds,erm,2,mondrian,APS,0.95,8,3,0.8755020080321285,0.9204819277108434,1245,0.9090909090909091,66,0.9090909090909091,66,0.8755020080321285,1245,0.8755020080321285,3
resnet50_erm,waterbirds,erm,2,mondrian,APS,0.95,9,1,0.8787878787878788,0.891566265060241,1245,0.8787878787878788,66,0.9090909090909091,66,0.8995983935742972,1245,0.8787878787878788,1
resnet50_erm,waterbirds,dfr,0,marginal_split,APS,0.95,0,1,0.8636363636363636,0.8987951807228916,1245,0.8636363636363636,66,0.9242424242424242,66,0.8763052208835341,1245,0.8636363636363636,1
resnet50_erm,waterbirds,dfr,0,marginal_split,APS,0.95,1,2,0.8787878787878788,0.9076305220883534,1245,0.9696969696969697,66,0.8787878787878788,66,0.9028112449799197,1245,0.8787878787878788,2
resnet50_erm,waterbirds,dfr,0,marginal_split,APS,0.95,2,1,0.8787878787878788,0.9196787148594378,1245,0.8787878787878788,66,0.9090909090909091,66,0.8923694779116466,1245,0.8787878787878788,1
resnet50_erm,waterbirds,dfr,0,marginal_split,APS,0.95,3,2,0.8484848484848485,0.8899598393574297,1245,0.8636363636363636,66,0.8484848484848485,66,0.8738955823293173,1245,0.8484848484848485,2
resnet50_erm,waterbirds,dfr,0,marginal_split,APS,0.95,4,3,0.9036144578313253,0.9132530120481928,1245,0.9090909090909091,66,0.9090909090909091,66,0.9036144578313253,1245,0.9036144578313253,3
resnet50_erm,waterbirds,dfr,0,marginal_split,APS,0.95,5,3,0.8899598393574297,0.9180722891566265,1245,0.9242424242424242,66,0.9242424242424242,66,0.8899598393574297,1245,0.8899598393574297,3
resnet50_erm,waterbirds,dfr,0,marginal_split,APS,0.95,6,2,0.7878787878787878,0.8931726907630522,1245,0.8636363636363636,66,0.7878787878787878,66,0.8602409638554217,1245,0.7878787878787878,2
resnet50_erm,waterbirds,dfr,0,marginal_split,APS,0.95,7,2,0.8333333333333334,0.9188755020080321,1245,0.9090909090909091,66,0.8333333333333334,66,0.9004016064257028,1245,0.8333333333333334,2
resnet50_erm,waterbirds,dfr,0,marginal_split,APS,0.95,8,2,0.8181818181818182,0.9172690763052209,1245,0.8939393939393939,66,0.8181818181818182,66,0.8931726907630522,1245,0.8181818181818182,2
resnet50_erm,waterbirds,dfr,0,marginal_split,APS,0.95,9,3,0.8763052208835341,0.891566265060241,1245,0.8787878787878788,66,0.9242424242424242,66,0.8763052208835341,1245,0.8763052208835341,3
resnet50_erm,waterbirds,dfr,0,mondrian,APS,0.95,0,3,0.8875502008032129,0.8883534136546185,1245,0.9545454545454546,66,0.9393939393939394,66,0.8875502008032129,1245,0.8875502008032129,3
resnet50_erm,waterbirds,dfr,0,mondrian,APS,0.95,1,2,0.8333333333333334,0.885140562248996,1245,0.9696969696969697,66,0.8333333333333334,66,0.9180722891566265,1245,0.8333333333333334,2
resnet50_erm,waterbirds,dfr,0,mondrian,APS,0.95,2,3,0.8883534136546185,0.9228915662650602,1245,0.9242424242424242,66,0.9242424242424242,66,0.8883534136546185,1245,0.8883534136546185,3
resnet50_erm,waterbirds,dfr,0,mondrian,APS,0.95,3,2,0.8181818181818182,0.885140562248996,1245,0.8939393939393939,66,0.8181818181818182,66,0.878714859437751,1245,0.8181818181818182,2
resnet50_erm,waterbirds,dfr,0,mondrian,APS,0.95,4,0,0.9036144578313253,0.9036144578313253,1245,0.9090909090909091,66,0.9848484848484849,66,0.9164658634538153,1245,0.9036144578313253,0
resnet50_erm,waterbirds,dfr,0,mondrian,APS,0.95,5,3,0.8963855421686747,0.9172690763052209,1245,0.9242424242424242,66,0.9545454545454546,66,0.8963855421686747,1245,0.8963855421686747,3
resnet50_erm,waterbirds,dfr,0,mondrian,APS,0.95,6,3,0.8570281124497992,0.8931726907630522,1245,0.9090909090909091,66,0.9090909090909091,66,0.8570281124497992,1245,0.8570281124497992,3
resnet50_erm,waterbirds,dfr,0,mondrian,APS,0.95,7,2,0.8333333333333334,0.921285140562249,1245,0.9393939393939394,66,0.8333333333333334,66,0.8947791164658635,1245,0.8333333333333334,2
resnet50_erm,waterbirds,dfr,0,mondrian,APS,0.95,8,3,0.8819277108433735,0.9180722891566265,1245,0.9090909090909091,66,0.9242424242424242,66,0.8819277108433735,1245,0.8819277108433735,3
resnet50_erm,waterbirds,dfr,0,mondrian,APS,0.95,9,0,0.8706827309236947,0.8706827309236947,1245,0.8787878787878788,66,0.9848484848484849,66,0.9068273092369478,1245,0.8706827309236947,0
resnet50_erm,waterbirds,dfr,1,marginal_split,APS,0.95,0,3,0.8827309236947791,0.8883534136546185,1245,0.8939393939393939,66,0.9393939393939394,66,0.8827309236947791,1245,0.8827309236947791,3
resnet50_erm,waterbirds,dfr,1,marginal_split,APS,0.95,1,2,0.8484848484848485,0.9044176706827309,1245,0.9090909090909091,66,0.8484848484848485,66,0.9004016064257028,1245,0.8484848484848485,2
resnet50_erm,waterbirds,dfr,1,marginal_split,APS,0.95,2,2,0.8939393939393939,0.9172690763052209,1245,0.9090909090909091,66,0.8939393939393939,66,0.9004016064257028,1245,0.8939393939393939,2
resnet50_erm,waterbirds,dfr,1,marginal_split,APS,0.95,3,1,0.8484848484848485,0.8963855421686747,1245,0.8484848484848485,66,0.8484848484848485,66,0.8923694779116466,1245,0.8484848484848485,1
resnet50_erm,waterbirds,dfr,1,marginal_split,APS,0.95,4,3,0.8995983935742972,0.9188755020080321,1245,0.9090909090909091,66,0.9090909090909091,66,0.8995983935742972,1245,0.8995983935742972,3
resnet50_erm,waterbirds,dfr,1,marginal_split,APS,0.95,5,3,0.8939759036144578,0.9204819277108434,1245,0.9242424242424242,66,0.9090909090909091,66,0.8939759036144578,1245,0.8939759036144578,3
resnet50_erm,waterbirds,dfr,1,marginal_split,APS,0.95,6,2,0.803030303030303,0.8995983935742972,1245,0.8787878787878788,66,0.803030303030303,66,0.8795180722891566,1245,0.803030303030303,2
resnet50_erm,waterbirds,dfr,1,marginal_split,APS,0.95,7,2,0.803030303030303,0.9100401606425703,1245,0.9545454545454546,66,0.803030303030303,66,0.9004016064257028,1245,0.803030303030303,2
resnet50_erm,waterbirds,dfr,1,marginal_split,APS,0.95,8,2,0.7878787878787878,0.914859437751004,1245,0.9090909090909091,66,0.7878787878787878,66,0.8963855421686747,1245,0.7878787878787878,2
resnet50_erm,waterbirds,dfr,1,marginal_split,APS,0.95,9,1,0.8787878787878788,0.8963855421686747,1245,0.8787878787878788,66,0.9393939393939394,66,0.8843373493975903,1245,0.8787878787878788,1
resnet50_erm,waterbirds,dfr,1,mondrian,APS,0.95,0,0,0.8835341365461847,0.8835341365461847,1245,0.9242424242424242,66,0.9393939393939394,66,0.8867469879518072,1245,0.8835341365461847,0
resnet50_erm,waterbirds,dfr,1,mondrian,APS,0.95,1,2,0.8181818181818182,0.8947791164658635,1245,0.9090909090909091,66,0.8181818181818182,66,0.9140562248995984,1245,0.8181818181818182,2
resnet50_erm,waterbirds,dfr,1,mondrian,APS,0.95,2,3,0.8931726907630522,0.9220883534136546,1245,0.9090909090909091,66,0.9393939393939394,66,0.8931726907630522,1245,0.8931726907630522,3
resnet50_erm,waterbirds,dfr,1,mondrian,APS,0.95,3,1,0.8787878787878788,0.8907630522088353,1245,0.8787878787878788,66,0.8787878787878788,66,0.8931726907630522,1245,0.8787878787878788,1
resnet50_erm,waterbirds,dfr,1,mondrian,APS,0.95,4,3,0.8995983935742972,0.9092369477911647,1245,0.9090909090909091,66,0.9848484848484849,66,0.8995983935742972,1245,0.8995983935742972,3
resnet50_erm,waterbirds,dfr,1,mondrian,APS,0.95,5,3,0.8931726907630522,0.9204819277108434,1245,0.9242424242424242,66,0.9242424242424242,66,0.8931726907630522,1245,0.8931726907630522,3
resnet50_erm,waterbirds,dfr,1,mondrian,APS,0.95,6,3,0.8763052208835341,0.9012048192771084,1245,0.8787878787878788,66,0.9090909090909091,66,0.8763052208835341,1245,0.8763052208835341,3
resnet50_erm,waterbirds,dfr,1,mondrian,APS,0.95,7,2,0.8333333333333334,0.9188755020080321,1245,0.9848484848484849,66,0.8333333333333334,66,0.8867469879518072,1245,0.8333333333333334,2
resnet50_erm,waterbirds,dfr,1,mondrian,APS,0.95,8,3,0.885140562248996,0.9220883534136546,1245,0.9090909090909091,66,0.9545454545454546,66,0.885140562248996,1245,0.885140562248996,3
resnet50_erm,waterbirds,dfr,1,mondrian,APS,0.95,9,1,0.8787878787878788,0.8819277108433735,1245,0.8787878787878788,66,1.0,66,0.9156626506024096,1245,0.8787878787878788,1
resnet50_erm,waterbirds,dfr,2,marginal_split,APS,0.95,0,1,0.8636363636363636,0.8923694779116466,1245,0.8636363636363636,66,0.9090909090909091,66,0.8730923694779117,1245,0.8636363636363636,1
resnet50_erm,waterbirds,dfr,2,marginal_split,APS,0.95,1,2,0.8636363636363636,0.9068273092369478,1245,0.9242424242424242,66,0.8636363636363636,66,0.8923694779116466,1245,0.8636363636363636,2
resnet50_erm,waterbirds,dfr,2,marginal_split,APS,0.95,2,1,0.8787878787878788,0.9116465863453815,1245,0.8787878787878788,66,0.8939393939393939,66,0.885140562248996,1245,0.8787878787878788,1
resnet50_erm,waterbirds,dfr,2,marginal_split,APS,0.95,3,1,0.8333333333333334,0.8979919678714859,1245,0.8333333333333334,66,0.8787878787878788,66,0.8835341365461847,1245,0.8333333333333334,1
resnet50_erm,waterbirds,dfr,2,marginal_split,APS,0.95,4,1,0.8939393939393939,0.908433734939759,1245,0.8939393939393939,66,0.8939393939393939,66,0.8963855421686747,1245,0.8939393939393939,1
resnet50_erm,waterbirds,dfr,2,marginal_split,APS,0.95,5,3,0.891566265060241,0.9156626506024096,1245,0.9242424242424242,66,0.9393939393939394,66,0.891566265060241,1245,0.891566265060241,3
resnet50_erm,waterbirds,dfr,2,marginal_split,APS,0.95,6,2,0.803030303030303,0.9036144578313253,1245,0.8787878787878788,66,0.803030303030303,66,0.8698795180722891,1245,0.803030303030303,2
resnet50_erm,waterbirds,dfr,2,marginal_split,APS,0.95,7,2,0.803030303030303,0.9020080321285141,1245,0.9696969696969697,66,0.803030303030303,66,0.885140562248996,1245,0.803030303030303,2
resnet50_erm,waterbirds,dfr,2,marginal_split,APS,0.95,8,2,0.7878787878787878,0.9204819277108434,1245,0.9090909090909091,66,0.7878787878787878,66,0.8987951807228916,1245,0.7878787878787878,2
resnet50_erm,waterbirds,dfr,2,marginal_split,APS,0.95,9,3,0.8738955823293173,0.8867469879518072,1245,0.8787878787878788,66,0.9393939393939394,66,0.8738955823293173,1245,0.8738955823293173,3
resnet50_erm,waterbirds,dfr,2,mondrian,APS,0.95,0,0,0.8835341365461847,0.8835341365461847,1245,0.9393939393939394,66,0.9393939393939394,66,0.8835341365461847,1245,0.8835341365461847,0
resnet50_erm,waterbirds,dfr,2,mondrian,APS,0.95,1,2,0.803030303030303,0.8891566265060241,1245,0.9242424242424242,66,0.803030303030303,66,0.9100401606425703,1245,0.803030303030303,2
resnet50_erm,waterbirds,dfr,2,mondrian,APS,0.95,2,3,0.8867469879518072,0.8979919678714859,1245,0.9090909090909091,66,0.9090909090909091,66,0.8867469879518072,1245,0.8867469879518072,3
resnet50_erm,waterbirds,dfr,2,mondrian,APS,0.95,3,1,0.8333333333333334,0.8923694779116466,1245,0.8333333333333334,66,0.8484848484848485,66,0.8867469879518072,1245,0.8333333333333334,1
resnet50_erm,waterbirds,dfr,2,mondrian,APS,0.95,4,0,0.8867469879518072,0.8867469879518072,1245,0.9090909090909091,66,0.9848484848484849,66,0.908433734939759,1245,0.8867469879518072,0
resnet50_erm,waterbirds,dfr,2,mondrian,APS,0.95,5,3,0.9004016064257028,0.9108433734939759,1245,0.9090909090909091,66,0.9848484848484849,66,0.9004016064257028,1245,0.9004016064257028,3
resnet50_erm,waterbirds,dfr,2,mondrian,APS,0.95,6,3,0.8698795180722891,0.8979919678714859,1245,0.9090909090909091,66,0.9090909090909091,66,0.8698795180722891,1245,0.8698795180722891,3
resnet50_erm,waterbirds,dfr,2,mondrian,APS,0.95,7,2,0.803030303030303,0.9020080321285141,1245,0.9848484848484849,66,0.803030303030303,66,0.885140562248996,1245,0.803030303030303,2
resnet50_erm,waterbirds,dfr,2,mondrian,APS,0.95,8,3,0.8867469879518072,0.9293172690763052,1245,0.9242424242424242,66,0.9545454545454546,66,0.8867469879518072,1245,0.8867469879518072,3
resnet50_erm,waterbirds,dfr,2,mondrian,APS,0.95,9,0,0.8658634538152611,0.8658634538152611,1245,0.8939393939393939,66,1.0,66,0.9060240963855422,1245,0.8658634538152611,0
resnet50_erm,waterbirds,afr,0,marginal_split,APS,0.95,0,3,0.8257028112449799,0.9413654618473896,1245,0.9545454545454546,66,0.8939393939393939,66,0.8257028112449799,1245,0.8257028112449799,3
resnet50_erm,waterbirds,afr,0,marginal_split,APS,0.95,1,2,0.7575757575757576,0.9606425702811245,1245,0.9545454545454546,66,0.7575757575757576,66,0.8562248995983935,1245,0.7575757575757576,2
resnet50_erm,waterbirds,afr,0,marginal_split,APS,0.95,2,2,0.7575757575757576,0.9598393574297188,1245,0.9696969696969697,66,0.7575757575757576,66,0.8409638554216867,1245,0.7575757575757576,2
resnet50_erm,waterbirds,afr,0,marginal_split,APS,0.95,3,3,0.8570281124497992,0.9542168674698795,1245,0.9090909090909091,66,0.8636363636363636,66,0.8570281124497992,1245,0.8570281124497992,3
resnet50_erm,waterbirds,afr,0,marginal_split,APS,0.95,4,2,0.8787878787878788,0.9598393574297188,1245,0.9696969696969697,66,0.8787878787878788,66,0.8819277108433735,1245,0.8787878787878788,2
resnet50_erm,waterbirds,afr,0,marginal_split,APS,0.95,5,2,0.8333333333333334,0.9566265060240964,1245,0.9696969696969697,66,0.8333333333333334,66,0.8401606425702811,1245,0.8333333333333334,2
resnet50_erm,waterbirds,afr,0,marginal_split,APS,0.95,6,2,0.7878787878787878,0.9542168674698795,1245,0.9393939393939394,66,0.7878787878787878,66,0.8176706827309237,1245,0.7878787878787878,2
resnet50_erm,waterbirds,afr,0,marginal_split,APS,0.95,7,2,0.7727272727272727,0.9590361445783132,1245,0.9545454545454546,66,0.7727272727272727,66,0.8626506024096385,1245,0.7727272727272727,2
resnet50_erm,waterbirds,afr,0,marginal_split,APS,0.95,8,3,0.8425702811244979,0.9654618473895582,1245,0.9545454545454546,66,0.8484848484848485,66,0.8425702811244979,1245,0.8425702811244979,3
resnet50_erm,waterbirds,afr,0,marginal_split,APS,0.95,9,2,0.7878787878787878,0.946987951807229,1245,0.9393939393939394,66,0.7878787878787878,66,0.8345381526104417,1245,0.7878787878787878,2
resnet50_erm,waterbirds,afr,0,mondrian,APS,0.95,0,0,0.8875502008032129,0.8875502008032129,1245,0.9242424242424242,66,0.9696969696969697,66,0.9020080321285141,1245,0.8875502008032129,0
resnet50_erm,waterbirds,afr,0,mondrian,APS,0.95,1,2,0.7575757575757576,0.891566265060241,1245,0.9393939393939394,66,0.7575757575757576,66,0.9140562248995984,1245,0.7575757575757576,2
resnet50_erm,waterbirds,afr,0,mondrian,APS,0.95,2,2,0.8636363636363636,0.9132530120481928,1245,0.9090909090909091,66,0.8636363636363636,66,0.8923694779116466,1245,0.8636363636363636,2
resnet50_erm,waterbirds,afr,0,mondrian,APS,0.95,3,1,0.8636363636363636,0.8899598393574297,1245,0.8636363636363636,66,0.9242424242424242,66,0.8979919678714859,1245,0.8636363636363636,1
resnet50_erm,waterbirds,afr,0,mondrian,APS,0.95,4,0,0.8987951807228916,0.8987951807228916,1245,0.9393939393939394,66,0.9696969696969697,66,0.9301204819277108,1245,0.8987951807228916,0
resnet50_erm,waterbirds,afr,0,mondrian,APS,0.95,5,1,0.8939393939393939,0.9164658634538153,1245,0.8939393939393939,66,0.9242424242424242,66,0.9036144578313253,1245,0.8939393939393939,1
resnet50_erm,waterbirds,afr,0,mondrian,APS,0.95,6,1,0.8484848484848485,0.8923694779116466,1245,0.8484848484848485,66,0.9242424242424242,66,0.8827309236947791,1245,0.8484848484848485,1
resnet50_erm,waterbirds,afr,0,mondrian,APS,0.95,7,2,0.8939393939393939,0.9204819277108434,1245,0.9242424242424242,66,0.8939393939393939,66,0.8979919678714859,1245,0.8939393939393939,2
resnet50_erm,waterbirds,afr,0,mondrian,APS,0.95,8,3,0.8738955823293173,0.9261044176706827,1245,0.9090909090909091,66,0.9545454545454546,66,0.8738955823293173,1245,0.8738955823293173,3
resnet50_erm,waterbirds,afr,0,mondrian,APS,0.95,9,0,0.8690763052208835,0.8690763052208835,1245,0.9242424242424242,66,0.8787878787878788,66,0.8955823293172691,1245,0.8690763052208835,0
resnet50_erm,waterbirds,afr,1,marginal_split,APS,0.95,0,3,0.8257028112449799,0.9413654618473896,1245,0.9545454545454546,66,0.8939393939393939,66,0.8257028112449799,1245,0.8257028112449799,3
resnet50_erm,waterbirds,afr,1,marginal_split,APS,0.95,1,2,0.7575757575757576,0.9606425702811245,1245,0.9545454545454546,66,0.7575757575757576,66,0.8562248995983935,1245,0.7575757575757576,2
resnet50_erm,waterbirds,afr,1,marginal_split,APS,0.95,2,2,0.7575757575757576,0.9598393574297188,1245,0.9696969696969697,66,0.7575757575757576,66,0.8409638554216867,1245,0.7575757575757576,2
resnet50_erm,waterbirds,afr,1,marginal_split,APS,0.95,3,3,0.8570281124497992,0.9542168674698795,1245,0.9090909090909091,66,0.8636363636363636,66,0.8570281124497992,1245,0.8570281124497992,3
resnet50_erm,waterbirds,afr,1,marginal_split,APS,0.95,4,2,0.8787878787878788,0.9598393574297188,1245,0.9696969696969697,66,0.8787878787878788,66,0.8819277108433735,1245,0.8787878787878788,2
resnet50_erm,waterbirds,afr,1,marginal_split,APS,0.95,5,2,0.8333333333333334,0.9566265060240964,1245,0.9696969696969697,66,0.8333333333333334,66,0.8401606425702811,1245,0.8333333333333334,2
resnet50_erm,waterbirds,afr,1,marginal_split,APS,0.95,6,2,0.7878787878787878,0.9542168674698795,1245,0.9393939393939394,66,0.7878787878787878,66,0.8176706827309237,1245,0.7878787878787878,2
resnet50_erm,waterbirds,afr,1,marginal_split,APS,0.95,7,2,0.7727272727272727,0.9590361445783132,1245,0.9545454545454546,66,0.7727272727272727,66,0.8626506024096385,1245,0.7727272727272727,2
resnet50_erm,waterbirds,afr,1,marginal_split,APS,0.95,8,3,0.8425702811244979,0.9654618473895582,1245,0.9545454545454546,66,0.8484848484848485,66,0.8425702811244979,1245,0.8425702811244979,3
resnet50_erm,waterbirds,afr,1,marginal_split,APS,0.95,9,2,0.7878787878787878,0.946987951807229,1245,0.9393939393939394,66,0.7878787878787878,66,0.8345381526104417,1245,0.7878787878787878,2
resnet50_erm,waterbirds,afr,1,mondrian,APS,0.95,0,0,0.8875502008032129,0.8875502008032129,1245,0.9242424242424242,66,0.9696969696969697,66,0.9020080321285141,1245,0.8875502008032129,0
resnet50_erm,waterbirds,afr,1,mondrian,APS,0.95,1,2,0.7575757575757576,0.891566265060241,1245,0.9393939393939394,66,0.7575757575757576,66,0.9140562248995984,1245,0.7575757575757576,2
resnet50_erm,waterbirds,afr,1,mondrian,APS,0.95,2,2,0.8636363636363636,0.9132530120481928,1245,0.9090909090909091,66,0.8636363636363636,66,0.8923694779116466,1245,0.8636363636363636,2
resnet50_erm,waterbirds,afr,1,mondrian,APS,0.95,3,1,0.8636363636363636,0.8899598393574297,1245,0.8636363636363636,66,0.9242424242424242,66,0.8979919678714859,1245,0.8636363636363636,1
resnet50_erm,waterbirds,afr,1,mondrian,APS,0.95,4,0,0.8987951807228916,0.8987951807228916,1245,0.9393939393939394,66,0.9696969696969697,66,0.9301204819277108,1245,0.8987951807228916,0
resnet50_erm,waterbirds,afr,1,mondrian,APS,0.95,5,1,0.8939393939393939,0.9164658634538153,1245,0.8939393939393939,66,0.9242424242424242,66,0.9036144578313253,1245,0.8939393939393939,1
resnet50_erm,waterbirds,afr,1,mondrian,APS,0.95,6,1,0.8484848484848485,0.8923694779116466,1245,0.8484848484848485,66,0.9242424242424242,66,0.8827309236947791,1245,0.8484848484848485,1
resnet50_erm,waterbirds,afr,1,mondrian,APS,0.95,7,2,0.8939393939393939,0.9204819277108434,1245,0.9242424242424242,66,0.8939393939393939,66,0.8979919678714859,1245,0.8939393939393939,2
resnet50_erm,waterbirds,afr,1,mondrian,APS,0.95,8,3,0.8738955823293173,0.9261044176706827,1245,0.9090909090909091,66,0.9545454545454546,66,0.8738955823293173,1245,0.8738955823293173,3
resnet50_erm,waterbirds,afr,1,mondrian,APS,0.95,9,0,0.8690763052208835,0.8690763052208835,1245,0.9242424242424242,66,0.8787878787878788,66,0.8955823293172691,1245,0.8690763052208835,0
resnet50_erm,waterbirds,afr,2,marginal_split,APS,0.95,0,3,0.8257028112449799,0.9413654618473896,1245,0.9545454545454546,66,0.8939393939393939,66,0.8257028112449799,1245,0.8257028112449799,3
resnet50_erm,waterbirds,afr,2,marginal_split,APS,0.95,1,2,0.7575757575757576,0.9606425702811245,1245,0.9545454545454546,66,0.7575757575757576,66,0.8562248995983935,1245,0.7575757575757576,2
resnet50_erm,waterbirds,afr,2,marginal_split,APS,0.95,2,2,0.7575757575757576,0.9598393574297188,1245,0.9696969696969697,66,0.7575757575757576,66,0.8409638554216867,1245,0.7575757575757576,2
resnet50_erm,waterbirds,afr,2,marginal_split,APS,0.95,3,3,0.8570281124497992,0.9542168674698795,1245,0.9090909090909091,66,0.8636363636363636,66,0.8570281124497992,1245,0.8570281124497992,3
resnet50_erm,waterbirds,afr,2,marginal_split,APS,0.95,4,2,0.8787878787878788,0.9598393574297188,1245,0.9696969696969697,66,0.8787878787878788,66,0.8819277108433735,1245,0.8787878787878788,2
resnet50_erm,waterbirds,afr,2,marginal_split,APS,0.95,5,2,0.8333333333333334,0.9566265060240964,1245,0.9696969696969697,66,0.8333333333333334,66,0.8401606425702811,1245,0.8333333333333334,2
resnet50_erm,waterbirds,afr,2,marginal_split,APS,0.95,6,2,0.7878787878787878,0.9542168674698795,1245,0.9393939393939394,66,0.7878787878787878,66,0.8176706827309237,1245,0.7878787878787878,2
resnet50_erm,waterbirds,afr,2,marginal_split,APS,0.95,7,2,0.7727272727272727,0.9590361445783132,1245,0.9545454545454546,66,0.7727272727272727,66,0.8626506024096385,1245,0.7727272727272727,2
resnet50_erm,waterbirds,afr,2,marginal_split,APS,0.95,8,3,0.8425702811244979,0.9654618473895582,1245,0.9545454545454546,66,0.8484848484848485,66,0.8425702811244979,1245,0.8425702811244979,3
resnet50_erm,waterbirds,afr,2,marginal_split,APS,0.95,9,2,0.7878787878787878,0.946987951807229,1245,0.9393939393939394,66,0.7878787878787878,66,0.8345381526104417,1245,0.7878787878787878,2
resnet50_erm,waterbirds,afr,2,mondrian,APS,0.95,0,0,0.8875502008032129,0.8875502008032129,1245,0.9242424242424242,66,0.9696969696969697,66,0.9020080321285141,1245,0.8875502008032129,0
resnet50_erm,waterbirds,afr,2,mondrian,APS,0.95,1,2,0.7575757575757576,0.891566265060241,1245,0.9393939393939394,66,0.7575757575757576,66,0.9140562248995984,1245,0.7575757575757576,2
resnet50_erm,waterbirds,afr,2,mondrian,APS,0.95,2,2,0.8636363636363636,0.9132530120481928,1245,0.9090909090909091,66,0.8636363636363636,66,0.8923694779116466,1245,0.8636363636363636,2
resnet50_erm,waterbirds,afr,2,mondrian,APS,0.95,3,1,0.8636363636363636,0.8899598393574297,1245,0.8636363636363636,66,0.9242424242424242,66,0.8979919678714859,1245,0.8636363636363636,1
resnet50_erm,waterbirds,afr,2,mondrian,APS,0.95,4,0,0.8987951807228916,0.8987951807228916,1245,0.9393939393939394,66,0.9696969696969697,66,0.9301204819277108,1245,0.8987951807228916,0
resnet50_erm,waterbirds,afr,2,mondrian,APS,0.95,5,1,0.8939393939393939,0.9164658634538153,1245,0.8939393939393939,66,0.9242424242424242,66,0.9036144578313253,1245,0.8939393939393939,1
resnet50_erm,waterbirds,afr,2,mondrian,APS,0.95,6,1,0.8484848484848485,0.8923694779116466,1245,0.8484848484848485,66,0.9242424242424242,66,0.8827309236947791,1245,0.8484848484848485,1
resnet50_erm,waterbirds,afr,2,mondrian,APS,0.95,7,2,0.8939393939393939,0.9204819277108434,1245,0.9242424242424242,66,0.8939393939393939,66,0.8979919678714859,1245,0.8939393939393939,2
resnet50_erm,waterbirds,afr,2,mondrian,APS,0.95,8,3,0.8738955823293173,0.9261044176706827,1245,0.9090909090909091,66,0.9545454545454546,66,0.8738955823293173,1245,0.8738955823293173,3
resnet50_erm,waterbirds,afr,2,mondrian,APS,0.95,9,0,0.8690763052208835,0.8690763052208835,1245,0.9242424242424242,66,0.8787878787878788,66,0.8955823293172691,1245,0.8690763052208835,0
resnet50_erm,waterbirds,groupdro_ll,0,marginal_split,APS,0.95,0,1,0.696969696969697,0.9140562248995984,1245,0.696969696969697,66,0.7272727272727273,66,0.8755020080321285,1245,0.696969696969697,1
resnet50_erm,waterbirds,groupdro_ll,0,marginal_split,APS,0.95,1,2,0.7121212121212122,0.9156626506024096,1245,0.803030303030303,66,0.7121212121212122,66,0.8931726907630522,1245,0.7121212121212122,2
resnet50_erm,waterbirds,groupdro_ll,0,marginal_split,APS,0.95,2,2,0.6818181818181818,0.9333333333333333,1245,0.7575757575757576,66,0.6818181818181818,66,0.8843373493975903,1245,0.6818181818181818,2
resnet50_erm,waterbirds,groupdro_ll,0,marginal_split,APS,0.95,3,2,0.7121212121212122,0.9301204819277108,1245,0.7575757575757576,66,0.7121212121212122,66,0.8931726907630522,1245,0.7121212121212122,2
resnet50_erm,waterbirds,groupdro_ll,0,marginal_split,APS,0.95,4,1,0.7424242424242424,0.9437751004016064,1245,0.7424242424242424,66,0.7424242424242424,66,0.8859437751004016,1245,0.7424242424242424,1
resnet50_erm,waterbirds,groupdro_ll,0,marginal_split,APS,0.95,5,2,0.7878787878787878,0.9365461847389558,1245,0.8636363636363636,66,0.7878787878787878,66,0.8891566265060241,1245,0.7878787878787878,2
resnet50_erm,waterbirds,groupdro_ll,0,marginal_split,APS,0.95,6,2,0.6212121212121212,0.9236947791164659,1245,0.8181818181818182,66,0.6212121212121212,66,0.8698795180722891,1245,0.6212121212121212,2
resnet50_erm,waterbirds,groupdro_ll,0,marginal_split,APS,0.95,7,2,0.7272727272727273,0.9253012048192771,1245,0.7727272727272727,66,0.7272727272727273,66,0.8803212851405623,1245,0.7272727272727273,2
resnet50_erm,waterbirds,groupdro_ll,0,marginal_split,APS,0.95,8,2,0.6818181818181818,0.9317269076305221,1245,0.7878787878787878,66,0.6818181818181818,66,0.8763052208835341,1245,0.6818181818181818,2
resnet50_erm,waterbirds,groupdro_ll,0,marginal_split,APS,0.95,9,2,0.7575757575757576,0.9132530120481928,1245,0.803030303030303,66,0.7575757575757576,66,0.8843373493975903,1245,0.7575757575757576,2
resnet50_erm,waterbirds,groupdro_ll,0,mondrian,APS,0.95,0,3,0.8779116465863454,0.8979919678714859,1245,0.8787878787878788,66,0.9545454545454546,66,0.8779116465863454,1245,0.8779116465863454,3
resnet50_erm,waterbirds,groupdro_ll,0,mondrian,APS,0.95,1,2,0.7727272727272727,0.8843373493975903,1245,0.8939393939393939,66,0.7727272727272727,66,0.9188755020080321,1245,0.7727272727272727,2
resnet50_erm,waterbirds,groupdro_ll,0,mondrian,APS,0.95,2,3,0.8955823293172691,0.8979919678714859,1245,0.9848484848484849,66,0.9393939393939394,66,0.8955823293172691,1245,0.8955823293172691,3
resnet50_erm,waterbirds,groupdro_ll,0,mondrian,APS,0.95,3,0,0.8875502008032129,0.8875502008032129,1245,0.9242424242424242,66,0.8939393939393939,66,0.9116465863453815,1245,0.8875502008032129,0
resnet50_erm,waterbirds,groupdro_ll,0,mondrian,APS,0.95,4,3,0.8955823293172691,0.9156626506024096,1245,0.9545454545454546,66,0.9545454545454546,66,0.8955823293172691,1245,0.8955823293172691,3
resnet50_erm,waterbirds,groupdro_ll,0,mondrian,APS,0.95,5,3,0.8931726907630522,0.9172690763052209,1245,0.9545454545454546,66,0.9393939393939394,66,0.8931726907630522,1245,0.8931726907630522,3
resnet50_erm,waterbirds,groupdro_ll,0,mondrian,APS,0.95,6,2,0.8484848484848485,0.9108433734939759,1245,0.8787878787878788,66,0.8484848484848485,66,0.8795180722891566,1245,0.8484848484848485,2
resnet50_erm,waterbirds,groupdro_ll,0,mondrian,APS,0.95,7,3,0.8803212851405623,0.9116465863453815,1245,0.9393939393939394,66,0.9090909090909091,66,0.8803212851405623,1245,0.8803212851405623,3
resnet50_erm,waterbirds,groupdro_ll,0,mondrian,APS,0.95,8,3,0.8690763052208835,0.9204819277108434,1245,0.8787878787878788,66,0.9090909090909091,66,0.8690763052208835,1245,0.8690763052208835,3
resnet50_erm,waterbirds,groupdro_ll,0,mondrian,APS,0.95,9,0,0.8875502008032129,0.8875502008032129,1245,0.8939393939393939,66,0.8939393939393939,66,0.9060240963855422,1245,0.8875502008032129,0
resnet50_erm,waterbirds,groupdro_ll,1,marginal_split,APS,0.95,0,1,0.696969696969697,0.9172690763052209,1245,0.696969696969697,66,0.7272727272727273,66,0.8755020080321285,1245,0.696969696969697,1
resnet50_erm,waterbirds,groupdro_ll,1,marginal_split,APS,0.95,1,2,0.6818181818181818,0.9140562248995984,1245,0.803030303030303,66,0.6818181818181818,66,0.891566265060241,1245,0.6818181818181818,2
resnet50_erm,waterbirds,groupdro_ll,1,marginal_split,APS,0.95,2,2,0.696969696969697,0.9333333333333333,1245,0.7575757575757576,66,0.696969696969697,66,0.8859437751004016,1245,0.696969696969697,2
resnet50_erm,waterbirds,groupdro_ll,1,marginal_split,APS,0.95,3,2,0.696969696969697,0.927710843373494,1245,0.7575757575757576,66,0.696969696969697,66,0.8923694779116466,1245,0.696969696969697,2
resnet50_erm,waterbirds,groupdro_ll,1,marginal_split,APS,0.95,4,2,0.7272727272727273,0.9437751004016064,1245,0.7424242424242424,66,0.7272727272727273,66,0.8859437751004016,1245,0.7272727272727273,2
resnet50_erm,waterbirds,groupdro_ll,1,marginal_split,APS,0.95,5,2,0.7727272727272727,0.9389558232931727,1245,0.8636363636363636,66,0.7727272727272727,66,0.8883534136546185,1245,0.7727272727272727,2
resnet50_erm,waterbirds,groupdro_ll,1,marginal_split,APS,0.95,6,2,0.6060606060606061,0.9228915662650602,1245,0.8181818181818182,66,0.6060606060606061,66,0.8706827309236947,1245,0.6060606060606061,2
resnet50_erm,waterbirds,groupdro_ll,1,marginal_split,APS,0.95,7,2,0.7424242424242424,0.9261044176706827,1245,0.7727272727272727,66,0.7424242424242424,66,0.8811244979919679,1245,0.7424242424242424,2
resnet50_erm,waterbirds,groupdro_ll,1,marginal_split,APS,0.95,8,2,0.6666666666666666,0.9293172690763052,1245,0.803030303030303,66,0.6666666666666666,66,0.8746987951807229,1245,0.6666666666666666,2
resnet50_erm,waterbirds,groupdro_ll,1,marginal_split,APS,0.95,9,2,0.7575757575757576,0.9140562248995984,1245,0.803030303030303,66,0.7575757575757576,66,0.885140562248996,1245,0.7575757575757576,2
resnet50_erm,waterbirds,groupdro_ll,1,mondrian,APS,0.95,0,1,0.8636363636363636,0.8987951807228916,1245,0.8636363636363636,66,0.9545454545454546,66,0.8763052208835341,1245,0.8636363636363636,1
resnet50_erm,waterbirds,groupdro_ll,1,mondrian,APS,0.95,1,2,0.8333333333333334,0.8843373493975903,1245,0.8787878787878788,66,0.8333333333333334,66,0.921285140562249,1245,0.8333333333333334,2
resnet50_erm,waterbirds,groupdro_ll,1,mondrian,APS,0.95,2,3,0.8939759036144578,0.8979919678714859,1245,0.9696969696969697,66,0.9393939393939394,66,0.8939759036144578,1245,0.8939759036144578,3
resnet50_erm,waterbirds,groupdro_ll,1,mondrian,APS,0.95,3,0,0.8843373493975903,0.8843373493975903,1245,0.9242424242424242,66,0.8939393939393939,66,0.9108433734939759,1245,0.8843373493975903,0
resnet50_erm,waterbirds,groupdro_ll,1,mondrian,APS,0.95,4,3,0.8899598393574297,0.9236947791164659,1245,0.9545454545454546,66,0.9393939393939394,66,0.8899598393574297,1245,0.8899598393574297,3
resnet50_erm,waterbirds,groupdro_ll,1,mondrian,APS,0.95,5,3,0.8947791164658635,0.9140562248995984,1245,0.9393939393939394,66,0.9545454545454546,66,0.8947791164658635,1245,0.8947791164658635,3
resnet50_erm,waterbirds,groupdro_ll,1,mondrian,APS,0.95,6,3,0.8771084337349397,0.9116465863453815,1245,0.8787878787878788,66,0.8939393939393939,66,0.8771084337349397,1245,0.8771084337349397,3
resnet50_erm,waterbirds,groupdro_ll,1,mondrian,APS,0.95,7,3,0.8811244979919679,0.9132530120481928,1245,0.9242424242424242,66,0.9090909090909091,66,0.8811244979919679,1245,0.8811244979919679,3
resnet50_erm,waterbirds,groupdro_ll,1,mondrian,APS,0.95,8,3,0.8674698795180723,0.9164658634538153,1245,0.8787878787878788,66,0.9393939393939394,66,0.8674698795180723,1245,0.8674698795180723,3
resnet50_erm,waterbirds,groupdro_ll,1,mondrian,APS,0.95,9,1,0.8787878787878788,0.8875502008032129,1245,0.8787878787878788,66,0.8939393939393939,66,0.9044176706827309,1245,0.8787878787878788,1
resnet50_erm,waterbirds,groupdro_ll,2,marginal_split,APS,0.95,0,1,0.696969696969697,0.9196787148594378,1245,0.696969696969697,66,0.7272727272727273,66,0.8755020080321285,1245,0.696969696969697,1
resnet50_erm,waterbirds,groupdro_ll,2,marginal_split,APS,0.95,1,2,0.6818181818181818,0.9164658634538153,1245,0.8181818181818182,66,0.6818181818181818,66,0.8907630522088353,1245,0.6818181818181818,2
resnet50_erm,waterbirds,groupdro_ll,2,marginal_split,APS,0.95,2,2,0.696969696969697,0.9325301204819277,1245,0.7575757575757576,66,0.696969696969697,66,0.8811244979919679,1245,0.696969696969697,2
resnet50_erm,waterbirds,groupdro_ll,2,marginal_split,APS,0.95,3,2,0.696969696969697,0.9285140562248996,1245,0.7575757575757576,66,0.696969696969697,66,0.8939759036144578,1245,0.696969696969697,2
resnet50_erm,waterbirds,groupdro_ll,2,marginal_split,APS,0.95,4,2,0.7272727272727273,0.9437751004016064,1245,0.7424242424242424,66,0.7272727272727273,66,0.8835341365461847,1245,0.7272727272727273,2
resnet50_erm,waterbirds,groupdro_ll,2,marginal_split,APS,0.95,5,2,0.7727272727272727,0.9365461847389558,1245,0.8484848484848485,66,0.7727272727272727,66,0.8867469879518072,1245,0.7727272727272727,2
resnet50_erm,waterbirds,groupdro_ll,2,marginal_split,APS,0.95,6,2,0.6212121212121212,0.9253012048192771,1245,0.8181818181818182,66,0.6212121212121212,66,0.8706827309236947,1245,0.6212121212121212,2
resnet50_erm,waterbirds,groupdro_ll,2,marginal_split,APS,0.95,7,2,0.7272727272727273,0.9293172690763052,1245,0.7727272727272727,66,0.7272727272727273,66,0.8803212851405623,1245,0.7272727272727273,2
resnet50_erm,waterbirds,groupdro_ll,2,marginal_split,APS,0.95,8,2,0.6515151515151515,0.934136546184739,1245,0.7727272727272727,66,0.6515151515151515,66,0.8771084337349397,1245,0.6515151515151515,2
resnet50_erm,waterbirds,groupdro_ll,2,marginal_split,APS,0.95,9,2,0.7575757575757576,0.9140562248995984,1245,0.803030303030303,66,0.7575757575757576,66,0.8835341365461847,1245,0.7575757575757576,2
resnet50_erm,waterbirds,groupdro_ll,2,mondrian,APS,0.95,0,1,0.8484848484848485,0.9004016064257028,1245,0.8484848484848485,66,0.9545454545454546,66,0.8779116465863454,1245,0.8484848484848485,1
resnet50_erm,waterbirds,groupdro_ll,2,mondrian,APS,0.95,1,2,0.8181818181818182,0.8843373493975903,1245,0.8939393939393939,66,0.8181818181818182,66,0.9204819277108434,1245,0.8181818181818182,2
resnet50_erm,waterbirds,groupdro_ll,2,mondrian,APS,0.95,2,3,0.8907630522088353,0.8987951807228916,1245,0.9696969696969697,66,0.9393939393939394,66,0.8907630522088353,1245,0.8907630522088353,3
resnet50_erm,waterbirds,groupdro_ll,2,mondrian,APS,0.95,3,2,0.8787878787878788,0.8859437751004016,1245,0.9242424242424242,66,0.8787878787878788,66,0.9140562248995984,1245,0.8787878787878788,2
resnet50_erm,waterbirds,groupdro_ll,2,mondrian,APS,0.95,4,3,0.8931726907630522,0.9236947791164659,1245,0.9545454545454546,66,0.9545454545454546,66,0.8931726907630522,1245,0.8931726907630522,3
resnet50_erm,waterbirds,groupdro_ll,2,mondrian,APS,0.95,5,3,0.8939759036144578,0.9124497991967871,1245,0.9393939393939394,66,0.9696969696969697,66,0.8939759036144578,1245,0.8939759036144578,3
resnet50_erm,waterbirds,groupdro_ll,2,mondrian,APS,0.95,6,2,0.8636363636363636,0.9100401606425703,1245,0.8787878787878788,66,0.8636363636363636,66,0.8795180722891566,1245,0.8636363636363636,2
resnet50_erm,waterbirds,groupdro_ll,2,mondrian,APS,0.95,7,2,0.8787878787878788,0.914859437751004,1245,0.9393939393939394,66,0.8787878787878788,66,0.8811244979919679,1245,0.8787878787878788,2
resnet50_erm,waterbirds,groupdro_ll,2,mondrian,APS,0.95,8,3,0.8722891566265061,0.9164658634538153,1245,0.8787878787878788,66,0.9545454545454546,66,0.8722891566265061,1245,0.8722891566265061,3
resnet50_erm,waterbirds,groupdro_ll,2,mondrian,APS,0.95,9,0,0.8883534136546185,0.8883534136546185,1245,0.8939393939393939,66,0.8939393939393939,66,0.9036144578313253,1245,0.8883534136546185,0
resnet50_erm,waterbirds,balanced_subsample,0,marginal_split,APS,0.95,0,2,0.7121212121212122,0.9164658634538153,1245,0.7575757575757576,66,0.7121212121212122,66,0.8698795180722891,1245,0.7121212121212122,2
resnet50_erm,waterbirds,balanced_subsample,0,marginal_split,APS,0.95,1,2,0.696969696969697,0.9156626506024096,1245,0.8484848484848485,66,0.696969696969697,66,0.8666666666666667,1245,0.696969696969697,2
resnet50_erm,waterbirds,balanced_subsample,0,marginal_split,APS,0.95,2,2,0.6515151515151515,0.9373493975903614,1245,0.8484848484848485,66,0.6515151515151515,66,0.8698795180722891,1245,0.6515151515151515,2
resnet50_erm,waterbirds,balanced_subsample,0,marginal_split,APS,0.95,3,2,0.7272727272727273,0.9253012048192771,1245,0.7424242424242424,66,0.7272727272727273,66,0.8578313253012049,1245,0.7272727272727273,2
resnet50_erm,waterbirds,balanced_subsample,0,marginal_split,APS,0.95,4,2,0.7424242424242424,0.9373493975903614,1245,0.8181818181818182,66,0.7424242424242424,66,0.8730923694779117,1245,0.7424242424242424,2
resnet50_erm,waterbirds,balanced_subsample,0,marginal_split,APS,0.95,5,2,0.803030303030303,0.9333333333333333,1245,0.8787878787878788,66,0.803030303030303,66,0.8979919678714859,1245,0.803030303030303,2
resnet50_erm,waterbirds,balanced_subsample,0,marginal_split,APS,0.95,6,2,0.6363636363636364,0.9261044176706827,1245,0.8181818181818182,66,0.6363636363636364,66,0.8562248995983935,1245,0.6363636363636364,2
resnet50_erm,waterbirds,balanced_subsample,0,marginal_split,APS,0.95,7,2,0.7878787878787878,0.934136546184739,1245,0.8939393939393939,66,0.7878787878787878,66,0.8835341365461847,1245,0.7878787878787878,2
resnet50_erm,waterbirds,balanced_subsample,0,marginal_split,APS,0.95,8,2,0.6363636363636364,0.9461847389558233,1245,0.8636363636363636,66,0.6363636363636364,66,0.9004016064257028,1245,0.6363636363636364,2
resnet50_erm,waterbirds,balanced_subsample,0,marginal_split,APS,0.95,9,2,0.7575757575757576,0.9068273092369478,1245,0.8333333333333334,66,0.7575757575757576,66,0.8634538152610441,1245,0.7575757575757576,2
resnet50_erm,waterbirds,balanced_subsample,0,mondrian,APS,0.95,0,1,0.8181818181818182,0.8875502008032129,1245,0.8181818181818182,66,0.9242424242424242,66,0.8827309236947791,1245,0.8181818181818182,1
resnet50_erm,waterbirds,balanced_subsample,0,mondrian,APS,0.95,1,2,0.8787878787878788,0.8875502008032129,1245,0.9090909090909091,66,0.8787878787878788,66,0.8843373493975903,1245,0.8787878787878788,2
resnet50_erm,waterbirds,balanced_subsample,0,mondrian,APS,0.95,2,3,0.8771084337349397,0.9076305220883534,1245,0.9242424242424242,66,0.8939393939393939,66,0.8771084337349397,1245,0.8771084337349397,3
resnet50_erm,waterbirds,balanced_subsample,0,mondrian,APS,0.95,3,3,0.8698795180722891,0.8867469879518072,1245,0.9242424242424242,66,0.9545454545454546,66,0.8698795180722891,1245,0.8698795180722891,3
resnet50_erm,waterbirds,balanced_subsample,0,mondrian,APS,0.95,4,3,0.8835341365461847,0.9044176706827309,1245,0.9090909090909091,66,0.9242424242424242,66,0.8835341365461847,1245,0.8835341365461847,3
resnet50_erm,waterbirds,balanced_subsample,0,mondrian,APS,0.95,5,0,0.908433734939759,0.908433734939759,1245,0.9545454545454546,66,0.9545454545454546,66,0.9269076305220884,1245,0.908433734939759,0
resnet50_erm,waterbirds,balanced_subsample,0,mondrian,APS,0.95,6,3,0.8602409638554217,0.9132530120481928,1245,0.8787878787878788,66,1.0,66,0.8602409638554217,1245,0.8602409638554217,3
resnet50_erm,waterbirds,balanced_subsample,0,mondrian,APS,0.95,7,2,0.8636363636363636,0.9028112449799197,1245,0.9393939393939394,66,0.8636363636363636,66,0.9052208835341365,1245,0.8636363636363636,2
resnet50_erm,waterbirds,balanced_subsample,0,mondrian,APS,0.95,8,3,0.9036144578313253,0.9244979919678715,1245,0.9393939393939394,66,0.9090909090909091,66,0.9036144578313253,1245,0.9036144578313253,3
resnet50_erm,waterbirds,balanced_subsample,0,mondrian,APS,0.95,9,0,0.878714859437751,0.878714859437751,1245,0.9393939393939394,66,0.9696969696969697,66,0.8947791164658635,1245,0.878714859437751,0
resnet50_erm,waterbirds,balanced_subsample,1,marginal_split,APS,0.95,0,2,0.6666666666666666,0.9293172690763052,1245,0.7424242424242424,66,0.6666666666666666,66,0.8626506024096385,1245,0.6666666666666666,2
resnet50_erm,waterbirds,balanced_subsample,1,marginal_split,APS,0.95,1,2,0.6515151515151515,0.9228915662650602,1245,0.8939393939393939,66,0.6515151515151515,66,0.8947791164658635,1245,0.6515151515151515,2
resnet50_erm,waterbirds,balanced_subsample,1,marginal_split,APS,0.95,2,2,0.696969696969697,0.9333333333333333,1245,0.8636363636363636,66,0.696969696969697,66,0.8738955823293173,1245,0.696969696969697,2
resnet50_erm,waterbirds,balanced_subsample,1,marginal_split,APS,0.95,3,1,0.7575757575757576,0.9293172690763052,1245,0.7575757575757576,66,0.7575757575757576,66,0.8497991967871485,1245,0.7575757575757576,1
resnet50_erm,waterbirds,balanced_subsample,1,marginal_split,APS,0.95,4,2,0.6666666666666666,0.940562248995984,1245,0.8181818181818182,66,0.6666666666666666,66,0.8538152610441767,1245,0.6666666666666666,2
resnet50_erm,waterbirds,balanced_subsample,1,marginal_split,APS,0.95,5,2,0.803030303030303,0.940562248995984,1245,0.8787878787878788,66,0.803030303030303,66,0.8803212851405623,1245,0.803030303030303,2
resnet50_erm,waterbirds,balanced_subsample,1,marginal_split,APS,0.95,6,2,0.6818181818181818,0.9285140562248996,1245,0.803030303030303,66,0.6818181818181818,66,0.8530120481927711,1245,0.6818181818181818,2
resnet50_erm,waterbirds,balanced_subsample,1,marginal_split,APS,0.95,7,2,0.7878787878787878,0.9413654618473896,1245,0.8636363636363636,66,0.7878787878787878,66,0.8698795180722891,1245,0.7878787878787878,2
resnet50_erm,waterbirds,balanced_subsample,1,marginal_split,APS,0.95,8,2,0.6363636363636364,0.9550200803212852,1245,0.8181818181818182,66,0.6363636363636364,66,0.8987951807228916,1245,0.6363636363636364,2
resnet50_erm,waterbirds,balanced_subsample,1,marginal_split,APS,0.95,9,2,0.7121212121212122,0.9116465863453815,1245,0.8333333333333334,66,0.7121212121212122,66,0.8771084337349397,1245,0.7121212121212122,2
resnet50_erm,waterbirds,balanced_subsample,1,mondrian,APS,0.95,0,1,0.8484848484848485,0.8987951807228916,1245,0.8484848484848485,66,0.8787878787878788,66,0.8779116465863454,1245,0.8484848484848485,1
resnet50_erm,waterbirds,balanced_subsample,1,mondrian,APS,0.95,1,2,0.8484848484848485,0.8827309236947791,1245,0.8636363636363636,66,0.8484848484848485,66,0.9269076305220884,1245,0.8484848484848485,2
resnet50_erm,waterbirds,balanced_subsample,1,mondrian,APS,0.95,2,2,0.8939393939393939,0.8947791164658635,1245,0.9242424242424242,66,0.8939393939393939,66,0.8939759036144578,1245,0.8939393939393939,2
resnet50_erm,waterbirds,balanced_subsample,1,mondrian,APS,0.95,3,3,0.8650602409638555,0.8923694779116466,1245,0.9090909090909091,66,0.9545454545454546,66,0.8650602409638555,1245,0.8650602409638555,3
resnet50_erm,waterbirds,balanced_subsample,1,mondrian,APS,0.95,4,3,0.8811244979919679,0.908433734939759,1245,0.9393939393939394,66,0.9242424242424242,66,0.8811244979919679,1245,0.8811244979919679,3
resnet50_erm,waterbirds,balanced_subsample,1,mondrian,APS,0.95,5,3,0.8979919678714859,0.9156626506024096,1245,0.9545454545454546,66,0.9545454545454546,66,0.8979919678714859,1245,0.8979919678714859,3
resnet50_erm,waterbirds,balanced_subsample,1,mondrian,APS,0.95,6,1,0.8636363636363636,0.908433734939759,1245,0.8636363636363636,66,1.0,66,0.8738955823293173,1245,0.8636363636363636,1
resnet50_erm,waterbirds,balanced_subsample,1,mondrian,APS,0.95,7,2,0.8636363636363636,0.9116465863453815,1245,1.0,66,0.8636363636363636,66,0.891566265060241,1245,0.8636363636363636,2
resnet50_erm,waterbirds,balanced_subsample,1,mondrian,APS,0.95,8,1,0.8939393939393939,0.9293172690763052,1245,0.8939393939393939,66,0.9393939393939394,66,0.9156626506024096,1245,0.8939393939393939,1
resnet50_erm,waterbirds,balanced_subsample,1,mondrian,APS,0.95,9,0,0.8771084337349397,0.8771084337349397,1245,0.9090909090909091,66,0.9545454545454546,66,0.9140562248995984,1245,0.8771084337349397,0
resnet50_erm,waterbirds,balanced_subsample,2,marginal_split,APS,0.95,0,2,0.7121212121212122,0.9293172690763052,1245,0.7727272727272727,66,0.7121212121212122,66,0.8602409638554217,1245,0.7121212121212122,2
resnet50_erm,waterbirds,balanced_subsample,2,marginal_split,APS,0.95,1,2,0.696969696969697,0.9236947791164659,1245,0.8636363636363636,66,0.696969696969697,66,0.8714859437751004,1245,0.696969696969697,2
resnet50_erm,waterbirds,balanced_subsample,2,marginal_split,APS,0.95,2,2,0.7272727272727273,0.9357429718875502,1245,0.8636363636363636,66,0.7272727272727273,66,0.8602409638554217,1245,0.7272727272727273,2
resnet50_erm,waterbirds,balanced_subsample,2,marginal_split,APS,0.95,3,2,0.7121212121212122,0.927710843373494,1245,0.7424242424242424,66,0.7121212121212122,66,0.8578313253012049,1245,0.7121212121212122,2
resnet50_erm,waterbirds,balanced_subsample,2,marginal_split,APS,0.95,4,2,0.6666666666666666,0.944578313253012,1245,0.8636363636363636,66,0.6666666666666666,66,0.8690763052208835,1245,0.6666666666666666,2
resnet50_erm,waterbirds,balanced_subsample,2,marginal_split,APS,0.95,5,2,0.7727272727272727,0.940562248995984,1245,0.8636363636363636,66,0.7727272727272727,66,0.8883534136546185,1245,0.7727272727272727,2
resnet50_erm,waterbirds,balanced_subsample,2,marginal_split,APS,0.95,6,2,0.6666666666666666,0.9301204819277108,1245,0.8333333333333334,66,0.6666666666666666,66,0.8578313253012049,1245,0.6666666666666666,2
resnet50_erm,waterbirds,balanced_subsample,2,marginal_split,APS,0.95,7,2,0.7575757575757576,0.9389558232931727,1245,0.8636363636363636,66,0.7575757575757576,66,0.8746987951807229,1245,0.7575757575757576,2
resnet50_erm,waterbirds,balanced_subsample,2,marginal_split,APS,0.95,8,2,0.696969696969697,0.9421686746987952,1245,0.8484848484848485,66,0.696969696969697,66,0.8843373493975903,1245,0.696969696969697,2
resnet50_erm,waterbirds,balanced_subsample,2,marginal_split,APS,0.95,9,2,0.696969696969697,0.9156626506024096,1245,0.8484848484848485,66,0.696969696969697,66,0.8674698795180723,1245,0.696969696969697,2
resnet50_erm,waterbirds,balanced_subsample,2,mondrian,APS,0.95,0,1,0.8181818181818182,0.8995983935742972,1245,0.8181818181818182,66,0.9393939393939394,66,0.8763052208835341,1245,0.8181818181818182,1
resnet50_erm,waterbirds,balanced_subsample,2,mondrian,APS,0.95,1,1,0.8181818181818182,0.8811244979919679,1245,0.8181818181818182,66,0.8787878787878788,66,0.9020080321285141,1245,0.8181818181818182,1
resnet50_erm,waterbirds,balanced_subsample,2,mondrian,APS,0.95,2,3,0.8819277108433735,0.8971887550200803,1245,0.9545454545454546,66,0.9393939393939394,66,0.8819277108433735,1245,0.8819277108433735,3
resnet50_erm,waterbirds,balanced_subsample,2,mondrian,APS,0.95,3,3,0.878714859437751,0.8875502008032129,1245,0.9090909090909091,66,0.9696969696969697,66,0.878714859437751,1245,0.878714859437751,3
resnet50_erm,waterbirds,balanced_subsample,2,mondrian,APS,0.95,4,3,0.885140562248996,0.9124497991967871,1245,0.9393939393939394,66,0.9090909090909091,66,0.885140562248996,1245,0.885140562248996,3
resnet50_erm,waterbirds,balanced_subsample,2,mondrian,APS,0.95,5,0,0.9100401606425703,0.9100401606425703,1245,0.9393939393939394,66,0.9545454545454546,66,0.9116465863453815,1245,0.9100401606425703,0
resnet50_erm,waterbirds,balanced_subsample,2,mondrian,APS,0.95,6,3,0.8755020080321285,0.9116465863453815,1245,0.8939393939393939,66,1.0,66,0.8755020080321285,1245,0.8755020080321285,3
resnet50_erm,waterbirds,balanced_subsample,2,mondrian,APS,0.95,7,2,0.8787878787878788,0.8963855421686747,1245,1.0,66,0.8787878787878788,66,0.8987951807228916,1245,0.8787878787878788,2
resnet50_erm,waterbirds,balanced_subsample,2,mondrian,APS,0.95,8,3,0.8995983935742972,0.9172690763052209,1245,0.9242424242424242,66,0.9242424242424242,66,0.8995983935742972,1245,0.8995983935742972,3
resnet50_erm,waterbirds,balanced_subsample,2,mondrian,APS,0.95,9,0,0.878714859437751,0.878714859437751,1245,0.9242424242424242,66,0.9545454545454546,66,0.8979919678714859,1245,0.878714859437751,0
clip_vitb32,waterbirds,erm,0,marginal_split,APS,0.95,0,2,0.5909090909090909,0.9518072289156626,1245,0.6666666666666666,66,0.5909090909090909,66,0.9052208835341365,1245,0.5909090909090909,2
clip_vitb32,waterbirds,erm,0,marginal_split,APS,0.95,1,2,0.48484848484848486,0.9236947791164659,1245,0.7272727272727273,66,0.48484848484848486,66,0.8666666666666667,1245,0.48484848484848486,2
clip_vitb32,waterbirds,erm,0,marginal_split,APS,0.95,2,2,0.5,0.934136546184739,1245,0.6060606060606061,66,0.5,66,0.8987951807228916,1245,0.5,2
clip_vitb32,waterbirds,erm,0,marginal_split,APS,0.95,3,2,0.5303030303030303,0.9381526104417671,1245,0.7727272727272727,66,0.5303030303030303,66,0.8859437751004016,1245,0.5303030303030303,2
clip_vitb32,waterbirds,erm,0,marginal_split,APS,0.95,4,2,0.45454545454545453,0.9309236947791165,1245,0.6363636363636364,66,0.45454545454545453,66,0.8570281124497992,1245,0.45454545454545453,2
clip_vitb32,waterbirds,erm,0,marginal_split,APS,0.95,5,2,0.5151515151515151,0.934136546184739,1245,0.7727272727272727,66,0.5151515151515151,66,0.8867469879518072,1245,0.5151515151515151,2
clip_vitb32,waterbirds,erm,0,marginal_split,APS,0.95,6,2,0.4696969696969697,0.9365461847389558,1245,0.7424242424242424,66,0.4696969696969697,66,0.8730923694779117,1245,0.4696969696969697,2
clip_vitb32,waterbirds,erm,0,marginal_split,APS,0.95,7,2,0.5757575757575758,0.9196787148594378,1245,0.7424242424242424,66,0.5757575757575758,66,0.8755020080321285,1245,0.5757575757575758,2
clip_vitb32,waterbirds,erm,0,marginal_split,APS,0.95,8,2,0.5454545454545454,0.9373493975903614,1245,0.7575757575757576,66,0.5454545454545454,66,0.885140562248996,1245,0.5454545454545454,2
clip_vitb32,waterbirds,erm,0,marginal_split,APS,0.95,9,2,0.42424242424242425,0.9156626506024096,1245,0.7272727272727273,66,0.42424242424242425,66,0.8714859437751004,1245,0.42424242424242425,2
clip_vitb32,waterbirds,erm,0,mondrian,APS,0.95,0,1,0.803030303030303,0.9228915662650602,1245,0.803030303030303,66,0.8333333333333334,66,0.9036144578313253,1245,0.803030303030303,1
clip_vitb32,waterbirds,erm,0,mondrian,APS,0.95,1,2,0.8636363636363636,0.8835341365461847,1245,0.9696969696969697,66,0.8636363636363636,66,0.8923694779116466,1245,0.8636363636363636,2
clip_vitb32,waterbirds,erm,0,mondrian,APS,0.95,2,2,0.7878787878787878,0.8907630522088353,1245,0.8181818181818182,66,0.7878787878787878,66,0.9172690763052209,1245,0.7878787878787878,2
clip_vitb32,waterbirds,erm,0,mondrian,APS,0.95,3,0,0.8811244979919679,0.8811244979919679,1245,0.9545454545454546,66,0.9242424242424242,66,0.9004016064257028,1245,0.8811244979919679,0
clip_vitb32,waterbirds,erm,0,mondrian,APS,0.95,4,3,0.8433734939759037,0.9100401606425703,1245,0.9545454545454546,66,0.9545454545454546,66,0.8433734939759037,1245,0.8433734939759037,3
clip_vitb32,waterbirds,erm,0,mondrian,APS,0.95,5,2,0.8787878787878788,0.9068273092369478,1245,0.9545454545454546,66,0.8787878787878788,66,0.8843373493975903,1245,0.8787878787878788,2
clip_vitb32,waterbirds,erm,0,mondrian,APS,0.95,6,2,0.8484848484848485,0.914859437751004,1245,0.8636363636363636,66,0.8484848484848485,66,0.8755020080321285,1245,0.8484848484848485,2
clip_vitb32,waterbirds,erm,0,mondrian,APS,0.95,7,3,0.8779116465863454,0.8883534136546185,1245,0.9545454545454546,66,0.8939393939393939,66,0.8779116465863454,1245,0.8779116465863454,3
clip_vitb32,waterbirds,erm,0,mondrian,APS,0.95,8,3,0.8779116465863454,0.9156626506024096,1245,0.9393939393939394,66,0.8787878787878788,66,0.8779116465863454,1245,0.8779116465863454,3
clip_vitb32,waterbirds,erm,0,mondrian,APS,0.95,9,3,0.8779116465863454,0.8963855421686747,1245,0.9090909090909091,66,0.8939393939393939,66,0.8779116465863454,1245,0.8779116465863454,3
clip_vitb32,waterbirds,erm,1,marginal_split,APS,0.95,0,2,0.5909090909090909,0.9518072289156626,1245,0.6666666666666666,66,0.5909090909090909,66,0.9052208835341365,1245,0.5909090909090909,2
clip_vitb32,waterbirds,erm,1,marginal_split,APS,0.95,1,2,0.48484848484848486,0.9236947791164659,1245,0.7272727272727273,66,0.48484848484848486,66,0.8666666666666667,1245,0.48484848484848486,2
clip_vitb32,waterbirds,erm,1,marginal_split,APS,0.95,2,2,0.5,0.934136546184739,1245,0.6060606060606061,66,0.5,66,0.8987951807228916,1245,0.5,2
clip_vitb32,waterbirds,erm,1,marginal_split,APS,0.95,3,2,0.5303030303030303,0.9381526104417671,1245,0.7727272727272727,66,0.5303030303030303,66,0.8859437751004016,1245,0.5303030303030303,2
clip_vitb32,waterbirds,erm,1,marginal_split,APS,0.95,4,2,0.45454545454545453,0.9309236947791165,1245,0.6363636363636364,66,0.45454545454545453,66,0.8570281124497992,1245,0.45454545454545453,2
clip_vitb32,waterbirds,erm,1,marginal_split,APS,0.95,5,2,0.5151515151515151,0.934136546184739,1245,0.7727272727272727,66,0.5151515151515151,66,0.8867469879518072,1245,0.5151515151515151,2
clip_vitb32,waterbirds,erm,1,marginal_split,APS,0.95,6,2,0.4696969696969697,0.9365461847389558,1245,0.7424242424242424,66,0.4696969696969697,66,0.8730923694779117,1245,0.4696969696969697,2
clip_vitb32,waterbirds,erm,1,marginal_split,APS,0.95,7,2,0.5757575757575758,0.9196787148594378,1245,0.7424242424242424,66,0.5757575757575758,66,0.8755020080321285,1245,0.5757575757575758,2
clip_vitb32,waterbirds,erm,1,marginal_split,APS,0.95,8,2,0.5454545454545454,0.9373493975903614,1245,0.7575757575757576,66,0.5454545454545454,66,0.885140562248996,1245,0.5454545454545454,2
clip_vitb32,waterbirds,erm,1,marginal_split,APS,0.95,9,2,0.42424242424242425,0.9156626506024096,1245,0.7272727272727273,66,0.42424242424242425,66,0.8714859437751004,1245,0.42424242424242425,2
clip_vitb32,waterbirds,erm,1,mondrian,APS,0.95,0,1,0.803030303030303,0.9228915662650602,1245,0.803030303030303,66,0.8333333333333334,66,0.9036144578313253,1245,0.803030303030303,1
clip_vitb32,waterbirds,erm,1,mondrian,APS,0.95,1,2,0.8636363636363636,0.8835341365461847,1245,0.9696969696969697,66,0.8636363636363636,66,0.8923694779116466,1245,0.8636363636363636,2
clip_vitb32,waterbirds,erm,1,mondrian,APS,0.95,2,2,0.7878787878787878,0.8907630522088353,1245,0.8181818181818182,66,0.7878787878787878,66,0.9172690763052209,1245,0.7878787878787878,2
clip_vitb32,waterbirds,erm,1,mondrian,APS,0.95,3,0,0.8811244979919679,0.8811244979919679,1245,0.9545454545454546,66,0.9242424242424242,66,0.9004016064257028,1245,0.8811244979919679,0
clip_vitb32,waterbirds,erm,1,mondrian,APS,0.95,4,3,0.8433734939759037,0.9100401606425703,1245,0.9545454545454546,66,0.9545454545454546,66,0.8433734939759037,1245,0.8433734939759037,3
clip_vitb32,waterbirds,erm,1,mondrian,APS,0.95,5,2,0.8787878787878788,0.9068273092369478,1245,0.9545454545454546,66,0.8787878787878788,66,0.8843373493975903,1245,0.8787878787878788,2
clip_vitb32,waterbirds,erm,1,mondrian,APS,0.95,6,2,0.8484848484848485,0.914859437751004,1245,0.8636363636363636,66,0.8484848484848485,66,0.8755020080321285,1245,0.8484848484848485,2
clip_vitb32,waterbirds,erm,1,mondrian,APS,0.95,7,3,0.8779116465863454,0.8883534136546185,1245,0.9545454545454546,66,0.8939393939393939,66,0.8779116465863454,1245,0.8779116465863454,3
clip_vitb32,waterbirds,erm,1,mondrian,APS,0.95,8,3,0.8779116465863454,0.9156626506024096,1245,0.9393939393939394,66,0.8787878787878788,66,0.8779116465863454,1245,0.8779116465863454,3
clip_vitb32,waterbirds,erm,1,mondrian,APS,0.95,9,3,0.8779116465863454,0.8963855421686747,1245,0.9090909090909091,66,0.8939393939393939,66,0.8779116465863454,1245,0.8779116465863454,3
clip_vitb32,waterbirds,erm,2,marginal_split,APS,0.95,0,2,0.5909090909090909,0.9518072289156626,1245,0.6666666666666666,66,0.5909090909090909,66,0.9052208835341365,1245,0.5909090909090909,2
clip_vitb32,waterbirds,erm,2,marginal_split,APS,0.95,1,2,0.48484848484848486,0.9236947791164659,1245,0.7272727272727273,66,0.48484848484848486,66,0.8666666666666667,1245,0.48484848484848486,2
clip_vitb32,waterbirds,erm,2,marginal_split,APS,0.95,2,2,0.5,0.934136546184739,1245,0.6060606060606061,66,0.5,66,0.8987951807228916,1245,0.5,2
clip_vitb32,waterbirds,erm,2,marginal_split,APS,0.95,3,2,0.5303030303030303,0.9381526104417671,1245,0.7727272727272727,66,0.5303030303030303,66,0.8859437751004016,1245,0.5303030303030303,2
clip_vitb32,waterbirds,erm,2,marginal_split,APS,0.95,4,2,0.45454545454545453,0.9309236947791165,1245,0.6363636363636364,66,0.45454545454545453,66,0.8570281124497992,1245,0.45454545454545453,2
clip_vitb32,waterbirds,erm,2,marginal_split,APS,0.95,5,2,0.5151515151515151,0.934136546184739,1245,0.7727272727272727,66,0.5151515151515151,66,0.8867469879518072,1245,0.5151515151515151,2
clip_vitb32,waterbirds,erm,2,marginal_split,APS,0.95,6,2,0.4696969696969697,0.9365461847389558,1245,0.7424242424242424,66,0.4696969696969697,66,0.8730923694779117,1245,0.4696969696969697,2
clip_vitb32,waterbirds,erm,2,marginal_split,APS,0.95,7,2,0.5757575757575758,0.9196787148594378,1245,0.7424242424242424,66,0.5757575757575758,66,0.8755020080321285,1245,0.5757575757575758,2
clip_vitb32,waterbirds,erm,2,marginal_split,APS,0.95,8,2,0.5454545454545454,0.9373493975903614,1245,0.7575757575757576,66,0.5454545454545454,66,0.885140562248996,1245,0.5454545454545454,2
clip_vitb32,waterbirds,erm,2,marginal_split,APS,0.95,9,2,0.42424242424242425,0.9156626506024096,1245,0.7272727272727273,66,0.42424242424242425,66,0.8714859437751004,1245,0.42424242424242425,2
clip_vitb32,waterbirds,erm,2,mondrian,APS,0.95,0,1,0.803030303030303,0.9228915662650602,1245,0.803030303030303,66,0.8333333333333334,66,0.9036144578313253,1245,0.803030303030303,1
clip_vitb32,waterbirds,erm,2,mondrian,APS,0.95,1,2,0.8636363636363636,0.8835341365461847,1245,0.9696969696969697,66,0.8636363636363636,66,0.8923694779116466,1245,0.8636363636363636,2
clip_vitb32,waterbirds,erm,2,mondrian,APS,0.95,2,2,0.7878787878787878,0.8907630522088353,1245,0.8181818181818182,66,0.7878787878787878,66,0.9172690763052209,1245,0.7878787878787878,2
clip_vitb32,waterbirds,erm,2,mondrian,APS,0.95,3,0,0.8811244979919679,0.8811244979919679,1245,0.9545454545454546,66,0.9242424242424242,66,0.9004016064257028,1245,0.8811244979919679,0
clip_vitb32,waterbirds,erm,2,mondrian,APS,0.95,4,3,0.8433734939759037,0.9100401606425703,1245,0.9545454545454546,66,0.9545454545454546,66,0.8433734939759037,1245,0.8433734939759037,3
clip_vitb32,waterbirds,erm,2,mondrian,APS,0.95,5,2,0.8787878787878788,0.9068273092369478,1245,0.9545454545454546,66,0.8787878787878788,66,0.8843373493975903,1245,0.8787878787878788,2
clip_vitb32,waterbirds,erm,2,mondrian,APS,0.95,6,2,0.8484848484848485,0.914859437751004,1245,0.8636363636363636,66,0.8484848484848485,66,0.8755020080321285,1245,0.8484848484848485,2
clip_vitb32,waterbirds,erm,2,mondrian,APS,0.95,7,3,0.8779116465863454,0.8883534136546185,1245,0.9545454545454546,66,0.8939393939393939,66,0.8779116465863454,1245,0.8779116465863454,3
clip_vitb32,waterbirds,erm,2,mondrian,APS,0.95,8,3,0.8779116465863454,0.9156626506024096,1245,0.9393939393939394,66,0.8787878787878788,66,0.8779116465863454,1245,0.8779116465863454,3
clip_vitb32,waterbirds,erm,2,mondrian,APS,0.95,9,3,0.8779116465863454,0.8963855421686747,1245,0.9090909090909091,66,0.8939393939393939,66,0.8779116465863454,1245,0.8779116465863454,3
clip_vitb32,waterbirds,dfr,0,marginal_split,APS,0.95,0,2,0.8181818181818182,0.9044176706827309,1245,0.8636363636363636,66,0.8181818181818182,66,0.8875502008032129,1245,0.8181818181818182,2
clip_vitb32,waterbirds,dfr,0,marginal_split,APS,0.95,1,2,0.8636363636363636,0.9052208835341365,1245,0.9545454545454546,66,0.8636363636363636,66,0.8867469879518072,1245,0.8636363636363636,2
clip_vitb32,waterbirds,dfr,0,marginal_split,APS,0.95,2,3,0.8867469879518072,0.921285140562249,1245,0.8939393939393939,66,0.8939393939393939,66,0.8867469879518072,1245,0.8867469879518072,3
clip_vitb32,waterbirds,dfr,0,marginal_split,APS,0.95,3,2,0.8787878787878788,0.9140562248995984,1245,0.9393939393939394,66,0.8787878787878788,66,0.8803212851405623,1245,0.8787878787878788,2
clip_vitb32,waterbirds,dfr,0,marginal_split,APS,0.95,4,2,0.803030303030303,0.8883534136546185,1245,0.9242424242424242,66,0.803030303030303,66,0.8634538152610441,1245,0.803030303030303,2
clip_vitb32,waterbirds,dfr,0,marginal_split,APS,0.95,5,3,0.8746987951807229,0.8971887550200803,1245,0.9393939393939394,66,0.8787878787878788,66,0.8746987951807229,1245,0.8746987951807229,3
clip_vitb32,waterbirds,dfr,0,marginal_split,APS,0.95,6,3,0.8779116465863454,0.9325301204819277,1245,0.8787878787878788,66,0.8787878787878788,66,0.8779116465863454,1245,0.8779116465863454,3
clip_vitb32,waterbirds,dfr,0,marginal_split,APS,0.95,7,3,0.8811244979919679,0.9036144578313253,1245,0.9393939393939394,66,0.8939393939393939,66,0.8811244979919679,1245,0.8811244979919679,3
clip_vitb32,waterbirds,dfr,0,marginal_split,APS,0.95,8,2,0.803030303030303,0.9261044176706827,1245,0.9242424242424242,66,0.803030303030303,66,0.8987951807228916,1245,0.803030303030303,2
clip_vitb32,waterbirds,dfr,0,marginal_split,APS,0.95,9,3,0.8698795180722891,0.8971887550200803,1245,0.9242424242424242,66,0.8787878787878788,66,0.8698795180722891,1245,0.8698795180722891,3
clip_vitb32,waterbirds,dfr,0,mondrian,APS,0.95,0,1,0.8636363636363636,0.9012048192771084,1245,0.8636363636363636,66,0.8939393939393939,66,0.8907630522088353,1245,0.8636363636363636,1
clip_vitb32,waterbirds,dfr,0,mondrian,APS,0.95,1,2,0.8939393939393939,0.8995983935742972,1245,1.0,66,0.8939393939393939,66,0.8947791164658635,1245,0.8939393939393939,2
clip_vitb32,waterbirds,dfr,0,mondrian,APS,0.95,2,3,0.8891566265060241,0.9172690763052209,1245,0.8939393939393939,66,0.9242424242424242,66,0.8891566265060241,1245,0.8891566265060241,3
clip_vitb32,waterbirds,dfr,0,mondrian,APS,0.95,3,2,0.8787878787878788,0.9012048192771084,1245,0.9545454545454546,66,0.8787878787878788,66,0.8979919678714859,1245,0.8787878787878788,2
clip_vitb32,waterbirds,dfr,0,mondrian,APS,0.95,4,3,0.8465863453815261,0.9052208835341365,1245,0.9393939393939394,66,0.9090909090909091,66,0.8465863453815261,1245,0.8465863453815261,3
clip_vitb32,waterbirds,dfr,0,mondrian,APS,0.95,5,3,0.8690763052208835,0.9044176706827309,1245,0.9545454545454546,66,0.9545454545454546,66,0.8690763052208835,1245,0.8690763052208835,3
clip_vitb32,waterbirds,dfr,0,mondrian,APS,0.95,6,3,0.8763052208835341,0.9325301204819277,1245,0.8787878787878788,66,0.9848484848484849,66,0.8763052208835341,1245,0.8763052208835341,3
clip_vitb32,waterbirds,dfr,0,mondrian,APS,0.95,7,3,0.8859437751004016,0.9028112449799197,1245,0.9393939393939394,66,0.9090909090909091,66,0.8859437751004016,1245,0.8859437751004016,3
clip_vitb32,waterbirds,dfr,0,mondrian,APS,0.95,8,2,0.7878787878787878,0.9253012048192771,1245,0.9545454545454546,66,0.7878787878787878,66,0.9028112449799197,1245,0.7878787878787878,2
clip_vitb32,waterbirds,dfr,0,mondrian,APS,0.95,9,3,0.8771084337349397,0.8883534136546185,1245,0.9545454545454546,66,0.8939393939393939,66,0.8771084337349397,1245,0.8771084337349397,3
clip_vitb32,waterbirds,dfr,1,marginal_split,APS,0.95,0,2,0.8181818181818182,0.8947791164658635,1245,0.8939393939393939,66,0.8181818181818182,66,0.8891566265060241,1245,0.8181818181818182,2
clip_vitb32,waterbirds,dfr,1,marginal_split,APS,0.95,1,3,0.8907630522088353,0.9100401606425703,1245,0.9242424242424242,66,0.8939393939393939,66,0.8907630522088353,1245,0.8907630522088353,3
clip_vitb32,waterbirds,dfr,1,marginal_split,APS,0.95,2,3,0.8867469879518072,0.921285140562249,1245,0.9090909090909091,66,0.8939393939393939,66,0.8867469879518072,1245,0.8867469879518072,3
clip_vitb32,waterbirds,dfr,1,marginal_split,APS,0.95,3,3,0.8746987951807229,0.9156626506024096,1245,0.8787878787878788,66,0.8787878787878788,66,0.8746987951807229,1245,0.8746987951807229,3
clip_vitb32,waterbirds,dfr,1,marginal_split,APS,0.95,4,2,0.7575757575757576,0.8883534136546185,1245,0.8939393939393939,66,0.7575757575757576,66,0.8578313253012049,1245,0.7575757575757576,2
clip_vitb32,waterbirds,dfr,1,marginal_split,APS,0.95,5,3,0.8730923694779117,0.9012048192771084,1245,0.9696969696969697,66,0.8787878787878788,66,0.8730923694779117,1245,0.8730923694779117,3
clip_vitb32,waterbirds,dfr,1,marginal_split,APS,0.95,6,3,0.8803212851405623,0.9349397590361446,1245,0.8939393939393939,66,0.9090909090909091,66,0.8803212851405623,1245,0.8803212851405623,3
clip_vitb32,waterbirds,dfr,1,marginal_split,APS,0.95,7,2,0.8636363636363636,0.8987951807228916,1245,0.9545454545454546,66,0.8636363636363636,66,0.8859437751004016,1245,0.8636363636363636,2
clip_vitb32,waterbirds,dfr,1,marginal_split,APS,0.95,8,2,0.7727272727272727,0.9196787148594378,1245,0.8939393939393939,66,0.7727272727272727,66,0.8955823293172691,1245,0.7727272727272727,2
clip_vitb32,waterbirds,dfr,1,marginal_split,APS,0.95,9,3,0.8666666666666667,0.9076305220883534,1245,0.9090909090909091,66,0.8787878787878788,66,0.8666666666666667,1245,0.8666666666666667,3
clip_vitb32,waterbirds,dfr,1,mondrian,APS,0.95,0,3,0.8891566265060241,0.8939759036144578,1245,0.8939393939393939,66,0.9090909090909091,66,0.8891566265060241,1245,0.8891566265060241,3
clip_vitb32,waterbirds,dfr,1,mondrian,APS,0.95,1,0,0.8947791164658635,0.8947791164658635,1245,0.9545454545454546,66,0.9090909090909091,66,0.9004016064257028,1245,0.8947791164658635,0
clip_vitb32,waterbirds,dfr,1,mondrian,APS,0.95,2,3,0.8891566265060241,0.9180722891566265,1245,0.9090909090909091,66,0.9242424242424242,66,0.8891566265060241,1245,0.8891566265060241,3
clip_vitb32,waterbirds,dfr,1,mondrian,APS,0.95,3,1,0.8939393939393939,0.8963855421686747,1245,0.8939393939393939,66,0.9242424242424242,66,0.8963855421686747,1245,0.8939393939393939,1
clip_vitb32,waterbirds,dfr,1,mondrian,APS,0.95,4,3,0.8506024096385543,0.8947791164658635,1245,0.9545454545454546,66,0.9090909090909091,66,0.8506024096385543,1245,0.8506024096385543,3
clip_vitb32,waterbirds,dfr,1,mondrian,APS,0.95,5,3,0.8738955823293173,0.8987951807228916,1245,0.9848484848484849,66,0.9090909090909091,66,0.8738955823293173,1245,0.8738955823293173,3
clip_vitb32,waterbirds,dfr,1,mondrian,APS,0.95,6,3,0.8682730923694779,0.9373493975903614,1245,0.8939393939393939,66,0.9545454545454546,66,0.8682730923694779,1245,0.8682730923694779,3
clip_vitb32,waterbirds,dfr,1,mondrian,APS,0.95,7,3,0.8859437751004016,0.8979919678714859,1245,0.9545454545454546,66,0.9242424242424242,66,0.8859437751004016,1245,0.8859437751004016,3
clip_vitb32,waterbirds,dfr,1,mondrian,APS,0.95,8,2,0.7727272727272727,0.9204819277108434,1245,0.9696969696969697,66,0.7727272727272727,66,0.8923694779116466,1245,0.7727272727272727,2
clip_vitb32,waterbirds,dfr,1,mondrian,APS,0.95,9,3,0.8763052208835341,0.8987951807228916,1245,0.9545454545454546,66,0.9242424242424242,66,0.8763052208835341,1245,0.8763052208835341,3
clip_vitb32,waterbirds,dfr,2,marginal_split,APS,0.95,0,2,0.803030303030303,0.9092369477911647,1245,0.8939393939393939,66,0.803030303030303,66,0.9012048192771084,1245,0.803030303030303,2
clip_vitb32,waterbirds,dfr,2,marginal_split,APS,0.95,1,2,0.8939393939393939,0.9100401606425703,1245,0.9393939393939394,66,0.8939393939393939,66,0.8979919678714859,1245,0.8939393939393939,2
clip_vitb32,waterbirds,dfr,2,marginal_split,APS,0.95,2,3,0.8899598393574297,0.9196787148594378,1245,0.9090909090909091,66,0.8939393939393939,66,0.8899598393574297,1245,0.8899598393574297,3
clip_vitb32,waterbirds,dfr,2,marginal_split,APS,0.95,3,2,0.8484848484848485,0.8939759036144578,1245,0.8787878787878788,66,0.8484848484848485,66,0.8746987951807229,1245,0.8484848484848485,2
clip_vitb32,waterbirds,dfr,2,marginal_split,APS,0.95,4,2,0.8181818181818182,0.8899598393574297,1245,0.9090909090909091,66,0.8181818181818182,66,0.8602409638554217,1245,0.8181818181818182,2
clip_vitb32,waterbirds,dfr,2,marginal_split,APS,0.95,5,3,0.8738955823293173,0.8955823293172691,1245,0.9545454545454546,66,0.8939393939393939,66,0.8738955823293173,1245,0.8738955823293173,3
clip_vitb32,waterbirds,dfr,2,marginal_split,APS,0.95,6,1,0.8636363636363636,0.9381526104417671,1245,0.8636363636363636,66,0.8636363636363636,66,0.8939759036144578,1245,0.8636363636363636,1
clip_vitb32,waterbirds,dfr,2,marginal_split,APS,0.95,7,2,0.8636363636363636,0.9028112449799197,1245,0.9393939393939394,66,0.8636363636363636,66,0.8883534136546185,1245,0.8636363636363636,2
clip_vitb32,waterbirds,dfr,2,marginal_split,APS,0.95,8,2,0.7878787878787878,0.9164658634538153,1245,0.9090909090909091,66,0.7878787878787878,66,0.8923694779116466,1245,0.7878787878787878,2
clip_vitb32,waterbirds,dfr,2,marginal_split,APS,0.95,9,3,0.8690763052208835,0.9020080321285141,1245,0.9090909090909091,66,0.9090909090909091,66,0.8690763052208835,1245,0.8690763052208835,3
clip_vitb32,waterbirds,dfr,2,mondrian,APS,0.95,0,2,0.8787878787878788,0.9076305220883534,1245,0.8939393939393939,66,0.8787878787878788,66,0.9036144578313253,1245,0.8787878787878788,2
clip_vitb32,waterbirds,dfr,2,mondrian,APS,0.95,1,3,0.8995983935742972,0.9092369477911647,1245,0.9696969696969697,66,0.9090909090909091,66,0.8995983935742972,1245,0.8995983935742972,3
clip_vitb32,waterbirds,dfr,2,mondrian,APS,0.95,2,3,0.8923694779116466,0.9140562248995984,1245,0.8939393939393939,66,0.9545454545454546,66,0.8923694779116466,1245,0.8923694779116466,3
clip_vitb32,waterbirds,dfr,2,mondrian,APS,0.95,3,2,0.8484848484848485,0.891566265060241,1245,0.8787878787878788,66,0.8484848484848485,66,0.8779116465863454,1245,0.8484848484848485,2
clip_vitb32,waterbirds,dfr,2,mondrian,APS,0.95,4,3,0.8489959839357429,0.8955823293172691,1245,0.9393939393939394,66,0.9545454545454546,66,0.8489959839357429,1245,0.8489959839357429,3
clip_vitb32,waterbirds,dfr,2,mondrian,APS,0.95,5,3,0.8698795180722891,0.9052208835341365,1245,0.9545454545454546,66,0.9242424242424242,66,0.8698795180722891,1245,0.8698795180722891,3
clip_vitb32,waterbirds,dfr,2,mondrian,APS,0.95,6,1,0.8787878787878788,0.9389558232931727,1245,0.8787878787878788,66,0.9545454545454546,66,0.8859437751004016,1245,0.8787878787878788,1
clip_vitb32,waterbirds,dfr,2,mondrian,APS,0.95,7,3,0.8795180722891566,0.9044176706827309,1245,0.9393939393939394,66,0.8939393939393939,66,0.8795180722891566,1245,0.8795180722891566,3
clip_vitb32,waterbirds,dfr,2,mondrian,APS,0.95,8,2,0.7121212121212122,0.9164658634538153,1245,0.9393939393939394,66,0.7121212121212122,66,0.9012048192771084,1245,0.7121212121212122,2
clip_vitb32,waterbirds,dfr,2,mondrian,APS,0.95,9,3,0.8795180722891566,0.8859437751004016,1245,0.9393939393939394,66,0.9090909090909091,66,0.8795180722891566,1245,0.8795180722891566,3
clip_vitb32,waterbirds,afr,0,marginal_split,APS,0.95,0,2,0.8333333333333334,0.9381526104417671,1245,0.9696969696969697,66,0.8333333333333334,66,0.8481927710843373,1245,0.8333333333333334,2
clip_vitb32,waterbirds,afr,0,marginal_split,APS,0.95,1,2,0.7575757575757576,0.9566265060240964,1245,1.0,66,0.7575757575757576,66,0.8433734939759037,1245,0.7575757575757576,2
clip_vitb32,waterbirds,afr,0,marginal_split,APS,0.95,2,3,0.8811244979919679,0.9654618473895582,1245,0.9545454545454546,66,0.9242424242424242,66,0.8811244979919679,1245,0.8811244979919679,3
clip_vitb32,waterbirds,afr,0,marginal_split,APS,0.95,3,3,0.8168674698795181,0.9614457831325302,1245,0.9545454545454546,66,0.8484848484848485,66,0.8168674698795181,1245,0.8168674698795181,3
clip_vitb32,waterbirds,afr,0,marginal_split,APS,0.95,4,3,0.7710843373493976,0.9301204819277108,1245,0.9242424242424242,66,0.8181818181818182,66,0.7710843373493976,1245,0.7710843373493976,3
clip_vitb32,waterbirds,afr,0,marginal_split,APS,0.95,5,3,0.8289156626506025,0.9662650602409638,1245,1.0,66,0.8333333333333334,66,0.8289156626506025,1245,0.8289156626506025,3
clip_vitb32,waterbirds,afr,0,marginal_split,APS,0.95,6,3,0.7919678714859437,0.9453815261044177,1245,0.8939393939393939,66,0.8181818181818182,66,0.7919678714859437,1245,0.7919678714859437,3
clip_vitb32,waterbirds,afr,0,marginal_split,APS,0.95,7,2,0.7878787878787878,0.957429718875502,1245,0.9545454545454546,66,0.7878787878787878,66,0.8016064257028113,1245,0.7878787878787878,2
clip_vitb32,waterbirds,afr,0,marginal_split,APS,0.95,8,2,0.7575757575757576,0.963855421686747,1245,0.9696969696969697,66,0.7575757575757576,66,0.8626506024096385,1245,0.7575757575757576,2
clip_vitb32,waterbirds,afr,0,marginal_split,APS,0.95,9,3,0.8240963855421687,0.9518072289156626,1245,0.9696969696969697,66,0.8333333333333334,66,0.8240963855421687,1245,0.8240963855421687,3
clip_vitb32,waterbirds,afr,0,mondrian,APS,0.95,0,1,0.8636363636363636,0.8827309236947791,1245,0.8636363636363636,66,0.9090909090909091,66,0.9012048192771084,1245,0.8636363636363636,1
clip_vitb32,waterbirds,afr,0,mondrian,APS,0.95,1,3,0.8843373493975903,0.8963855421686747,1245,1.0,66,0.8939393939393939,66,0.8843373493975903,1245,0.8843373493975903,3
clip_vitb32,waterbirds,afr,0,mondrian,APS,0.95,2,1,0.8787878787878788,0.9180722891566265,1245,0.8787878787878788,66,0.9545454545454546,66,0.9228915662650602,1245,0.8787878787878788,1
clip_vitb32,waterbirds,afr,0,mondrian,APS,0.95,3,1,0.8333333333333334,0.914859437751004,1245,0.8333333333333334,66,0.9848484848484849,66,0.8706827309236947,1245,0.8333333333333334,1
clip_vitb32,waterbirds,afr,0,mondrian,APS,0.95,4,3,0.8224899598393575,0.8682730923694779,1245,0.9393939393939394,66,0.8939393939393939,66,0.8224899598393575,1245,0.8224899598393575,3
clip_vitb32,waterbirds,afr,0,mondrian,APS,0.95,5,3,0.8642570281124498,0.8947791164658635,1245,0.9393939393939394,66,0.9545454545454546,66,0.8642570281124498,1245,0.8642570281124498,3
clip_vitb32,waterbirds,afr,0,mondrian,APS,0.95,6,3,0.8481927710843373,0.9028112449799197,1245,0.8939393939393939,66,0.9696969696969697,66,0.8481927710843373,1245,0.8481927710843373,3
clip_vitb32,waterbirds,afr,0,mondrian,APS,0.95,7,3,0.8730923694779117,0.9156626506024096,1245,0.9545454545454546,66,0.9090909090909091,66,0.8730923694779117,1245,0.8730923694779117,3
clip_vitb32,waterbirds,afr,0,mondrian,APS,0.95,8,2,0.8181818181818182,0.8995983935742972,1245,0.9393939393939394,66,0.8181818181818182,66,0.9228915662650602,1245,0.8181818181818182,2
clip_vitb32,waterbirds,afr,0,mondrian,APS,0.95,9,0,0.8803212851405623,0.8803212851405623,1245,0.9090909090909091,66,0.9393939393939394,66,0.9116465863453815,1245,0.8803212851405623,0
clip_vitb32,waterbirds,afr,1,marginal_split,APS,0.95,0,2,0.8333333333333334,0.9381526104417671,1245,0.9696969696969697,66,0.8333333333333334,66,0.8481927710843373,1245,0.8333333333333334,2
clip_vitb32,waterbirds,afr,1,marginal_split,APS,0.95,1,2,0.7575757575757576,0.9566265060240964,1245,1.0,66,0.7575757575757576,66,0.8433734939759037,1245,0.7575757575757576,2
clip_vitb32,waterbirds,afr,1,marginal_split,APS,0.95,2,3,0.8811244979919679,0.9654618473895582,1245,0.9545454545454546,66,0.9242424242424242,66,0.8811244979919679,1245,0.8811244979919679,3
clip_vitb32,waterbirds,afr,1,marginal_split,APS,0.95,3,3,0.8168674698795181,0.9614457831325302,1245,0.9545454545454546,66,0.8484848484848485,66,0.8168674698795181,1245,0.8168674698795181,3
clip_vitb32,waterbirds,afr,1,marginal_split,APS,0.95,4,3,0.7710843373493976,0.9301204819277108,1245,0.9242424242424242,66,0.8181818181818182,66,0.7710843373493976,1245,0.7710843373493976,3
clip_vitb32,waterbirds,afr,1,marginal_split,APS,0.95,5,3,0.8289156626506025,0.9662650602409638,1245,1.0,66,0.8333333333333334,66,0.8289156626506025,1245,0.8289156626506025,3
clip_vitb32,waterbirds,afr,1,marginal_split,APS,0.95,6,3,0.7919678714859437,0.9453815261044177,1245,0.8939393939393939,66,0.8181818181818182,66,0.7919678714859437,1245,0.7919678714859437,3
clip_vitb32,waterbirds,afr,1,marginal_split,APS,0.95,7,2,0.7878787878787878,0.957429718875502,1245,0.9545454545454546,66,0.7878787878787878,66,0.8016064257028113,1245,0.7878787878787878,2
clip_vitb32,waterbirds,afr,1,marginal_split,APS,0.95,8,2,0.7575757575757576,0.963855421686747,1245,0.9696969696969697,66,0.7575757575757576,66,0.8626506024096385,1245,0.7575757575757576,2
clip_vitb32,waterbirds,afr,1,marginal_split,APS,0.95,9,3,0.8240963855421687,0.9518072289156626,1245,0.9696969696969697,66,0.8333333333333334,66,0.8240963855421687,1245,0.8240963855421687,3
clip_vitb32,waterbirds,afr,1,mondrian,APS,0.95,0,1,0.8636363636363636,0.8827309236947791,1245,0.8636363636363636,66,0.9090909090909091,66,0.9012048192771084,1245,0.8636363636363636,1
clip_vitb32,waterbirds,afr,1,mondrian,APS,0.95,1,3,0.8843373493975903,0.8963855421686747,1245,1.0,66,0.8939393939393939,66,0.8843373493975903,1245,0.8843373493975903,3
clip_vitb32,waterbirds,afr,1,mondrian,APS,0.95,2,1,0.8787878787878788,0.9180722891566265,1245,0.8787878787878788,66,0.9545454545454546,66,0.9228915662650602,1245,0.8787878787878788,1
clip_vitb32,waterbirds,afr,1,mondrian,APS,0.95,3,1,0.8333333333333334,0.914859437751004,1245,0.8333333333333334,66,0.9848484848484849,66,0.8706827309236947,1245,0.8333333333333334,1
clip_vitb32,waterbirds,afr,1,mondrian,APS,0.95,4,3,0.8224899598393575,0.8682730923694779,1245,0.9393939393939394,66,0.8939393939393939,66,0.8224899598393575,1245,0.8224899598393575,3
clip_vitb32,waterbirds,afr,1,mondrian,APS,0.95,5,3,0.8642570281124498,0.8947791164658635,1245,0.9393939393939394,66,0.9545454545454546,66,0.8642570281124498,1245,0.8642570281124498,3
clip_vitb32,waterbirds,afr,1,mondrian,APS,0.95,6,3,0.8481927710843373,0.9028112449799197,1245,0.8939393939393939,66,0.9696969696969697,66,0.8481927710843373,1245,0.8481927710843373,3
clip_vitb32,waterbirds,afr,1,mondrian,APS,0.95,7,3,0.8730923694779117,0.9156626506024096,1245,0.9545454545454546,66,0.9090909090909091,66,0.8730923694779117,1245,0.8730923694779117,3
clip_vitb32,waterbirds,afr,1,mondrian,APS,0.95,8,2,0.8181818181818182,0.8995983935742972,1245,0.9393939393939394,66,0.8181818181818182,66,0.9228915662650602,1245,0.8181818181818182,2
clip_vitb32,waterbirds,afr,1,mondrian,APS,0.95,9,0,0.8803212851405623,0.8803212851405623,1245,0.9090909090909091,66,0.9393939393939394,66,0.9116465863453815,1245,0.8803212851405623,0
clip_vitb32,waterbirds,afr,2,marginal_split,APS,0.95,0,2,0.8333333333333334,0.9381526104417671,1245,0.9696969696969697,66,0.8333333333333334,66,0.8481927710843373,1245,0.8333333333333334,2
clip_vitb32,waterbirds,afr,2,marginal_split,APS,0.95,1,2,0.7575757575757576,0.9566265060240964,1245,1.0,66,0.7575757575757576,66,0.8433734939759037,1245,0.7575757575757576,2
clip_vitb32,waterbirds,afr,2,marginal_split,APS,0.95,2,3,0.8811244979919679,0.9654618473895582,1245,0.9545454545454546,66,0.9242424242424242,66,0.8811244979919679,1245,0.8811244979919679,3
clip_vitb32,waterbirds,afr,2,marginal_split,APS,0.95,3,3,0.8168674698795181,0.9614457831325302,1245,0.9545454545454546,66,0.8484848484848485,66,0.8168674698795181,1245,0.8168674698795181,3
clip_vitb32,waterbirds,afr,2,marginal_split,APS,0.95,4,3,0.7710843373493976,0.9301204819277108,1245,0.9242424242424242,66,0.8181818181818182,66,0.7710843373493976,1245,0.7710843373493976,3
clip_vitb32,waterbirds,afr,2,marginal_split,APS,0.95,5,3,0.8289156626506025,0.9662650602409638,1245,1.0,66,0.8333333333333334,66,0.8289156626506025,1245,0.8289156626506025,3
clip_vitb32,waterbirds,afr,2,marginal_split,APS,0.95,6,3,0.7919678714859437,0.9453815261044177,1245,0.8939393939393939,66,0.8181818181818182,66,0.7919678714859437,1245,0.7919678714859437,3
clip_vitb32,waterbirds,afr,2,marginal_split,APS,0.95,7,2,0.7878787878787878,0.957429718875502,1245,0.9545454545454546,66,0.7878787878787878,66,0.8016064257028113,1245,0.7878787878787878,2
clip_vitb32,waterbirds,afr,2,marginal_split,APS,0.95,8,2,0.7575757575757576,0.963855421686747,1245,0.9696969696969697,66,0.7575757575757576,66,0.8626506024096385,1245,0.7575757575757576,2
clip_vitb32,waterbirds,afr,2,marginal_split,APS,0.95,9,3,0.8240963855421687,0.9518072289156626,1245,0.9696969696969697,66,0.8333333333333334,66,0.8240963855421687,1245,0.8240963855421687,3
clip_vitb32,waterbirds,afr,2,mondrian,APS,0.95,0,1,0.8636363636363636,0.8827309236947791,1245,0.8636363636363636,66,0.9090909090909091,66,0.9012048192771084,1245,0.8636363636363636,1
clip_vitb32,waterbirds,afr,2,mondrian,APS,0.95,1,3,0.8843373493975903,0.8963855421686747,1245,1.0,66,0.8939393939393939,66,0.8843373493975903,1245,0.8843373493975903,3
clip_vitb32,waterbirds,afr,2,mondrian,APS,0.95,2,1,0.8787878787878788,0.9180722891566265,1245,0.8787878787878788,66,0.9545454545454546,66,0.9228915662650602,1245,0.8787878787878788,1
clip_vitb32,waterbirds,afr,2,mondrian,APS,0.95,3,1,0.8333333333333334,0.914859437751004,1245,0.8333333333333334,66,0.9848484848484849,66,0.8706827309236947,1245,0.8333333333333334,1
clip_vitb32,waterbirds,afr,2,mondrian,APS,0.95,4,3,0.8224899598393575,0.8682730923694779,1245,0.9393939393939394,66,0.8939393939393939,66,0.8224899598393575,1245,0.8224899598393575,3
clip_vitb32,waterbirds,afr,2,mondrian,APS,0.95,5,3,0.8642570281124498,0.8947791164658635,1245,0.9393939393939394,66,0.9545454545454546,66,0.8642570281124498,1245,0.8642570281124498,3
clip_vitb32,waterbirds,afr,2,mondrian,APS,0.95,6,3,0.8481927710843373,0.9028112449799197,1245,0.8939393939393939,66,0.9696969696969697,66,0.8481927710843373,1245,0.8481927710843373,3
clip_vitb32,waterbirds,afr,2,mondrian,APS,0.95,7,3,0.8730923694779117,0.9156626506024096,1245,0.9545454545454546,66,0.9090909090909091,66,0.8730923694779117,1245,0.8730923694779117,3
clip_vitb32,waterbirds,afr,2,mondrian,APS,0.95,8,2,0.8181818181818182,0.8995983935742972,1245,0.9393939393939394,66,0.8181818181818182,66,0.9228915662650602,1245,0.8181818181818182,2
clip_vitb32,waterbirds,afr,2,mondrian,APS,0.95,9,0,0.8803212851405623,0.8803212851405623,1245,0.9090909090909091,66,0.9393939393939394,66,0.9116465863453815,1245,0.8803212851405623,0
clip_vitb32,waterbirds,groupdro_ll,0,marginal_split,APS,0.95,0,1,0.696969696969697,0.9325301204819277,1245,0.696969696969697,66,0.7272727272727273,66,0.8947791164658635,1245,0.696969696969697,1
clip_vitb32,waterbirds,groupdro_ll,0,marginal_split,APS,0.95,1,2,0.7121212121212122,0.9060240963855422,1245,0.7878787878787878,66,0.7121212121212122,66,0.8650602409638555,1245,0.7121212121212122,2
clip_vitb32,waterbirds,groupdro_ll,0,marginal_split,APS,0.95,2,1,0.7272727272727273,0.9132530120481928,1245,0.7272727272727273,66,0.7575757575757576,66,0.8899598393574297,1245,0.7272727272727273,1
clip_vitb32,waterbirds,groupdro_ll,0,marginal_split,APS,0.95,3,2,0.6818181818181818,0.9108433734939759,1245,0.803030303030303,66,0.6818181818181818,66,0.8955823293172691,1245,0.6818181818181818,2
clip_vitb32,waterbirds,groupdro_ll,0,marginal_split,APS,0.95,4,2,0.696969696969697,0.9156626506024096,1245,0.7424242424242424,66,0.696969696969697,66,0.8779116465863454,1245,0.696969696969697,2
clip_vitb32,waterbirds,groupdro_ll,0,marginal_split,APS,0.95,5,2,0.7121212121212122,0.9236947791164659,1245,0.9242424242424242,66,0.7121212121212122,66,0.885140562248996,1245,0.7121212121212122,2
clip_vitb32,waterbirds,groupdro_ll,0,marginal_split,APS,0.95,6,2,0.6818181818181818,0.9244979919678715,1245,0.7727272727272727,66,0.6818181818181818,66,0.8907630522088353,1245,0.6818181818181818,2
clip_vitb32,waterbirds,groupdro_ll,0,marginal_split,APS,0.95,7,2,0.7121212121212122,0.9100401606425703,1245,0.8484848484848485,66,0.7121212121212122,66,0.8835341365461847,1245,0.7121212121212122,2
clip_vitb32,waterbirds,groupdro_ll,0,marginal_split,APS,0.95,8,2,0.696969696969697,0.9333333333333333,1245,0.803030303030303,66,0.696969696969697,66,0.9116465863453815,1245,0.696969696969697,2
clip_vitb32,waterbirds,groupdro_ll,0,marginal_split,APS,0.95,9,2,0.6060606060606061,0.9092369477911647,1245,0.8181818181818182,66,0.6060606060606061,66,0.8626506024096385,1245,0.6060606060606061,2
clip_vitb32,waterbirds,groupdro_ll,0,mondrian,APS,0.95,0,1,0.7878787878787878,0.9293172690763052,1245,0.7878787878787878,66,0.8939393939393939,66,0.8867469879518072,1245,0.7878787878787878,1
clip_vitb32,waterbirds,groupdro_ll,0,mondrian,APS,0.95,1,2,0.803030303030303,0.878714859437751,1245,0.9545454545454546,66,0.803030303030303,66,0.8714859437751004,1245,0.803030303030303,2
clip_vitb32,waterbirds,groupdro_ll,0,mondrian,APS,0.95,2,1,0.7727272727272727,0.8955823293172691,1245,0.7727272727272727,66,0.9090909090909091,66,0.8979919678714859,1245,0.7727272727272727,1
clip_vitb32,waterbirds,groupdro_ll,0,mondrian,APS,0.95,3,2,0.7878787878787878,0.8755020080321285,1245,0.9090909090909091,66,0.7878787878787878,66,0.914859437751004,1245,0.7878787878787878,2
clip_vitb32,waterbirds,groupdro_ll,0,mondrian,APS,0.95,4,3,0.8514056224899599,0.9156626506024096,1245,0.9696969696969697,66,0.9545454545454546,66,0.8514056224899599,1245,0.8514056224899599,3
clip_vitb32,waterbirds,groupdro_ll,0,mondrian,APS,0.95,5,3,0.8811244979919679,0.9156626506024096,1245,0.9696969696969697,66,0.9545454545454546,66,0.8811244979919679,1245,0.8811244979919679,3
clip_vitb32,waterbirds,groupdro_ll,0,mondrian,APS,0.95,6,1,0.8787878787878788,0.9156626506024096,1245,0.8787878787878788,66,0.9090909090909091,66,0.8907630522088353,1245,0.8787878787878788,1
clip_vitb32,waterbirds,groupdro_ll,0,mondrian,APS,0.95,7,3,0.8811244979919679,0.8987951807228916,1245,0.9242424242424242,66,0.8939393939393939,66,0.8811244979919679,1245,0.8811244979919679,3
clip_vitb32,waterbirds,groupdro_ll,0,mondrian,APS,0.95,8,2,0.8636363636363636,0.9156626506024096,1245,0.9696969696969697,66,0.8636363636363636,66,0.9116465863453815,1245,0.8636363636363636,2
clip_vitb32,waterbirds,groupdro_ll,0,mondrian,APS,0.95,9,3,0.8811244979919679,0.9020080321285141,1245,0.9242424242424242,66,0.9242424242424242,66,0.8811244979919679,1245,0.8811244979919679,3
clip_vitb32,waterbirds,groupdro_ll,1,marginal_split,APS,0.95,0,1,0.7121212121212122,0.9325301204819277,1245,0.7121212121212122,66,0.7272727272727273,66,0.8947791164658635,1245,0.7121212121212122,1
clip_vitb32,waterbirds,groupdro_ll,1,marginal_split,APS,0.95,1,2,0.7121212121212122,0.9060240963855422,1245,0.7878787878787878,66,0.7121212121212122,66,0.8642570281124498,1245,0.7121212121212122,2
clip_vitb32,waterbirds,groupdro_ll,1,marginal_split,APS,0.95,2,1,0.7121212121212122,0.9124497991967871,1245,0.7121212121212122,66,0.7575757575757576,66,0.8891566265060241,1245,0.7121212121212122,1
clip_vitb32,waterbirds,groupdro_ll,1,marginal_split,APS,0.95,3,2,0.696969696969697,0.9116465863453815,1245,0.7878787878787878,66,0.696969696969697,66,0.8963855421686747,1245,0.696969696969697,2
clip_vitb32,waterbirds,groupdro_ll,1,marginal_split,APS,0.95,4,2,0.696969696969697,0.9132530120481928,1245,0.7424242424242424,66,0.696969696969697,66,0.8763052208835341,1245,0.696969696969697,2
clip_vitb32,waterbirds,groupdro_ll,1,marginal_split,APS,0.95,5,2,0.7121212121212122,0.9244979919678715,1245,0.9090909090909091,66,0.7121212121212122,66,0.8843373493975903,1245,0.7121212121212122,2
clip_vitb32,waterbirds,groupdro_ll,1,marginal_split,APS,0.95,6,2,0.6818181818181818,0.9244979919678715,1245,0.7727272727272727,66,0.6818181818181818,66,0.8883534136546185,1245,0.6818181818181818,2
clip_vitb32,waterbirds,groupdro_ll,1,marginal_split,APS,0.95,7,2,0.7121212121212122,0.9100401606425703,1245,0.8484848484848485,66,0.7121212121212122,66,0.8819277108433735,1245,0.7121212121212122,2
clip_vitb32,waterbirds,groupdro_ll,1,marginal_split,APS,0.95,8,2,0.696969696969697,0.9333333333333333,1245,0.803030303030303,66,0.696969696969697,66,0.9100401606425703,1245,0.696969696969697,2
clip_vitb32,waterbirds,groupdro_ll,1,marginal_split,APS,0.95,9,2,0.6060606060606061,0.9092369477911647,1245,0.8181818181818182,66,0.6060606060606061,66,0.8634538152610441,1245,0.6060606060606061,2
clip_vitb32,waterbirds,groupdro_ll,1,mondrian,APS,0.95,0,1,0.7878787878787878,0.927710843373494,1245,0.7878787878787878,66,0.8939393939393939,66,0.885140562248996,1245,0.7878787878787878,1
clip_vitb32,waterbirds,groupdro_ll,1,mondrian,APS,0.95,1,2,0.8181818181818182,0.8771084337349397,1245,0.9545454545454546,66,0.8181818181818182,66,0.8714859437751004,1245,0.8181818181818182,2
clip_vitb32,waterbirds,groupdro_ll,1,mondrian,APS,0.95,2,1,0.7727272727272727,0.8955823293172691,1245,0.7727272727272727,66,0.9090909090909091,66,0.8971887550200803,1245,0.7727272727272727,1
clip_vitb32,waterbirds,groupdro_ll,1,mondrian,APS,0.95,3,2,0.803030303030303,0.8755020080321285,1245,0.9090909090909091,66,0.803030303030303,66,0.9132530120481928,1245,0.803030303030303,2
clip_vitb32,waterbirds,groupdro_ll,1,mondrian,APS,0.95,4,3,0.8506024096385543,0.9164658634538153,1245,0.9696969696969697,66,0.9545454545454546,66,0.8506024096385543,1245,0.8506024096385543,3
clip_vitb32,waterbirds,groupdro_ll,1,mondrian,APS,0.95,5,3,0.8803212851405623,0.9164658634538153,1245,0.9696969696969697,66,0.9545454545454546,66,0.8803212851405623,1245,0.8803212851405623,3
clip_vitb32,waterbirds,groupdro_ll,1,mondrian,APS,0.95,6,3,0.8883534136546185,0.9188755020080321,1245,0.8939393939393939,66,0.9090909090909091,66,0.8883534136546185,1245,0.8883534136546185,3
clip_vitb32,waterbirds,groupdro_ll,1,mondrian,APS,0.95,7,3,0.8795180722891566,0.8979919678714859,1245,0.9242424242424242,66,0.8939393939393939,66,0.8795180722891566,1245,0.8795180722891566,3
clip_vitb32,waterbirds,groupdro_ll,1,mondrian,APS,0.95,8,2,0.8636363636363636,0.9156626506024096,1245,0.9696969696969697,66,0.8636363636363636,66,0.9092369477911647,1245,0.8636363636363636,2
clip_vitb32,waterbirds,groupdro_ll,1,mondrian,APS,0.95,9,3,0.878714859437751,0.9004016064257028,1245,0.9242424242424242,66,0.9242424242424242,66,0.878714859437751,1245,0.878714859437751,3
clip_vitb32,waterbirds,groupdro_ll,2,marginal_split,APS,0.95,0,1,0.7121212121212122,0.9325301204819277,1245,0.7121212121212122,66,0.7272727272727273,66,0.8947791164658635,1245,0.7121212121212122,1
clip_vitb32,waterbirds,groupdro_ll,2,marginal_split,APS,0.95,1,2,0.7121212121212122,0.9052208835341365,1245,0.7878787878787878,66,0.7121212121212122,66,0.8650602409638555,1245,0.7121212121212122,2
clip_vitb32,waterbirds,groupdro_ll,2,marginal_split,APS,0.95,2,1,0.7272727272727273,0.9132530120481928,1245,0.7272727272727273,66,0.7575757575757576,66,0.8891566265060241,1245,0.7272727272727273,1
clip_vitb32,waterbirds,groupdro_ll,2,marginal_split,APS,0.95,3,2,0.6818181818181818,0.9116465863453815,1245,0.803030303030303,66,0.6818181818181818,66,0.8963855421686747,1245,0.6818181818181818,2
clip_vitb32,waterbirds,groupdro_ll,2,marginal_split,APS,0.95,4,2,0.696969696969697,0.9156626506024096,1245,0.7424242424242424,66,0.696969696969697,66,0.8755020080321285,1245,0.696969696969697,2
clip_vitb32,waterbirds,groupdro_ll,2,marginal_split,APS,0.95,5,2,0.7121212121212122,0.9253012048192771,1245,0.9090909090909091,66,0.7121212121212122,66,0.8843373493975903,1245,0.7121212121212122,2
clip_vitb32,waterbirds,groupdro_ll,2,marginal_split,APS,0.95,6,2,0.6818181818181818,0.9244979919678715,1245,0.7878787878787878,66,0.6818181818181818,66,0.8891566265060241,1245,0.6818181818181818,2
clip_vitb32,waterbirds,groupdro_ll,2,marginal_split,APS,0.95,7,2,0.7121212121212122,0.9100401606425703,1245,0.8484848484848485,66,0.7121212121212122,66,0.885140562248996,1245,0.7121212121212122,2
clip_vitb32,waterbirds,groupdro_ll,2,marginal_split,APS,0.95,8,2,0.696969696969697,0.9333333333333333,1245,0.803030303030303,66,0.696969696969697,66,0.9108433734939759,1245,0.696969696969697,2
clip_vitb32,waterbirds,groupdro_ll,2,marginal_split,APS,0.95,9,2,0.6060606060606061,0.908433734939759,1245,0.8181818181818182,66,0.6060606060606061,66,0.8626506024096385,1245,0.6060606060606061,2
clip_vitb32,waterbirds,groupdro_ll,2,mondrian,APS,0.95,0,1,0.7878787878787878,0.927710843373494,1245,0.7878787878787878,66,0.8939393939393939,66,0.8859437751004016,1245,0.7878787878787878,1
clip_vitb32,waterbirds,groupdro_ll,2,mondrian,APS,0.95,1,2,0.8181818181818182,0.8755020080321285,1245,0.9545454545454546,66,0.8181818181818182,66,0.8722891566265061,1245,0.8181818181818182,2
clip_vitb32,waterbirds,groupdro_ll,2,mondrian,APS,0.95,2,1,0.7727272727272727,0.8963855421686747,1245,0.7727272727272727,66,0.9090909090909091,66,0.8971887550200803,1245,0.7727272727272727,1
clip_vitb32,waterbirds,groupdro_ll,2,mondrian,APS,0.95,3,2,0.7878787878787878,0.8763052208835341,1245,0.9090909090909091,66,0.7878787878787878,66,0.9180722891566265,1245,0.7878787878787878,2
clip_vitb32,waterbirds,groupdro_ll,2,mondrian,APS,0.95,4,3,0.8514056224899599,0.9164658634538153,1245,0.9696969696969697,66,0.9545454545454546,66,0.8514056224899599,1245,0.8514056224899599,3
clip_vitb32,waterbirds,groupdro_ll,2,mondrian,APS,0.95,5,3,0.8795180722891566,0.9156626506024096,1245,0.9696969696969697,66,0.9545454545454546,66,0.8795180722891566,1245,0.8795180722891566,3
clip_vitb32,waterbirds,groupdro_ll,2,mondrian,APS,0.95,6,3,0.8891566265060241,0.9188755020080321,1245,0.8939393939393939,66,0.9090909090909091,66,0.8891566265060241,1245,0.8891566265060241,3
clip_vitb32,waterbirds,groupdro_ll,2,mondrian,APS,0.95,7,3,0.8811244979919679,0.8979919678714859,1245,0.9242424242424242,66,0.8939393939393939,66,0.8811244979919679,1245,0.8811244979919679,3
clip_vitb32,waterbirds,groupdro_ll,2,mondrian,APS,0.95,8,2,0.8636363636363636,0.9156626506024096,1245,0.9696969696969697,66,0.8636363636363636,66,0.9092369477911647,1245,0.8636363636363636,2
clip_vitb32,waterbirds,groupdro_ll,2,mondrian,APS,0.95,9,3,0.8811244979919679,0.9004016064257028,1245,0.9242424242424242,66,0.9242424242424242,66,0.8811244979919679,1245,0.8811244979919679,3
clip_vitb32,waterbirds,balanced_subsample,0,marginal_split,APS,0.95,0,3,0.8883534136546185,0.9052208835341365,1245,0.9242424242424242,66,0.9090909090909091,66,0.8883534136546185,1245,0.8883534136546185,3
clip_vitb32,waterbirds,balanced_subsample,0,marginal_split,APS,0.95,1,3,0.8795180722891566,0.9052208835341365,1245,0.9242424242424242,66,0.8939393939393939,66,0.8795180722891566,1245,0.8795180722891566,3
clip_vitb32,waterbirds,balanced_subsample,0,marginal_split,APS,0.95,2,3,0.9261044176706827,0.9389558232931727,1245,0.9545454545454546,66,0.9393939393939394,66,0.9261044176706827,1245,0.9261044176706827,3
clip_vitb32,waterbirds,balanced_subsample,0,marginal_split,APS,0.95,3,3,0.8955823293172691,0.9060240963855422,1245,0.9242424242424242,66,0.9242424242424242,66,0.8955823293172691,1245,0.8955823293172691,3
clip_vitb32,waterbirds,balanced_subsample,0,marginal_split,APS,0.95,4,0,0.8923694779116466,0.8923694779116466,1245,0.9545454545454546,66,0.8939393939393939,66,0.9036144578313253,1245,0.8923694779116466,0
clip_vitb32,waterbirds,balanced_subsample,0,marginal_split,APS,0.95,5,3,0.885140562248996,0.8995983935742972,1245,0.9393939393939394,66,0.9545454545454546,66,0.885140562248996,1245,0.885140562248996,3
clip_vitb32,waterbirds,balanced_subsample,0,marginal_split,APS,0.95,6,1,0.8484848484848485,0.8987951807228916,1245,0.8484848484848485,66,0.8939393939393939,66,0.8682730923694779,1245,0.8484848484848485,1
clip_vitb32,waterbirds,balanced_subsample,0,marginal_split,APS,0.95,7,3,0.8835341365461847,0.8875502008032129,1245,0.9393939393939394,66,0.9090909090909091,66,0.8835341365461847,1245,0.8835341365461847,3
clip_vitb32,waterbirds,balanced_subsample,0,marginal_split,APS,0.95,8,2,0.8181818181818182,0.9389558232931727,1245,0.9090909090909091,66,0.8181818181818182,66,0.9068273092369478,1245,0.8181818181818182,2
clip_vitb32,waterbirds,balanced_subsample,0,marginal_split,APS,0.95,9,3,0.8987951807228916,0.9060240963855422,1245,0.9393939393939394,66,0.9696969696969697,66,0.8987951807228916,1245,0.8987951807228916,3
clip_vitb32,waterbirds,balanced_subsample,0,mondrian,APS,0.95,0,3,0.8827309236947791,0.9116465863453815,1245,0.8939393939393939,66,0.9848484848484849,66,0.8827309236947791,1245,0.8827309236947791,3
clip_vitb32,waterbirds,balanced_subsample,0,mondrian,APS,0.95,1,2,0.8787878787878788,0.908433734939759,1245,0.9393939393939394,66,0.8787878787878788,66,0.8803212851405623,1245,0.8787878787878788,2
clip_vitb32,waterbirds,balanced_subsample,0,mondrian,APS,0.95,2,2,0.8636363636363636,0.9349397590361446,1245,0.9545454545454546,66,0.8636363636363636,66,0.934136546184739,1245,0.8636363636363636,2
clip_vitb32,waterbirds,balanced_subsample,0,mondrian,APS,0.95,3,0,0.8867469879518072,0.8867469879518072,1245,0.9696969696969697,66,0.8939393939393939,66,0.9076305220883534,1245,0.8867469879518072,0
clip_vitb32,waterbirds,balanced_subsample,0,mondrian,APS,0.95,4,0,0.8923694779116466,0.8923694779116466,1245,0.9696969696969697,66,0.9696969696969697,66,0.9020080321285141,1245,0.8923694779116466,0
clip_vitb32,waterbirds,balanced_subsample,0,mondrian,APS,0.95,5,3,0.8827309236947791,0.9020080321285141,1245,0.9393939393939394,66,0.9393939393939394,66,0.8827309236947791,1245,0.8827309236947791,3
clip_vitb32,waterbirds,balanced_subsample,0,mondrian,APS,0.95,6,1,0.8484848484848485,0.9124497991967871,1245,0.8484848484848485,66,0.8939393939393939,66,0.8538152610441767,1245,0.8484848484848485,1
clip_vitb32,waterbirds,balanced_subsample,0,mondrian,APS,0.95,7,3,0.8803212851405623,0.9012048192771084,1245,1.0,66,0.8939393939393939,66,0.8803212851405623,1245,0.8803212851405623,3
clip_vitb32,waterbirds,balanced_subsample,0,mondrian,APS,0.95,8,1,0.8939393939393939,0.9397590361445783,1245,0.8939393939393939,66,0.8939393939393939,66,0.9044176706827309,1245,0.8939393939393939,1
clip_vitb32,waterbirds,balanced_subsample,0,mondrian,APS,0.95,9,0,0.9004016064257028,0.9004016064257028,1245,0.9393939393939394,66,0.9696969696969697,66,0.9028112449799197,1245,0.9004016064257028,0
clip_vitb32,waterbirds,balanced_subsample,1,marginal_split,APS,0.95,0,2,0.8484848484848485,0.9164658634538153,1245,0.8787878787878788,66,0.8484848484848485,66,0.8931726907630522,1245,0.8484848484848485,2
clip_vitb32,waterbirds,balanced_subsample,1,marginal_split,APS,0.95,1,0,0.8803212851405623,0.8803212851405623,1245,0.9545454545454546,66,0.8939393939393939,66,0.9132530120481928,1245,0.8803212851405623,0
clip_vitb32,waterbirds,balanced_subsample,1,marginal_split,APS,0.95,2,1,0.803030303030303,0.9124497991967871,1245,0.803030303030303,66,0.9242424242424242,66,0.9373493975903614,1245,0.803030303030303,1
clip_vitb32,waterbirds,balanced_subsample,1,marginal_split,APS,0.95,3,2,0.8636363636363636,0.8899598393574297,1245,0.8787878787878788,66,0.8636363636363636,66,0.9076305220883534,1245,0.8636363636363636,2
clip_vitb32,waterbirds,balanced_subsample,1,marginal_split,APS,0.95,4,1,0.8484848484848485,0.8987951807228916,1245,0.8484848484848485,66,0.8636363636363636,66,0.9044176706827309,1245,0.8484848484848485,1
clip_vitb32,waterbirds,balanced_subsample,1,marginal_split,APS,0.95,5,0,0.8779116465863454,0.8779116465863454,1245,0.9696969696969697,66,0.9090909090909091,66,0.8795180722891566,1245,0.8779116465863454,0
clip_vitb32,waterbirds,balanced_subsample,1,marginal_split,APS,0.95,6,1,0.8484848484848485,0.8843373493975903,1245,0.8484848484848485,66,0.8939393939393939,66,0.8883534136546185,1245,0.8484848484848485,1
clip_vitb32,waterbirds,balanced_subsample,1,marginal_split,APS,0.95,7,2,0.8636363636363636,0.8674698795180723,1245,0.9090909090909091,66,0.8636363636363636,66,0.8811244979919679,1245,0.8636363636363636,2
clip_vitb32,waterbirds,balanced_subsample,1,marginal_split,APS,0.95,8,2,0.8636363636363636,0.9044176706827309,1245,0.8939393939393939,66,0.8636363636363636,66,0.934136546184739,1245,0.8636363636363636,2
clip_vitb32,waterbirds,balanced_subsample,1,marginal_split,APS,0.95,9,2,0.8484848484848485,0.8931726907630522,1245,0.8636363636363636,66,0.8484848484848485,66,0.9261044176706827,1245,0.8484848484848485,2
clip_vitb32,waterbirds,balanced_subsample,1,mondrian,APS,0.95,0,3,0.878714859437751,0.9309236947791165,1245,0.8939393939393939,66,0.9090909090909091,66,0.878714859437751,1245,0.878714859437751,3
clip_vitb32,waterbirds,balanced_subsample,1,mondrian,APS,0.95,1,2,0.7575757575757576,0.8843373493975903,1245,0.9696969696969697,66,0.7575757575757576,66,0.9164658634538153,1245,0.7575757575757576,2
clip_vitb32,waterbirds,balanced_subsample,1,mondrian,APS,0.95,2,1,0.8181818181818182,0.9116465863453815,1245,0.8181818181818182,66,0.8939393939393939,66,0.9437751004016064,1245,0.8181818181818182,1
clip_vitb32,waterbirds,balanced_subsample,1,mondrian,APS,0.95,3,2,0.8636363636363636,0.8947791164658635,1245,0.9090909090909091,66,0.8636363636363636,66,0.9052208835341365,1245,0.8636363636363636,2
clip_vitb32,waterbirds,balanced_subsample,1,mondrian,APS,0.95,4,3,0.8690763052208835,0.9108433734939759,1245,0.9242424242424242,66,0.9242424242424242,66,0.8690763052208835,1245,0.8690763052208835,3
clip_vitb32,waterbirds,balanced_subsample,1,mondrian,APS,0.95,5,3,0.8690763052208835,0.9004016064257028,1245,0.9696969696969697,66,0.9696969696969697,66,0.8690763052208835,1245,0.8690763052208835,3
clip_vitb32,waterbirds,balanced_subsample,1,mondrian,APS,0.95,6,3,0.8570281124497992,0.9236947791164659,1245,0.8636363636363636,66,0.9696969696969697,66,0.8570281124497992,1245,0.8570281124497992,3
clip_vitb32,waterbirds,balanced_subsample,1,mondrian,APS,0.95,7,2,0.8484848484848485,0.8899598393574297,1245,0.9242424242424242,66,0.8484848484848485,66,0.8586345381526105,1245,0.8484848484848485,2
clip_vitb32,waterbirds,balanced_subsample,1,mondrian,APS,0.95,8,2,0.8484848484848485,0.9132530120481928,1245,0.8939393939393939,66,0.8484848484848485,66,0.9285140562248996,1245,0.8484848484848485,2
clip_vitb32,waterbirds,balanced_subsample,1,mondrian,APS,0.95,9,0,0.9012048192771084,0.9012048192771084,1245,0.9393939393939394,66,0.9393939393939394,66,0.9092369477911647,1245,0.9012048192771084,0
clip_vitb32,waterbirds,balanced_subsample,2,marginal_split,APS,0.95,0,3,0.8955823293172691,0.914859437751004,1245,0.9242424242424242,66,0.9242424242424242,66,0.8955823293172691,1245,0.8955823293172691,3
clip_vitb32,waterbirds,balanced_subsample,2,marginal_split,APS,0.95,1,2,0.8484848484848485,0.8819277108433735,1245,0.8636363636363636,66,0.8484848484848485,66,0.8763052208835341,1245,0.8484848484848485,2
clip_vitb32,waterbirds,balanced_subsample,2,marginal_split,APS,0.95,2,2,0.8333333333333334,0.9092369477911647,1245,0.8484848484848485,66,0.8333333333333334,66,0.8955823293172691,1245,0.8333333333333334,2
clip_vitb32,waterbirds,balanced_subsample,2,marginal_split,APS,0.95,3,1,0.8636363636363636,0.8947791164658635,1245,0.8636363636363636,66,0.8636363636363636,66,0.9076305220883534,1245,0.8636363636363636,1
clip_vitb32,waterbirds,balanced_subsample,2,marginal_split,APS,0.95,4,2,0.8484848484848485,0.8995983935742972,1245,0.9393939393939394,66,0.8484848484848485,66,0.9036144578313253,1245,0.8484848484848485,2
clip_vitb32,waterbirds,balanced_subsample,2,marginal_split,APS,0.95,5,3,0.8811244979919679,0.9068273092369478,1245,0.9848484848484849,66,0.8939393939393939,66,0.8811244979919679,1245,0.8811244979919679,3
clip_vitb32,waterbirds,balanced_subsample,2,marginal_split,APS,0.95,6,1,0.8636363636363636,0.9140562248995984,1245,0.8636363636363636,66,0.8636363636363636,66,0.8987951807228916,1245,0.8636363636363636,1
clip_vitb32,waterbirds,balanced_subsample,2,marginal_split,APS,0.95,7,3,0.8618473895582329,0.8674698795180723,1245,0.8939393939393939,66,0.8787878787878788,66,0.8618473895582329,1245,0.8618473895582329,3
clip_vitb32,waterbirds,balanced_subsample,2,marginal_split,APS,0.95,8,2,0.8636363636363636,0.9228915662650602,1245,0.8939393939393939,66,0.8636363636363636,66,0.9196787148594378,1245,0.8636363636363636,2
clip_vitb32,waterbirds,balanced_subsample,2,marginal_split,APS,0.95,9,0,0.8931726907630522,0.8931726907630522,1245,0.9090909090909091,66,0.9090909090909091,66,0.8979919678714859,1245,0.8931726907630522,0
clip_vitb32,waterbirds,balanced_subsample,2,mondrian,APS,0.95,0,3,0.8771084337349397,0.9228915662650602,1245,0.9242424242424242,66,0.9545454545454546,66,0.8771084337349397,1245,0.8771084337349397,3
clip_vitb32,waterbirds,balanced_subsample,2,mondrian,APS,0.95,1,2,0.8484848484848485,0.8819277108433735,1245,0.8636363636363636,66,0.8484848484848485,66,0.8803212851405623,1245,0.8484848484848485,2
clip_vitb32,waterbirds,balanced_subsample,2,mondrian,APS,0.95,2,2,0.8333333333333334,0.9004016064257028,1245,0.8636363636363636,66,0.8333333333333334,66,0.9028112449799197,1245,0.8333333333333334,2
clip_vitb32,waterbirds,balanced_subsample,2,mondrian,APS,0.95,3,2,0.7878787878787878,0.891566265060241,1245,0.8939393939393939,66,0.7878787878787878,66,0.9156626506024096,1245,0.7878787878787878,2
clip_vitb32,waterbirds,balanced_subsample,2,mondrian,APS,0.95,4,2,0.8787878787878788,0.9012048192771084,1245,0.9696969696969697,66,0.8787878787878788,66,0.8891566265060241,1245,0.8787878787878788,2
clip_vitb32,waterbirds,balanced_subsample,2,mondrian,APS,0.95,5,3,0.8755020080321285,0.9204819277108434,1245,0.9848484848484849,66,0.9545454545454546,66,0.8755020080321285,1245,0.8755020080321285,3
clip_vitb32,waterbirds,balanced_subsample,2,mondrian,APS,0.95,6,1,0.8787878787878788,0.914859437751004,1245,0.8787878787878788,66,0.9090909090909091,66,0.8971887550200803,1245,0.8787878787878788,1
clip_vitb32,waterbirds,balanced_subsample,2,mondrian,APS,0.95,7,3,0.8530120481927711,0.8698795180722891,1245,0.9393939393939394,66,0.9242424242424242,66,0.8530120481927711,1245,0.8530120481927711,3
clip_vitb32,waterbirds,balanced_subsample,2,mondrian,APS,0.95,8,1,0.8939393939393939,0.9236947791164659,1245,0.8939393939393939,66,0.9242424242424242,66,0.9204819277108434,1245,0.8939393939393939,1
clip_vitb32,waterbirds,balanced_subsample,2,mondrian,APS,0.95,9,0,0.8835341365461847,0.8835341365461847,1245,0.9090909090909091,66,0.9393939393939394,66,0.9028112449799197,1245,0.8835341365461847,0
dinov2_vitb14,waterbirds,erm,0,marginal_split,APS,0.95,0,1,0.8333333333333334,0.9076305220883534,1245,0.8333333333333334,66,0.8333333333333334,66,0.8963855421686747,1245,0.8333333333333334,1
dinov2_vitb14,waterbirds,erm,0,marginal_split,APS,0.95,1,2,0.8484848484848485,0.8987951807228916,1245,0.9090909090909091,66,0.8484848484848485,66,0.8867469879518072,1245,0.8484848484848485,2
dinov2_vitb14,waterbirds,erm,0,marginal_split,APS,0.95,2,2,0.8333333333333334,0.9060240963855422,1245,0.8484848484848485,66,0.8333333333333334,66,0.885140562248996,1245,0.8333333333333334,2
dinov2_vitb14,waterbirds,erm,0,marginal_split,APS,0.95,3,1,0.803030303030303,0.8867469879518072,1245,0.803030303030303,66,0.8181818181818182,66,0.8987951807228916,1245,0.803030303030303,1
dinov2_vitb14,waterbirds,erm,0,marginal_split,APS,0.95,4,2,0.803030303030303,0.9124497991967871,1245,0.8484848484848485,66,0.803030303030303,66,0.8859437751004016,1245,0.803030303030303,2
dinov2_vitb14,waterbirds,erm,0,marginal_split,APS,0.95,5,2,0.8636363636363636,0.9116465863453815,1245,0.9393939393939394,66,0.8636363636363636,66,0.9076305220883534,1245,0.8636363636363636,2
dinov2_vitb14,waterbirds,erm,0,marginal_split,APS,0.95,6,2,0.8181818181818182,0.9220883534136546,1245,0.8939393939393939,66,0.8181818181818182,66,0.9052208835341365,1245,0.8181818181818182,2
dinov2_vitb14,waterbirds,erm,0,marginal_split,APS,0.95,7,2,0.8333333333333334,0.8947791164658635,1245,0.9393939393939394,66,0.8333333333333334,66,0.8811244979919679,1245,0.8333333333333334,2
dinov2_vitb14,waterbirds,erm,0,marginal_split,APS,0.95,8,2,0.7575757575757576,0.9196787148594378,1245,0.8939393939393939,66,0.7575757575757576,66,0.9044176706827309,1245,0.7575757575757576,2
dinov2_vitb14,waterbirds,erm,0,marginal_split,APS,0.95,9,2,0.7878787878787878,0.9020080321285141,1245,0.8636363636363636,66,0.7878787878787878,66,0.8738955823293173,1245,0.7878787878787878,2
dinov2_vitb14,waterbirds,erm,0,mondrian,APS,0.95,0,3,0.8779116465863454,0.9108433734939759,1245,0.8787878787878788,66,0.9696969696969697,66,0.8779116465863454,1245,0.8779116465863454,3
dinov2_vitb14,waterbirds,erm,0,mondrian,APS,0.95,1,0,0.8819277108433735,0.8819277108433735,1245,0.9696969696969697,66,0.9090909090909091,66,0.8947791164658635,1245,0.8819277108433735,0
dinov2_vitb14,waterbirds,erm,0,mondrian,APS,0.95,2,1,0.8636363636363636,0.8955823293172691,1245,0.8636363636363636,66,0.9090909090909091,66,0.8891566265060241,1245,0.8636363636363636,1
dinov2_vitb14,waterbirds,erm,0,mondrian,APS,0.95,3,0,0.8722891566265061,0.8722891566265061,1245,0.8787878787878788,66,0.9242424242424242,66,0.9004016064257028,1245,0.8722891566265061,0
dinov2_vitb14,waterbirds,erm,0,mondrian,APS,0.95,4,3,0.8755020080321285,0.9156626506024096,1245,0.9090909090909091,66,0.9696969696969697,66,0.8755020080321285,1245,0.8755020080321285,3
dinov2_vitb14,waterbirds,erm,0,mondrian,APS,0.95,5,0,0.9036144578313253,0.9036144578313253,1245,0.9545454545454546,66,0.9848484848484849,66,0.9068273092369478,1245,0.9036144578313253,0
dinov2_vitb14,waterbirds,erm,0,mondrian,APS,0.95,6,0,0.9044176706827309,0.9044176706827309,1245,0.9242424242424242,66,0.9696969696969697,66,0.9052208835341365,1245,0.9044176706827309,0
dinov2_vitb14,waterbirds,erm,0,mondrian,APS,0.95,7,3,0.8698795180722891,0.885140562248996,1245,0.9848484848484849,66,0.8787878787878788,66,0.8698795180722891,1245,0.8698795180722891,3
dinov2_vitb14,waterbirds,erm,0,mondrian,APS,0.95,8,3,0.8995983935742972,0.9196787148594378,1245,0.9242424242424242,66,0.9090909090909091,66,0.8995983935742972,1245,0.8995983935742972,3
dinov2_vitb14,waterbirds,erm,0,mondrian,APS,0.95,9,1,0.8636363636363636,0.8947791164658635,1245,0.8636363636363636,66,0.9090909090909091,66,0.8803212851405623,1245,0.8636363636363636,1
dinov2_vitb14,waterbirds,erm,1,marginal_split,APS,0.95,0,1,0.8333333333333334,0.9076305220883534,1245,0.8333333333333334,66,0.8333333333333334,66,0.8963855421686747,1245,0.8333333333333334,1
dinov2_vitb14,waterbirds,erm,1,marginal_split,APS,0.95,1,2,0.8484848484848485,0.8987951807228916,1245,0.9090909090909091,66,0.8484848484848485,66,0.8867469879518072,1245,0.8484848484848485,2
dinov2_vitb14,waterbirds,erm,1,marginal_split,APS,0.95,2,2,0.8333333333333334,0.9060240963855422,1245,0.8484848484848485,66,0.8333333333333334,66,0.885140562248996,1245,0.8333333333333334,2
dinov2_vitb14,waterbirds,erm,1,marginal_split,APS,0.95,3,1,0.803030303030303,0.8867469879518072,1245,0.803030303030303,66,0.8181818181818182,66,0.8987951807228916,1245,0.803030303030303,1
dinov2_vitb14,waterbirds,erm,1,marginal_split,APS,0.95,4,2,0.803030303030303,0.9124497991967871,1245,0.8484848484848485,66,0.803030303030303,66,0.8859437751004016,1245,0.803030303030303,2
dinov2_vitb14,waterbirds,erm,1,marginal_split,APS,0.95,5,2,0.8636363636363636,0.9116465863453815,1245,0.9393939393939394,66,0.8636363636363636,66,0.9076305220883534,1245,0.8636363636363636,2
dinov2_vitb14,waterbirds,erm,1,marginal_split,APS,0.95,6,2,0.8181818181818182,0.9220883534136546,1245,0.8939393939393939,66,0.8181818181818182,66,0.9052208835341365,1245,0.8181818181818182,2
dinov2_vitb14,waterbirds,erm,1,marginal_split,APS,0.95,7,2,0.8333333333333334,0.8947791164658635,1245,0.9393939393939394,66,0.8333333333333334,66,0.8811244979919679,1245,0.8333333333333334,2
dinov2_vitb14,waterbirds,erm,1,marginal_split,APS,0.95,8,2,0.7575757575757576,0.9196787148594378,1245,0.8939393939393939,66,0.7575757575757576,66,0.9044176706827309,1245,0.7575757575757576,2
dinov2_vitb14,waterbirds,erm,1,marginal_split,APS,0.95,9,2,0.7878787878787878,0.9020080321285141,1245,0.8636363636363636,66,0.7878787878787878,66,0.8738955823293173,1245,0.7878787878787878,2
dinov2_vitb14,waterbirds,erm,1,mondrian,APS,0.95,0,3,0.8779116465863454,0.9108433734939759,1245,0.8787878787878788,66,0.9696969696969697,66,0.8779116465863454,1245,0.8779116465863454,3
dinov2_vitb14,waterbirds,erm,1,mondrian,APS,0.95,1,0,0.8819277108433735,0.8819277108433735,1245,0.9696969696969697,66,0.9090909090909091,66,0.8947791164658635,1245,0.8819277108433735,0
dinov2_vitb14,waterbirds,erm,1,mondrian,APS,0.95,2,1,0.8636363636363636,0.8955823293172691,1245,0.8636363636363636,66,0.9090909090909091,66,0.8891566265060241,1245,0.8636363636363636,1
dinov2_vitb14,waterbirds,erm,1,mondrian,APS,0.95,3,0,0.8722891566265061,0.8722891566265061,1245,0.8787878787878788,66,0.9242424242424242,66,0.9004016064257028,1245,0.8722891566265061,0
dinov2_vitb14,waterbirds,erm,1,mondrian,APS,0.95,4,3,0.8755020080321285,0.9156626506024096,1245,0.9090909090909091,66,0.9696969696969697,66,0.8755020080321285,1245,0.8755020080321285,3
dinov2_vitb14,waterbirds,erm,1,mondrian,APS,0.95,5,0,0.9036144578313253,0.9036144578313253,1245,0.9545454545454546,66,0.9848484848484849,66,0.9068273092369478,1245,0.9036144578313253,0
dinov2_vitb14,waterbirds,erm,1,mondrian,APS,0.95,6,0,0.9044176706827309,0.9044176706827309,1245,0.9242424242424242,66,0.9696969696969697,66,0.9052208835341365,1245,0.9044176706827309,0
dinov2_vitb14,waterbirds,erm,1,mondrian,APS,0.95,7,3,0.8698795180722891,0.885140562248996,1245,0.9848484848484849,66,0.8787878787878788,66,0.8698795180722891,1245,0.8698795180722891,3
dinov2_vitb14,waterbirds,erm,1,mondrian,APS,0.95,8,3,0.8995983935742972,0.9196787148594378,1245,0.9242424242424242,66,0.9090909090909091,66,0.8995983935742972,1245,0.8995983935742972,3
dinov2_vitb14,waterbirds,erm,1,mondrian,APS,0.95,9,1,0.8636363636363636,0.8947791164658635,1245,0.8636363636363636,66,0.9090909090909091,66,0.8803212851405623,1245,0.8636363636363636,1
dinov2_vitb14,waterbirds,erm,2,marginal_split,APS,0.95,0,1,0.8333333333333334,0.9076305220883534,1245,0.8333333333333334,66,0.8333333333333334,66,0.8963855421686747,1245,0.8333333333333334,1
dinov2_vitb14,waterbirds,erm,2,marginal_split,APS,0.95,1,2,0.8484848484848485,0.8987951807228916,1245,0.9090909090909091,66,0.8484848484848485,66,0.8867469879518072,1245,0.8484848484848485,2
dinov2_vitb14,waterbirds,erm,2,marginal_split,APS,0.95,2,2,0.8333333333333334,0.9060240963855422,1245,0.8484848484848485,66,0.8333333333333334,66,0.885140562248996,1245,0.8333333333333334,2
dinov2_vitb14,waterbirds,erm,2,marginal_split,APS,0.95,3,1,0.803030303030303,0.8867469879518072,1245,0.803030303030303,66,0.8181818181818182,66,0.8987951807228916,1245,0.803030303030303,1
dinov2_vitb14,waterbirds,erm,2,marginal_split,APS,0.95,4,2,0.803030303030303,0.9124497991967871,1245,0.8484848484848485,66,0.803030303030303,66,0.8859437751004016,1245,0.803030303030303,2
dinov2_vitb14,waterbirds,erm,2,marginal_split,APS,0.95,5,2,0.8636363636363636,0.9116465863453815,1245,0.9393939393939394,66,0.8636363636363636,66,0.9076305220883534,1245,0.8636363636363636,2
dinov2_vitb14,waterbirds,erm,2,marginal_split,APS,0.95,6,2,0.8181818181818182,0.9220883534136546,1245,0.8939393939393939,66,0.8181818181818182,66,0.9052208835341365,1245,0.8181818181818182,2
dinov2_vitb14,waterbirds,erm,2,marginal_split,APS,0.95,7,2,0.8333333333333334,0.8947791164658635,1245,0.9393939393939394,66,0.8333333333333334,66,0.8811244979919679,1245,0.8333333333333334,2
dinov2_vitb14,waterbirds,erm,2,marginal_split,APS,0.95,8,2,0.7575757575757576,0.9196787148594378,1245,0.8939393939393939,66,0.7575757575757576,66,0.9044176706827309,1245,0.7575757575757576,2
dinov2_vitb14,waterbirds,erm,2,marginal_split,APS,0.95,9,2,0.7878787878787878,0.9020080321285141,1245,0.8636363636363636,66,0.7878787878787878,66,0.8738955823293173,1245,0.7878787878787878,2
dinov2_vitb14,waterbirds,erm,2,mondrian,APS,0.95,0,3,0.8779116465863454,0.9108433734939759,1245,0.8787878787878788,66,0.9696969696969697,66,0.8779116465863454,1245,0.8779116465863454,3
dinov2_vitb14,waterbirds,erm,2,mondrian,APS,0.95,1,0,0.8819277108433735,0.8819277108433735,1245,0.9696969696969697,66,0.9090909090909091,66,0.8947791164658635,1245,0.8819277108433735,0
dinov2_vitb14,waterbirds,erm,2,mondrian,APS,0.95,2,1,0.8636363636363636,0.8955823293172691,1245,0.8636363636363636,66,0.9090909090909091,66,0.8891566265060241,1245,0.8636363636363636,1
dinov2_vitb14,waterbirds,erm,2,mondrian,APS,0.95,3,0,0.8722891566265061,0.8722891566265061,1245,0.8787878787878788,66,0.9242424242424242,66,0.9004016064257028,1245,0.8722891566265061,0
dinov2_vitb14,waterbirds,erm,2,mondrian,APS,0.95,4,3,0.8755020080321285,0.9156626506024096,1245,0.9090909090909091,66,0.9696969696969697,66,0.8755020080321285,1245,0.8755020080321285,3
dinov2_vitb14,waterbirds,erm,2,mondrian,APS,0.95,5,0,0.9036144578313253,0.9036144578313253,1245,0.9545454545454546,66,0.9848484848484849,66,0.9068273092369478,1245,0.9036144578313253,0
dinov2_vitb14,waterbirds,erm,2,mondrian,APS,0.95,6,0,0.9044176706827309,0.9044176706827309,1245,0.9242424242424242,66,0.9696969696969697,66,0.9052208835341365,1245,0.9044176706827309,0
dinov2_vitb14,waterbirds,erm,2,mondrian,APS,0.95,7,3,0.8698795180722891,0.885140562248996,1245,0.9848484848484849,66,0.8787878787878788,66,0.8698795180722891,1245,0.8698795180722891,3
dinov2_vitb14,waterbirds,erm,2,mondrian,APS,0.95,8,3,0.8995983935742972,0.9196787148594378,1245,0.9242424242424242,66,0.9090909090909091,66,0.8995983935742972,1245,0.8995983935742972,3
dinov2_vitb14,waterbirds,erm,2,mondrian,APS,0.95,9,1,0.8636363636363636,0.8947791164658635,1245,0.8636363636363636,66,0.9090909090909091,66,0.8803212851405623,1245,0.8636363636363636,1
dinov2_vitb14,waterbirds,dfr,0,marginal_split,APS,0.95,0,1,0.8636363636363636,0.9132530120481928,1245,0.8636363636363636,66,0.9242424242424242,66,0.8867469879518072,1245,0.8636363636363636,1
dinov2_vitb14,waterbirds,dfr,0,marginal_split,APS,0.95,1,2,0.8484848484848485,0.8907630522088353,1245,0.9242424242424242,66,0.8484848484848485,66,0.8755020080321285,1245,0.8484848484848485,2
dinov2_vitb14,waterbirds,dfr,0,marginal_split,APS,0.95,2,3,0.8779116465863454,0.8939759036144578,1245,0.9090909090909091,66,0.9242424242424242,66,0.8779116465863454,1245,0.8779116465863454,3
dinov2_vitb14,waterbirds,dfr,0,marginal_split,APS,0.95,3,1,0.8484848484848485,0.8939759036144578,1245,0.8484848484848485,66,0.8939393939393939,66,0.8979919678714859,1245,0.8484848484848485,1
dinov2_vitb14,waterbirds,dfr,0,marginal_split,APS,0.95,4,2,0.8333333333333334,0.9036144578313253,1245,0.9242424242424242,66,0.8333333333333334,66,0.8763052208835341,1245,0.8333333333333334,2
dinov2_vitb14,waterbirds,dfr,0,marginal_split,APS,0.95,5,3,0.9116465863453815,0.9172690763052209,1245,0.9545454545454546,66,0.9242424242424242,66,0.9116465863453815,1245,0.9116465863453815,3
dinov2_vitb14,waterbirds,dfr,0,marginal_split,APS,0.95,6,2,0.8484848484848485,0.908433734939759,1245,0.8636363636363636,66,0.8484848484848485,66,0.8867469879518072,1245,0.8484848484848485,2
dinov2_vitb14,waterbirds,dfr,0,marginal_split,APS,0.95,7,2,0.8636363636363636,0.8947791164658635,1245,0.9545454545454546,66,0.8636363636363636,66,0.8771084337349397,1245,0.8636363636363636,2
dinov2_vitb14,waterbirds,dfr,0,marginal_split,APS,0.95,8,2,0.8484848484848485,0.9156626506024096,1245,0.8636363636363636,66,0.8484848484848485,66,0.9012048192771084,1245,0.8484848484848485,2
dinov2_vitb14,waterbirds,dfr,0,marginal_split,APS,0.95,9,1,0.8333333333333334,0.8987951807228916,1245,0.8333333333333334,66,0.8939393939393939,66,0.8698795180722891,1245,0.8333333333333334,1
dinov2_vitb14,waterbirds,dfr,0,mondrian,APS,0.95,0,3,0.8730923694779117,0.9204819277108434,1245,0.9090909090909091,66,0.9545454545454546,66,0.8730923694779117,1245,0.8730923694779117,3
dinov2_vitb14,waterbirds,dfr,0,mondrian,APS,0.95,1,2,0.8484848484848485,0.8811244979919679,1245,0.9090909090909091,66,0.8484848484848485,66,0.885140562248996,1245,0.8484848484848485,2
dinov2_vitb14,waterbirds,dfr,0,mondrian,APS,0.95,2,3,0.8883534136546185,0.8891566265060241,1245,0.9090909090909091,66,0.9696969696969697,66,0.8883534136546185,1245,0.8883534136546185,3
dinov2_vitb14,waterbirds,dfr,0,mondrian,APS,0.95,3,0,0.8795180722891566,0.8795180722891566,1245,0.9090909090909091,66,0.8939393939393939,66,0.9132530120481928,1245,0.8795180722891566,0
dinov2_vitb14,waterbirds,dfr,0,mondrian,APS,0.95,4,2,0.8181818181818182,0.9068273092369478,1245,0.9696969696969697,66,0.8181818181818182,66,0.8779116465863454,1245,0.8181818181818182,2
dinov2_vitb14,waterbirds,dfr,0,mondrian,APS,0.95,5,3,0.9116465863453815,0.9132530120481928,1245,0.9545454545454546,66,0.9545454545454546,66,0.9116465863453815,1245,0.9116465863453815,3
dinov2_vitb14,waterbirds,dfr,0,mondrian,APS,0.95,6,3,0.8947791164658635,0.8987951807228916,1245,0.9090909090909091,66,0.9090909090909091,66,0.8947791164658635,1245,0.8947791164658635,3
dinov2_vitb14,waterbirds,dfr,0,mondrian,APS,0.95,7,2,0.8333333333333334,0.8939759036144578,1245,0.9848484848484849,66,0.8333333333333334,66,0.8819277108433735,1245,0.8333333333333334,2
dinov2_vitb14,waterbirds,dfr,0,mondrian,APS,0.95,8,2,0.7878787878787878,0.9164658634538153,1245,0.9242424242424242,66,0.7878787878787878,66,0.9020080321285141,1245,0.7878787878787878,2
dinov2_vitb14,waterbirds,dfr,0,mondrian,APS,0.95,9,1,0.8333333333333334,0.8963855421686747,1245,0.8333333333333334,66,1.0,66,0.8755020080321285,1245,0.8333333333333334,1
dinov2_vitb14,waterbirds,dfr,1,marginal_split,APS,0.95,0,1,0.8636363636363636,0.9068273092369478,1245,0.8636363636363636,66,0.9242424242424242,66,0.8883534136546185,1245,0.8636363636363636,1
dinov2_vitb14,waterbirds,dfr,1,marginal_split,APS,0.95,1,2,0.8636363636363636,0.8899598393574297,1245,0.9090909090909091,66,0.8636363636363636,66,0.8827309236947791,1245,0.8636363636363636,2
dinov2_vitb14,waterbirds,dfr,1,marginal_split,APS,0.95,2,3,0.8827309236947791,0.8923694779116466,1245,0.8939393939393939,66,0.9393939393939394,66,0.8827309236947791,1245,0.8827309236947791,3
dinov2_vitb14,waterbirds,dfr,1,marginal_split,APS,0.95,3,1,0.8636363636363636,0.8875502008032129,1245,0.8636363636363636,66,0.8939393939393939,66,0.8995983935742972,1245,0.8636363636363636,1
dinov2_vitb14,waterbirds,dfr,1,marginal_split,APS,0.95,4,2,0.8636363636363636,0.9060240963855422,1245,0.9090909090909091,66,0.8636363636363636,66,0.8811244979919679,1245,0.8636363636363636,2
dinov2_vitb14,waterbirds,dfr,1,marginal_split,APS,0.95,5,0,0.9092369477911647,0.9092369477911647,1245,0.9545454545454546,66,0.9242424242424242,66,0.9100401606425703,1245,0.9092369477911647,0
dinov2_vitb14,waterbirds,dfr,1,marginal_split,APS,0.95,6,2,0.8484848484848485,0.9116465863453815,1245,0.8787878787878788,66,0.8484848484848485,66,0.8883534136546185,1245,0.8484848484848485,2
dinov2_vitb14,waterbirds,dfr,1,marginal_split,APS,0.95,7,2,0.8787878787878788,0.8955823293172691,1245,0.9545454545454546,66,0.8787878787878788,66,0.8891566265060241,1245,0.8787878787878788,2
dinov2_vitb14,waterbirds,dfr,1,marginal_split,APS,0.95,8,2,0.8636363636363636,0.9132530120481928,1245,0.8939393939393939,66,0.8636363636363636,66,0.9036144578313253,1245,0.8636363636363636,2
dinov2_vitb14,waterbirds,dfr,1,marginal_split,APS,0.95,9,1,0.8333333333333334,0.8963855421686747,1245,0.8333333333333334,66,0.9090909090909091,66,0.8763052208835341,1245,0.8333333333333334,1
dinov2_vitb14,waterbirds,dfr,1,mondrian,APS,0.95,0,1,0.8484848484848485,0.9124497991967871,1245,0.8484848484848485,66,0.9242424242424242,66,0.8835341365461847,1245,0.8484848484848485,1
dinov2_vitb14,waterbirds,dfr,1,mondrian,APS,0.95,1,2,0.8484848484848485,0.8779116465863454,1245,0.9090909090909091,66,0.8484848484848485,66,0.8923694779116466,1245,0.8484848484848485,2
dinov2_vitb14,waterbirds,dfr,1,mondrian,APS,0.95,2,0,0.8835341365461847,0.8835341365461847,1245,0.8939393939393939,66,0.9696969696969697,66,0.8899598393574297,1245,0.8835341365461847,0
dinov2_vitb14,waterbirds,dfr,1,mondrian,APS,0.95,3,0,0.8803212851405623,0.8803212851405623,1245,0.9090909090909091,66,0.8939393939393939,66,0.9100401606425703,1245,0.8803212851405623,0
dinov2_vitb14,waterbirds,dfr,1,mondrian,APS,0.95,4,2,0.8636363636363636,0.9124497991967871,1245,0.9696969696969697,66,0.8636363636363636,66,0.8730923694779117,1245,0.8636363636363636,2
dinov2_vitb14,waterbirds,dfr,1,mondrian,APS,0.95,5,3,0.9100401606425703,0.9124497991967871,1245,0.9545454545454546,66,0.9848484848484849,66,0.9100401606425703,1245,0.9100401606425703,3
dinov2_vitb14,waterbirds,dfr,1,mondrian,APS,0.95,6,3,0.8947791164658635,0.9028112449799197,1245,0.9393939393939394,66,0.9090909090909091,66,0.8947791164658635,1245,0.8947791164658635,3
dinov2_vitb14,waterbirds,dfr,1,mondrian,APS,0.95,7,2,0.8484848484848485,0.8955823293172691,1245,1.0,66,0.8484848484848485,66,0.8867469879518072,1245,0.8484848484848485,2
dinov2_vitb14,waterbirds,dfr,1,mondrian,APS,0.95,8,2,0.8181818181818182,0.9188755020080321,1245,0.9393939393939394,66,0.8181818181818182,66,0.9028112449799197,1245,0.8181818181818182,2
dinov2_vitb14,waterbirds,dfr,1,mondrian,APS,0.95,9,1,0.8333333333333334,0.8955823293172691,1245,0.8333333333333334,66,1.0,66,0.8771084337349397,1245,0.8333333333333334,1
dinov2_vitb14,waterbirds,dfr,2,marginal_split,APS,0.95,0,1,0.8636363636363636,0.9068273092369478,1245,0.8636363636363636,66,0.9242424242424242,66,0.8883534136546185,1245,0.8636363636363636,1
dinov2_vitb14,waterbirds,dfr,2,marginal_split,APS,0.95,1,2,0.8636363636363636,0.8875502008032129,1245,0.9090909090909091,66,0.8636363636363636,66,0.8779116465863454,1245,0.8636363636363636,2
dinov2_vitb14,waterbirds,dfr,2,marginal_split,APS,0.95,2,3,0.885140562248996,0.8947791164658635,1245,0.9090909090909091,66,0.9242424242424242,66,0.885140562248996,1245,0.885140562248996,3
dinov2_vitb14,waterbirds,dfr,2,marginal_split,APS,0.95,3,1,0.8636363636363636,0.8891566265060241,1245,0.8636363636363636,66,0.8939393939393939,66,0.9012048192771084,1245,0.8636363636363636,1
dinov2_vitb14,waterbirds,dfr,2,marginal_split,APS,0.95,4,2,0.8484848484848485,0.9076305220883534,1245,0.9242424242424242,66,0.8484848484848485,66,0.878714859437751,1245,0.8484848484848485,2
dinov2_vitb14,waterbirds,dfr,2,marginal_split,APS,0.95,5,0,0.914859437751004,0.914859437751004,1245,0.9545454545454546,66,0.9393939393939394,66,0.9156626506024096,1245,0.914859437751004,0
dinov2_vitb14,waterbirds,dfr,2,marginal_split,APS,0.95,6,2,0.8484848484848485,0.9076305220883534,1245,0.8787878787878788,66,0.8484848484848485,66,0.885140562248996,1245,0.8484848484848485,2
dinov2_vitb14,waterbirds,dfr,2,marginal_split,APS,0.95,7,2,0.8636363636363636,0.8963855421686747,1245,0.9545454545454546,66,0.8636363636363636,66,0.8819277108433735,1245,0.8636363636363636,2
dinov2_vitb14,waterbirds,dfr,2,marginal_split,APS,0.95,8,2,0.8636363636363636,0.9172690763052209,1245,0.8787878787878788,66,0.8636363636363636,66,0.9052208835341365,1245,0.8636363636363636,2
dinov2_vitb14,waterbirds,dfr,2,marginal_split,APS,0.95,9,1,0.8333333333333334,0.8995983935742972,1245,0.8333333333333334,66,0.8787878787878788,66,0.8730923694779117,1245,0.8333333333333334,1
dinov2_vitb14,waterbirds,dfr,2,mondrian,APS,0.95,0,1,0.8333333333333334,0.914859437751004,1245,0.8333333333333334,66,0.9696969696969697,66,0.8755020080321285,1245,0.8333333333333334,1
dinov2_vitb14,waterbirds,dfr,2,mondrian,APS,0.95,1,2,0.8484848484848485,0.8738955823293173,1245,0.9242424242424242,66,0.8484848484848485,66,0.8883534136546185,1245,0.8484848484848485,2
dinov2_vitb14,waterbirds,dfr,2,mondrian,APS,0.95,2,0,0.8875502008032129,0.8875502008032129,1245,0.9090909090909091,66,0.9545454545454546,66,0.8899598393574297,1245,0.8875502008032129,0
dinov2_vitb14,waterbirds,dfr,2,mondrian,APS,0.95,3,0,0.8803212851405623,0.8803212851405623,1245,0.9090909090909091,66,0.8939393939393939,66,0.9100401606425703,1245,0.8803212851405623,0
dinov2_vitb14,waterbirds,dfr,2,mondrian,APS,0.95,4,2,0.8636363636363636,0.9092369477911647,1245,0.9696969696969697,66,0.8636363636363636,66,0.8738955823293173,1245,0.8636363636363636,2
dinov2_vitb14,waterbirds,dfr,2,mondrian,APS,0.95,5,0,0.9124497991967871,0.9124497991967871,1245,0.9545454545454546,66,0.9848484848484849,66,0.9140562248995984,1245,0.9124497991967871,0
dinov2_vitb14,waterbirds,dfr,2,mondrian,APS,0.95,6,2,0.8939393939393939,0.8979919678714859,1245,0.9242424242424242,66,0.8939393939393939,66,0.8939759036144578,1245,0.8939393939393939,2
dinov2_vitb14,waterbirds,dfr,2,mondrian,APS,0.95,7,2,0.8181818181818182,0.8963855421686747,1245,0.9848484848484849,66,0.8181818181818182,66,0.8755020080321285,1245,0.8181818181818182,2
dinov2_vitb14,waterbirds,dfr,2,mondrian,APS,0.95,8,2,0.7727272727272727,0.9244979919678715,1245,0.9090909090909091,66,0.7727272727272727,66,0.9044176706827309,1245,0.7727272727272727,2
dinov2_vitb14,waterbirds,dfr,2,mondrian,APS,0.95,9,1,0.8333333333333334,0.8955823293172691,1245,0.8333333333333334,66,0.9696969696969697,66,0.8771084337349397,1245,0.8333333333333334,1
dinov2_vitb14,waterbirds,afr,0,marginal_split,APS,0.95,0,1,0.8636363636363636,0.9124497991967871,1245,0.8636363636363636,66,0.8636363636363636,66,0.8843373493975903,1245,0.8636363636363636,1
dinov2_vitb14,waterbirds,afr,0,marginal_split,APS,0.95,1,3,0.8666666666666667,0.914859437751004,1245,0.9545454545454546,66,0.8787878787878788,66,0.8666666666666667,1245,0.8666666666666667,3
dinov2_vitb14,waterbirds,afr,0,marginal_split,APS,0.95,2,2,0.8484848484848485,0.9028112449799197,1245,0.9242424242424242,66,0.8484848484848485,66,0.8634538152610441,1245,0.8484848484848485,2
dinov2_vitb14,waterbirds,afr,0,marginal_split,APS,0.95,3,2,0.8636363636363636,0.9124497991967871,1245,0.8787878787878788,66,0.8636363636363636,66,0.8755020080321285,1245,0.8636363636363636,2
dinov2_vitb14,waterbirds,afr,0,marginal_split,APS,0.95,4,3,0.8626506024096385,0.9204819277108434,1245,0.9545454545454546,66,0.8636363636363636,66,0.8626506024096385,1245,0.8626506024096385,3
dinov2_vitb14,waterbirds,afr,0,marginal_split,APS,0.95,5,3,0.8738955823293173,0.9236947791164659,1245,0.9696969696969697,66,0.9393939393939394,66,0.8738955823293173,1245,0.8738955823293173,3
dinov2_vitb14,waterbirds,afr,0,marginal_split,APS,0.95,6,2,0.8484848484848485,0.921285140562249,1245,0.8939393939393939,66,0.8484848484848485,66,0.885140562248996,1245,0.8484848484848485,2
dinov2_vitb14,waterbirds,afr,0,marginal_split,APS,0.95,7,2,0.8636363636363636,0.9060240963855422,1245,0.9545454545454546,66,0.8636363636363636,66,0.8714859437751004,1245,0.8636363636363636,2
dinov2_vitb14,waterbirds,afr,0,marginal_split,APS,0.95,8,2,0.803030303030303,0.9228915662650602,1245,0.9242424242424242,66,0.803030303030303,66,0.8963855421686747,1245,0.803030303030303,2
dinov2_vitb14,waterbirds,afr,0,marginal_split,APS,0.95,9,2,0.7878787878787878,0.9044176706827309,1245,0.8787878787878788,66,0.7878787878787878,66,0.8763052208835341,1245,0.7878787878787878,2
dinov2_vitb14,waterbirds,afr,0,mondrian,APS,0.95,0,1,0.8787878787878788,0.9052208835341365,1245,0.8787878787878788,66,0.9696969696969697,66,0.8963855421686747,1245,0.8787878787878788,1
dinov2_vitb14,waterbirds,afr,0,mondrian,APS,0.95,1,2,0.8636363636363636,0.8923694779116466,1245,0.8939393939393939,66,0.8636363636363636,66,0.8963855421686747,1245,0.8636363636363636,2
dinov2_vitb14,waterbirds,afr,0,mondrian,APS,0.95,2,3,0.8738955823293173,0.8859437751004016,1245,0.8939393939393939,66,0.9393939393939394,66,0.8738955823293173,1245,0.8738955823293173,3
dinov2_vitb14,waterbirds,afr,0,mondrian,APS,0.95,3,0,0.8835341365461847,0.8835341365461847,1245,0.8939393939393939,66,0.9242424242424242,66,0.8907630522088353,1245,0.8835341365461847,0
dinov2_vitb14,waterbirds,afr,0,mondrian,APS,0.95,4,3,0.8626506024096385,0.9172690763052209,1245,0.9696969696969697,66,0.9696969696969697,66,0.8626506024096385,1245,0.8626506024096385,3
dinov2_vitb14,waterbirds,afr,0,mondrian,APS,0.95,5,3,0.8763052208835341,0.9156626506024096,1245,0.9696969696969697,66,1.0,66,0.8763052208835341,1245,0.8763052208835341,3
dinov2_vitb14,waterbirds,afr,0,mondrian,APS,0.95,6,0,0.8939759036144578,0.8939759036144578,1245,0.9242424242424242,66,0.9848484848484849,66,0.9004016064257028,1245,0.8939759036144578,0
dinov2_vitb14,waterbirds,afr,0,mondrian,APS,0.95,7,2,0.8636363636363636,0.891566265060241,1245,1.0,66,0.8636363636363636,66,0.8811244979919679,1245,0.8636363636363636,2
dinov2_vitb14,waterbirds,afr,0,mondrian,APS,0.95,8,2,0.7272727272727273,0.9188755020080321,1245,0.8333333333333334,66,0.7272727272727273,66,0.9116465863453815,1245,0.7272727272727273,2
dinov2_vitb14,waterbirds,afr,0,mondrian,APS,0.95,9,1,0.8484848484848485,0.8987951807228916,1245,0.8484848484848485,66,0.8636363636363636,66,0.9044176706827309,1245,0.8484848484848485,1
dinov2_vitb14,waterbirds,afr,1,marginal_split,APS,0.95,0,1,0.8636363636363636,0.9124497991967871,1245,0.8636363636363636,66,0.8636363636363636,66,0.8843373493975903,1245,0.8636363636363636,1
dinov2_vitb14,waterbirds,afr,1,marginal_split,APS,0.95,1,3,0.8666666666666667,0.914859437751004,1245,0.9545454545454546,66,0.8787878787878788,66,0.8666666666666667,1245,0.8666666666666667,3
dinov2_vitb14,waterbirds,afr,1,marginal_split,APS,0.95,2,2,0.8484848484848485,0.9028112449799197,1245,0.9242424242424242,66,0.8484848484848485,66,0.8634538152610441,1245,0.8484848484848485,2
dinov2_vitb14,waterbirds,afr,1,marginal_split,APS,0.95,3,2,0.8636363636363636,0.9124497991967871,1245,0.8787878787878788,66,0.8636363636363636,66,0.8755020080321285,1245,0.8636363636363636,2
dinov2_vitb14,waterbirds,afr,1,marginal_split,APS,0.95,4,3,0.8626506024096385,0.9204819277108434,1245,0.9545454545454546,66,0.8636363636363636,66,0.8626506024096385,1245,0.8626506024096385,3
dinov2_vitb14,waterbirds,afr,1,marginal_split,APS,0.95,5,3,0.8738955823293173,0.9236947791164659,1245,0.9696969696969697,66,0.9393939393939394,66,0.8738955823293173,1245,0.8738955823293173,3
dinov2_vitb14,waterbirds,afr,1,marginal_split,APS,0.95,6,2,0.8484848484848485,0.921285140562249,1245,0.8939393939393939,66,0.8484848484848485,66,0.885140562248996,1245,0.8484848484848485,2
dinov2_vitb14,waterbirds,afr,1,marginal_split,APS,0.95,7,2,0.8636363636363636,0.9060240963855422,1245,0.9545454545454546,66,0.8636363636363636,66,0.8714859437751004,1245,0.8636363636363636,2
dinov2_vitb14,waterbirds,afr,1,marginal_split,APS,0.95,8,2,0.803030303030303,0.9228915662650602,1245,0.9242424242424242,66,0.803030303030303,66,0.8963855421686747,1245,0.803030303030303,2
dinov2_vitb14,waterbirds,afr,1,marginal_split,APS,0.95,9,2,0.7878787878787878,0.9044176706827309,1245,0.8787878787878788,66,0.7878787878787878,66,0.8763052208835341,1245,0.7878787878787878,2
dinov2_vitb14,waterbirds,afr,1,mondrian,APS,0.95,0,1,0.8787878787878788,0.9052208835341365,1245,0.8787878787878788,66,0.9696969696969697,66,0.8963855421686747,1245,0.8787878787878788,1
dinov2_vitb14,waterbirds,afr,1,mondrian,APS,0.95,1,2,0.8636363636363636,0.8923694779116466,1245,0.8939393939393939,66,0.8636363636363636,66,0.8963855421686747,1245,0.8636363636363636,2
dinov2_vitb14,waterbirds,afr,1,mondrian,APS,0.95,2,3,0.8738955823293173,0.8859437751004016,1245,0.8939393939393939,66,0.9393939393939394,66,0.8738955823293173,1245,0.8738955823293173,3
dinov2_vitb14,waterbirds,afr,1,mondrian,APS,0.95,3,0,0.8835341365461847,0.8835341365461847,1245,0.8939393939393939,66,0.9242424242424242,66,0.8907630522088353,1245,0.8835341365461847,0
dinov2_vitb14,waterbirds,afr,1,mondrian,APS,0.95,4,3,0.8626506024096385,0.9172690763052209,1245,0.9696969696969697,66,0.9696969696969697,66,0.8626506024096385,1245,0.8626506024096385,3
dinov2_vitb14,waterbirds,afr,1,mondrian,APS,0.95,5,3,0.8763052208835341,0.9156626506024096,1245,0.9696969696969697,66,1.0,66,0.8763052208835341,1245,0.8763052208835341,3
dinov2_vitb14,waterbirds,afr,1,mondrian,APS,0.95,6,0,0.8939759036144578,0.8939759036144578,1245,0.9242424242424242,66,0.9848484848484849,66,0.9004016064257028,1245,0.8939759036144578,0
dinov2_vitb14,waterbirds,afr,1,mondrian,APS,0.95,7,2,0.8636363636363636,0.891566265060241,1245,1.0,66,0.8636363636363636,66,0.8811244979919679,1245,0.8636363636363636,2
dinov2_vitb14,waterbirds,afr,1,mondrian,APS,0.95,8,2,0.7272727272727273,0.9188755020080321,1245,0.8333333333333334,66,0.7272727272727273,66,0.9116465863453815,1245,0.7272727272727273,2
dinov2_vitb14,waterbirds,afr,1,mondrian,APS,0.95,9,1,0.8484848484848485,0.8987951807228916,1245,0.8484848484848485,66,0.8636363636363636,66,0.9044176706827309,1245,0.8484848484848485,1
dinov2_vitb14,waterbirds,afr,2,marginal_split,APS,0.95,0,1,0.8636363636363636,0.9124497991967871,1245,0.8636363636363636,66,0.8636363636363636,66,0.8843373493975903,1245,0.8636363636363636,1
dinov2_vitb14,waterbirds,afr,2,marginal_split,APS,0.95,1,3,0.8666666666666667,0.914859437751004,1245,0.9545454545454546,66,0.8787878787878788,66,0.8666666666666667,1245,0.8666666666666667,3
dinov2_vitb14,waterbirds,afr,2,marginal_split,APS,0.95,2,2,0.8484848484848485,0.9028112449799197,1245,0.9242424242424242,66,0.8484848484848485,66,0.8634538152610441,1245,0.8484848484848485,2
dinov2_vitb14,waterbirds,afr,2,marginal_split,APS,0.95,3,2,0.8636363636363636,0.9124497991967871,1245,0.8787878787878788,66,0.8636363636363636,66,0.8755020080321285,1245,0.8636363636363636,2
dinov2_vitb14,waterbirds,afr,2,marginal_split,APS,0.95,4,3,0.8626506024096385,0.9204819277108434,1245,0.9545454545454546,66,0.8636363636363636,66,0.8626506024096385,1245,0.8626506024096385,3
dinov2_vitb14,waterbirds,afr,2,marginal_split,APS,0.95,5,3,0.8738955823293173,0.9236947791164659,1245,0.9696969696969697,66,0.9393939393939394,66,0.8738955823293173,1245,0.8738955823293173,3
dinov2_vitb14,waterbirds,afr,2,marginal_split,APS,0.95,6,2,0.8484848484848485,0.921285140562249,1245,0.8939393939393939,66,0.8484848484848485,66,0.885140562248996,1245,0.8484848484848485,2
dinov2_vitb14,waterbirds,afr,2,marginal_split,APS,0.95,7,2,0.8636363636363636,0.9060240963855422,1245,0.9545454545454546,66,0.8636363636363636,66,0.8714859437751004,1245,0.8636363636363636,2
dinov2_vitb14,waterbirds,afr,2,marginal_split,APS,0.95,8,2,0.803030303030303,0.9228915662650602,1245,0.9242424242424242,66,0.803030303030303,66,0.8963855421686747,1245,0.803030303030303,2
dinov2_vitb14,waterbirds,afr,2,marginal_split,APS,0.95,9,2,0.7878787878787878,0.9044176706827309,1245,0.8787878787878788,66,0.7878787878787878,66,0.8763052208835341,1245,0.7878787878787878,2
dinov2_vitb14,waterbirds,afr,2,mondrian,APS,0.95,0,1,0.8787878787878788,0.9052208835341365,1245,0.8787878787878788,66,0.9696969696969697,66,0.8963855421686747,1245,0.8787878787878788,1
dinov2_vitb14,waterbirds,afr,2,mondrian,APS,0.95,1,2,0.8636363636363636,0.8923694779116466,1245,0.8939393939393939,66,0.8636363636363636,66,0.8963855421686747,1245,0.8636363636363636,2
dinov2_vitb14,waterbirds,afr,2,mondrian,APS,0.95,2,3,0.8738955823293173,0.8859437751004016,1245,0.8939393939393939,66,0.9393939393939394,66,0.8738955823293173,1245,0.8738955823293173,3
dinov2_vitb14,waterbirds,afr,2,mondrian,APS,0.95,3,0,0.8835341365461847,0.8835341365461847,1245,0.8939393939393939,66,0.9242424242424242,66,0.8907630522088353,1245,0.8835341365461847,0
dinov2_vitb14,waterbirds,afr,2,mondrian,APS,0.95,4,3,0.8626506024096385,0.9172690763052209,1245,0.9696969696969697,66,0.9696969696969697,66,0.8626506024096385,1245,0.8626506024096385,3
dinov2_vitb14,waterbirds,afr,2,mondrian,APS,0.95,5,3,0.8763052208835341,0.9156626506024096,1245,0.9696969696969697,66,1.0,66,0.8763052208835341,1245,0.8763052208835341,3
dinov2_vitb14,waterbirds,afr,2,mondrian,APS,0.95,6,0,0.8939759036144578,0.8939759036144578,1245,0.9242424242424242,66,0.9848484848484849,66,0.9004016064257028,1245,0.8939759036144578,0
dinov2_vitb14,waterbirds,afr,2,mondrian,APS,0.95,7,2,0.8636363636363636,0.891566265060241,1245,1.0,66,0.8636363636363636,66,0.8811244979919679,1245,0.8636363636363636,2
dinov2_vitb14,waterbirds,afr,2,mondrian,APS,0.95,8,2,0.7272727272727273,0.9188755020080321,1245,0.8333333333333334,66,0.7272727272727273,66,0.9116465863453815,1245,0.7272727272727273,2
dinov2_vitb14,waterbirds,afr,2,mondrian,APS,0.95,9,1,0.8484848484848485,0.8987951807228916,1245,0.8484848484848485,66,0.8636363636363636,66,0.9044176706827309,1245,0.8484848484848485,1
dinov2_vitb14,waterbirds,groupdro_ll,0,marginal_split,APS,0.95,0,1,0.8333333333333334,0.9100401606425703,1245,0.8333333333333334,66,0.9090909090909091,66,0.8883534136546185,1245,0.8333333333333334,1
dinov2_vitb14,waterbirds,groupdro_ll,0,marginal_split,APS,0.95,1,2,0.8636363636363636,0.8995983935742972,1245,0.9242424242424242,66,0.8636363636363636,66,0.8899598393574297,1245,0.8636363636363636,2
dinov2_vitb14,waterbirds,groupdro_ll,0,marginal_split,APS,0.95,2,1,0.8333333333333334,0.908433734939759,1245,0.8333333333333334,66,0.9090909090909091,66,0.8883534136546185,1245,0.8333333333333334,1
dinov2_vitb14,waterbirds,groupdro_ll,0,marginal_split,APS,0.95,3,1,0.8181818181818182,0.8827309236947791,1245,0.8181818181818182,66,0.8636363636363636,66,0.891566265060241,1245,0.8181818181818182,1
dinov2_vitb14,waterbirds,groupdro_ll,0,marginal_split,APS,0.95,4,1,0.8787878787878788,0.9156626506024096,1245,0.8787878787878788,66,0.8787878787878788,66,0.8827309236947791,1245,0.8787878787878788,1
dinov2_vitb14,waterbirds,groupdro_ll,0,marginal_split,APS,0.95,5,3,0.908433734939759,0.9124497991967871,1245,0.9393939393939394,66,0.9090909090909091,66,0.908433734939759,1245,0.908433734939759,3
dinov2_vitb14,waterbirds,groupdro_ll,0,marginal_split,APS,0.95,6,2,0.8333333333333334,0.9204819277108434,1245,0.9393939393939394,66,0.8333333333333334,66,0.8899598393574297,1245,0.8333333333333334,2
dinov2_vitb14,waterbirds,groupdro_ll,0,marginal_split,APS,0.95,7,2,0.8636363636363636,0.8931726907630522,1245,0.9393939393939394,66,0.8636363636363636,66,0.878714859437751,1245,0.8636363636363636,2
dinov2_vitb14,waterbirds,groupdro_ll,0,marginal_split,APS,0.95,8,2,0.8484848484848485,0.9180722891566265,1245,0.8636363636363636,66,0.8484848484848485,66,0.9004016064257028,1245,0.8484848484848485,2
dinov2_vitb14,waterbirds,groupdro_ll,0,marginal_split,APS,0.95,9,2,0.8484848484848485,0.9028112449799197,1245,0.8939393939393939,66,0.8484848484848485,66,0.8714859437751004,1245,0.8484848484848485,2
dinov2_vitb14,waterbirds,groupdro_ll,0,mondrian,APS,0.95,0,1,0.8333333333333334,0.9156626506024096,1245,0.8333333333333334,66,0.9848484848484849,66,0.8771084337349397,1245,0.8333333333333334,1
dinov2_vitb14,waterbirds,groupdro_ll,0,mondrian,APS,0.95,1,2,0.8636363636363636,0.885140562248996,1245,0.9848484848484849,66,0.8636363636363636,66,0.9004016064257028,1245,0.8636363636363636,2
dinov2_vitb14,waterbirds,groupdro_ll,0,mondrian,APS,0.95,2,1,0.8939393939393939,0.8979919678714859,1245,0.8939393939393939,66,0.9242424242424242,66,0.8955823293172691,1245,0.8939393939393939,1
dinov2_vitb14,waterbirds,groupdro_ll,0,mondrian,APS,0.95,3,1,0.8484848484848485,0.8674698795180723,1245,0.8484848484848485,66,0.8787878787878788,66,0.8971887550200803,1245,0.8484848484848485,1
dinov2_vitb14,waterbirds,groupdro_ll,0,mondrian,APS,0.95,4,3,0.8811244979919679,0.9132530120481928,1245,0.8939393939393939,66,0.9545454545454546,66,0.8811244979919679,1245,0.8811244979919679,3
dinov2_vitb14,waterbirds,groupdro_ll,0,mondrian,APS,0.95,5,0,0.8971887550200803,0.8971887550200803,1245,0.9545454545454546,66,0.9545454545454546,66,0.908433734939759,1245,0.8971887550200803,0
dinov2_vitb14,waterbirds,groupdro_ll,0,mondrian,APS,0.95,6,2,0.8939393939393939,0.9060240963855422,1245,0.9848484848484849,66,0.8939393939393939,66,0.8939759036144578,1245,0.8939393939393939,2
dinov2_vitb14,waterbirds,groupdro_ll,0,mondrian,APS,0.95,7,2,0.8787878787878788,0.8835341365461847,1245,0.9848484848484849,66,0.8787878787878788,66,0.8827309236947791,1245,0.8787878787878788,2
dinov2_vitb14,waterbirds,groupdro_ll,0,mondrian,APS,0.95,8,2,0.8636363636363636,0.9220883534136546,1245,0.9242424242424242,66,0.8636363636363636,66,0.8995983935742972,1245,0.8636363636363636,2
dinov2_vitb14,waterbirds,groupdro_ll,0,mondrian,APS,0.95,9,3,0.8763052208835341,0.8971887550200803,1245,0.8939393939393939,66,0.9393939393939394,66,0.8763052208835341,1245,0.8763052208835341,3
dinov2_vitb14,waterbirds,groupdro_ll,1,marginal_split,APS,0.95,0,1,0.8333333333333334,0.9116465863453815,1245,0.8333333333333334,66,0.9090909090909091,66,0.8891566265060241,1245,0.8333333333333334,1
dinov2_vitb14,waterbirds,groupdro_ll,1,marginal_split,APS,0.95,1,2,0.8636363636363636,0.8987951807228916,1245,0.9242424242424242,66,0.8636363636363636,66,0.8907630522088353,1245,0.8636363636363636,2
dinov2_vitb14,waterbirds,groupdro_ll,1,marginal_split,APS,0.95,2,1,0.8484848484848485,0.908433734939759,1245,0.8484848484848485,66,0.9090909090909091,66,0.8891566265060241,1245,0.8484848484848485,1
dinov2_vitb14,waterbirds,groupdro_ll,1,marginal_split,APS,0.95,3,1,0.8181818181818182,0.8811244979919679,1245,0.8181818181818182,66,0.8636363636363636,66,0.8907630522088353,1245,0.8181818181818182,1
dinov2_vitb14,waterbirds,groupdro_ll,1,marginal_split,APS,0.95,4,1,0.8787878787878788,0.9140562248995984,1245,0.8787878787878788,66,0.8787878787878788,66,0.8827309236947791,1245,0.8787878787878788,1
dinov2_vitb14,waterbirds,groupdro_ll,1,marginal_split,APS,0.95,5,3,0.908433734939759,0.9116465863453815,1245,0.9393939393939394,66,0.9090909090909091,66,0.908433734939759,1245,0.908433734939759,3
dinov2_vitb14,waterbirds,groupdro_ll,1,marginal_split,APS,0.95,6,2,0.8333333333333334,0.9196787148594378,1245,0.9393939393939394,66,0.8333333333333334,66,0.8891566265060241,1245,0.8333333333333334,2
dinov2_vitb14,waterbirds,groupdro_ll,1,marginal_split,APS,0.95,7,2,0.8484848484848485,0.8931726907630522,1245,0.9393939393939394,66,0.8484848484848485,66,0.8795180722891566,1245,0.8484848484848485,2
dinov2_vitb14,waterbirds,groupdro_ll,1,marginal_split,APS,0.95,8,2,0.8484848484848485,0.9180722891566265,1245,0.8636363636363636,66,0.8484848484848485,66,0.9012048192771084,1245,0.8484848484848485,2
dinov2_vitb14,waterbirds,groupdro_ll,1,marginal_split,APS,0.95,9,2,0.8484848484848485,0.8995983935742972,1245,0.8939393939393939,66,0.8484848484848485,66,0.8674698795180723,1245,0.8484848484848485,2
dinov2_vitb14,waterbirds,groupdro_ll,1,mondrian,APS,0.95,0,1,0.8333333333333334,0.9156626506024096,1245,0.8333333333333334,66,0.9848484848484849,66,0.8779116465863454,1245,0.8333333333333334,1
dinov2_vitb14,waterbirds,groupdro_ll,1,mondrian,APS,0.95,1,2,0.8636363636363636,0.885140562248996,1245,0.9848484848484849,66,0.8636363636363636,66,0.8979919678714859,1245,0.8636363636363636,2
dinov2_vitb14,waterbirds,groupdro_ll,1,mondrian,APS,0.95,2,1,0.8939393939393939,0.8979919678714859,1245,0.8939393939393939,66,0.9393939393939394,66,0.8955823293172691,1245,0.8939393939393939,1
dinov2_vitb14,waterbirds,groupdro_ll,1,mondrian,APS,0.95,3,1,0.8333333333333334,0.8674698795180723,1245,0.8333333333333334,66,0.8787878787878788,66,0.8987951807228916,1245,0.8333333333333334,1
dinov2_vitb14,waterbirds,groupdro_ll,1,mondrian,APS,0.95,4,3,0.8819277108433735,0.9140562248995984,1245,0.8939393939393939,66,0.9545454545454546,66,0.8819277108433735,1245,0.8819277108433735,3
dinov2_vitb14,waterbirds,groupdro_ll,1,mondrian,APS,0.95,5,0,0.8979919678714859,0.8979919678714859,1245,0.9393939393939394,66,0.9545454545454546,66,0.908433734939759,1245,0.8979919678714859,0
dinov2_vitb14,waterbirds,groupdro_ll,1,mondrian,APS,0.95,6,2,0.8939393939393939,0.9044176706827309,1245,0.9848484848484849,66,0.8939393939393939,66,0.8947791164658635,1245,0.8939393939393939,2
dinov2_vitb14,waterbirds,groupdro_ll,1,mondrian,APS,0.95,7,2,0.8636363636363636,0.8835341365461847,1245,0.9848484848484849,66,0.8636363636363636,66,0.8755020080321285,1245,0.8636363636363636,2
dinov2_vitb14,waterbirds,groupdro_ll,1,mondrian,APS,0.95,8,2,0.8636363636363636,0.9220883534136546,1245,0.9242424242424242,66,0.8636363636363636,66,0.9004016064257028,1245,0.8636363636363636,2
dinov2_vitb14,waterbirds,groupdro_ll,1,mondrian,APS,0.95,9,3,0.8738955823293173,0.8971887550200803,1245,0.8939393939393939,66,0.9393939393939394,66,0.8738955823293173,1245,0.8738955823293173,3
dinov2_vitb14,waterbirds,groupdro_ll,2,marginal_split,APS,0.95,0,1,0.8333333333333334,0.9108433734939759,1245,0.8333333333333334,66,0.9090909090909091,66,0.8891566265060241,1245,0.8333333333333334,1
dinov2_vitb14,waterbirds,groupdro_ll,2,marginal_split,APS,0.95,1,2,0.8636363636363636,0.9004016064257028,1245,0.9242424242424242,66,0.8636363636363636,66,0.8899598393574297,1245,0.8636363636363636,2
dinov2_vitb14,waterbirds,groupdro_ll,2,marginal_split,APS,0.95,2,1,0.8333333333333334,0.908433734939759,1245,0.8333333333333334,66,0.9090909090909091,66,0.8883534136546185,1245,0.8333333333333334,1
dinov2_vitb14,waterbirds,groupdro_ll,2,marginal_split,APS,0.95,3,1,0.8181818181818182,0.8811244979919679,1245,0.8181818181818182,66,0.8636363636363636,66,0.8907630522088353,1245,0.8181818181818182,1
dinov2_vitb14,waterbirds,groupdro_ll,2,marginal_split,APS,0.95,4,1,0.8787878787878788,0.9132530120481928,1245,0.8787878787878788,66,0.8787878787878788,66,0.8803212851405623,1245,0.8787878787878788,1
dinov2_vitb14,waterbirds,groupdro_ll,2,marginal_split,APS,0.95,5,3,0.908433734939759,0.9124497991967871,1245,0.9393939393939394,66,0.9090909090909091,66,0.908433734939759,1245,0.908433734939759,3
dinov2_vitb14,waterbirds,groupdro_ll,2,marginal_split,APS,0.95,6,2,0.8333333333333334,0.9196787148594378,1245,0.9393939393939394,66,0.8333333333333334,66,0.8883534136546185,1245,0.8333333333333334,2
dinov2_vitb14,waterbirds,groupdro_ll,2,marginal_split,APS,0.95,7,2,0.8484848484848485,0.8939759036144578,1245,0.9393939393939394,66,0.8484848484848485,66,0.8795180722891566,1245,0.8484848484848485,2
dinov2_vitb14,waterbirds,groupdro_ll,2,marginal_split,APS,0.95,8,2,0.8333333333333334,0.9180722891566265,1245,0.8636363636363636,66,0.8333333333333334,66,0.9004016064257028,1245,0.8333333333333334,2
dinov2_vitb14,waterbirds,groupdro_ll,2,marginal_split,APS,0.95,9,2,0.8484848484848485,0.9028112449799197,1245,0.8939393939393939,66,0.8484848484848485,66,0.8714859437751004,1245,0.8484848484848485,2
dinov2_vitb14,waterbirds,groupdro_ll,2,mondrian,APS,0.95,0,1,0.8333333333333334,0.9164658634538153,1245,0.8333333333333334,66,0.9848484848484849,66,0.8779116465863454,1245,0.8333333333333334,1
dinov2_vitb14,waterbirds,groupdro_ll,2,mondrian,APS,0.95,1,2,0.8636363636363636,0.885140562248996,1245,0.9848484848484849,66,0.8636363636363636,66,0.9020080321285141,1245,0.8636363636363636,2
dinov2_vitb14,waterbirds,groupdro_ll,2,mondrian,APS,0.95,2,1,0.8939393939393939,0.8987951807228916,1245,0.8939393939393939,66,0.9242424242424242,66,0.8963855421686747,1245,0.8939393939393939,1
dinov2_vitb14,waterbirds,groupdro_ll,2,mondrian,APS,0.95,3,1,0.8484848484848485,0.8682730923694779,1245,0.8484848484848485,66,0.8939393939393939,66,0.8971887550200803,1245,0.8484848484848485,1
dinov2_vitb14,waterbirds,groupdro_ll,2,mondrian,APS,0.95,4,3,0.8795180722891566,0.9132530120481928,1245,0.8939393939393939,66,0.9545454545454546,66,0.8795180722891566,1245,0.8795180722891566,3
dinov2_vitb14,waterbirds,groupdro_ll,2,mondrian,APS,0.95,5,0,0.8971887550200803,0.8971887550200803,1245,0.9545454545454546,66,0.9545454545454546,66,0.908433734939759,1245,0.8971887550200803,0
dinov2_vitb14,waterbirds,groupdro_ll,2,mondrian,APS,0.95,6,3,0.8931726907630522,0.908433734939759,1245,0.9848484848484849,66,0.8939393939393939,66,0.8931726907630522,1245,0.8931726907630522,3
dinov2_vitb14,waterbirds,groupdro_ll,2,mondrian,APS,0.95,7,2,0.8636363636363636,0.8835341365461847,1245,0.9848484848484849,66,0.8636363636363636,66,0.8811244979919679,1245,0.8636363636363636,2
dinov2_vitb14,waterbirds,groupdro_ll,2,mondrian,APS,0.95,8,2,0.8636363636363636,0.921285140562249,1245,0.9242424242424242,66,0.8636363636363636,66,0.8995983935742972,1245,0.8636363636363636,2
dinov2_vitb14,waterbirds,groupdro_ll,2,mondrian,APS,0.95,9,3,0.8795180722891566,0.8979919678714859,1245,0.8939393939393939,66,0.9393939393939394,66,0.8795180722891566,1245,0.8795180722891566,3
dinov2_vitb14,waterbirds,balanced_subsample,0,marginal_split,APS,0.95,0,1,0.8333333333333334,0.9100401606425703,1245,0.8333333333333334,66,0.9242424242424242,66,0.8803212851405623,1245,0.8333333333333334,1
dinov2_vitb14,waterbirds,balanced_subsample,0,marginal_split,APS,0.95,1,3,0.8602409638554217,0.8883534136546185,1245,0.9090909090909091,66,0.9242424242424242,66,0.8602409638554217,1245,0.8602409638554217,3
dinov2_vitb14,waterbirds,balanced_subsample,0,marginal_split,APS,0.95,2,3,0.8843373493975903,0.908433734939759,1245,0.8939393939393939,66,0.9545454545454546,66,0.8843373493975903,1245,0.8843373493975903,3
dinov2_vitb14,waterbirds,balanced_subsample,0,marginal_split,APS,0.95,3,1,0.8333333333333334,0.8979919678714859,1245,0.8333333333333334,66,0.8636363636363636,66,0.891566265060241,1245,0.8333333333333334,1
dinov2_vitb14,waterbirds,balanced_subsample,0,marginal_split,APS,0.95,4,1,0.8636363636363636,0.9076305220883534,1245,0.8636363636363636,66,0.8636363636363636,66,0.8811244979919679,1245,0.8636363636363636,1
dinov2_vitb14,waterbirds,balanced_subsample,0,marginal_split,APS,0.95,5,3,0.8995983935742972,0.9261044176706827,1245,0.9696969696969697,66,0.9242424242424242,66,0.8995983935742972,1245,0.8995983935742972,3
dinov2_vitb14,waterbirds,balanced_subsample,0,marginal_split,APS,0.95,6,2,0.8484848484848485,0.9108433734939759,1245,0.9090909090909091,66,0.8484848484848485,66,0.8819277108433735,1245,0.8484848484848485,2
dinov2_vitb14,waterbirds,balanced_subsample,0,marginal_split,APS,0.95,7,3,0.8626506024096385,0.8971887550200803,1245,0.9393939393939394,66,0.8636363636363636,66,0.8626506024096385,1245,0.8626506024096385,3
dinov2_vitb14,waterbirds,balanced_subsample,0,marginal_split,APS,0.95,8,2,0.8787878787878788,0.9269076305220884,1245,0.8939393939393939,66,0.8787878787878788,66,0.908433734939759,1245,0.8787878787878788,2
dinov2_vitb14,waterbirds,balanced_subsample,0,marginal_split,APS,0.95,9,3,0.8658634538152611,0.9052208835341365,1245,0.8787878787878788,66,0.8787878787878788,66,0.8658634538152611,1245,0.8658634538152611,3
dinov2_vitb14,waterbirds,balanced_subsample,0,mondrian,APS,0.95,0,1,0.8787878787878788,0.9076305220883534,1245,0.8787878787878788,66,0.9848484848484849,66,0.8803212851405623,1245,0.8787878787878788,1
dinov2_vitb14,waterbirds,balanced_subsample,0,mondrian,APS,0.95,1,2,0.8636363636363636,0.8819277108433735,1245,0.9393939393939394,66,0.8636363636363636,66,0.8738955823293173,1245,0.8636363636363636,2
dinov2_vitb14,waterbirds,balanced_subsample,0,mondrian,APS,0.95,2,1,0.8636363636363636,0.8891566265060241,1245,0.8636363636363636,66,0.9696969696969697,66,0.8979919678714859,1245,0.8636363636363636,1
dinov2_vitb14,waterbirds,balanced_subsample,0,mondrian,APS,0.95,3,2,0.8636363636363636,0.8803212851405623,1245,0.9393939393939394,66,0.8636363636363636,66,0.9052208835341365,1245,0.8636363636363636,2
dinov2_vitb14,waterbirds,balanced_subsample,0,mondrian,APS,0.95,4,3,0.8859437751004016,0.9036144578313253,1245,0.9090909090909091,66,0.9242424242424242,66,0.8859437751004016,1245,0.8859437751004016,3
dinov2_vitb14,waterbirds,balanced_subsample,0,mondrian,APS,0.95,5,3,0.8995983935742972,0.9132530120481928,1245,0.9696969696969697,66,0.9545454545454546,66,0.8995983935742972,1245,0.8995983935742972,3
dinov2_vitb14,waterbirds,balanced_subsample,0,mondrian,APS,0.95,6,3,0.8899598393574297,0.9028112449799197,1245,0.9242424242424242,66,0.9242424242424242,66,0.8899598393574297,1245,0.8899598393574297,3
dinov2_vitb14,waterbirds,balanced_subsample,0,mondrian,APS,0.95,7,2,0.8333333333333334,0.8867469879518072,1245,0.9848484848484849,66,0.8333333333333334,66,0.8746987951807229,1245,0.8333333333333334,2
dinov2_vitb14,waterbirds,balanced_subsample,0,mondrian,APS,0.95,8,3,0.914859437751004,0.9220883534136546,1245,0.9242424242424242,66,0.9393939393939394,66,0.914859437751004,1245,0.914859437751004,3
dinov2_vitb14,waterbirds,balanced_subsample,0,mondrian,APS,0.95,9,3,0.8746987951807229,0.8971887550200803,1245,0.8787878787878788,66,0.9545454545454546,66,0.8746987951807229,1245,0.8746987951807229,3
dinov2_vitb14,waterbirds,balanced_subsample,1,marginal_split,APS,0.95,0,1,0.8636363636363636,0.9244979919678715,1245,0.8636363636363636,66,0.9090909090909091,66,0.8875502008032129,1245,0.8636363636363636,1
dinov2_vitb14,waterbirds,balanced_subsample,1,marginal_split,APS,0.95,1,3,0.8626506024096385,0.9012048192771084,1245,0.9242424242424242,66,0.9090909090909091,66,0.8626506024096385,1245,0.8626506024096385,3
dinov2_vitb14,waterbirds,balanced_subsample,1,marginal_split,APS,0.95,2,3,0.8771084337349397,0.9076305220883534,1245,0.8939393939393939,66,0.9393939393939394,66,0.8771084337349397,1245,0.8771084337349397,3
dinov2_vitb14,waterbirds,balanced_subsample,1,marginal_split,APS,0.95,3,1,0.8484848484848485,0.8971887550200803,1245,0.8484848484848485,66,0.8636363636363636,66,0.8859437751004016,1245,0.8484848484848485,1
dinov2_vitb14,waterbirds,balanced_subsample,1,marginal_split,APS,0.95,4,3,0.8763052208835341,0.9244979919678715,1245,0.9242424242424242,66,0.8787878787878788,66,0.8763052208835341,1245,0.8763052208835341,3
dinov2_vitb14,waterbirds,balanced_subsample,1,marginal_split,APS,0.95,5,3,0.885140562248996,0.9204819277108434,1245,0.9545454545454546,66,0.9545454545454546,66,0.885140562248996,1245,0.885140562248996,3
dinov2_vitb14,waterbirds,balanced_subsample,1,marginal_split,APS,0.95,6,2,0.8787878787878788,0.9180722891566265,1245,0.9242424242424242,66,0.8787878787878788,66,0.8795180722891566,1245,0.8787878787878788,2
dinov2_vitb14,waterbirds,balanced_subsample,1,marginal_split,APS,0.95,7,3,0.8650602409638555,0.9028112449799197,1245,0.9393939393939394,66,0.8787878787878788,66,0.8650602409638555,1245,0.8650602409638555,3
dinov2_vitb14,waterbirds,balanced_subsample,1,marginal_split,APS,0.95,8,2,0.8787878787878788,0.9285140562248996,1245,0.9090909090909091,66,0.8787878787878788,66,0.9068273092369478,1245,0.8787878787878788,2
dinov2_vitb14,waterbirds,balanced_subsample,1,marginal_split,APS,0.95,9,3,0.8626506024096385,0.908433734939759,1245,0.9090909090909091,66,0.9090909090909091,66,0.8626506024096385,1245,0.8626506024096385,3
dinov2_vitb14,waterbirds,balanced_subsample,1,mondrian,APS,0.95,0,1,0.8636363636363636,0.9156626506024096,1245,0.8636363636363636,66,0.9848484848484849,66,0.8923694779116466,1245,0.8636363636363636,1
dinov2_vitb14,waterbirds,balanced_subsample,1,mondrian,APS,0.95,1,3,0.8771084337349397,0.8875502008032129,1245,0.8787878787878788,66,0.8787878787878788,66,0.8771084337349397,1245,0.8771084337349397,3
dinov2_vitb14,waterbirds,balanced_subsample,1,mondrian,APS,0.95,2,1,0.8636363636363636,0.8899598393574297,1245,0.8636363636363636,66,0.9545454545454546,66,0.8955823293172691,1245,0.8636363636363636,1
dinov2_vitb14,waterbirds,balanced_subsample,1,mondrian,APS,0.95,3,1,0.8636363636363636,0.8690763052208835,1245,0.8636363636363636,66,0.8787878787878788,66,0.8987951807228916,1245,0.8636363636363636,1
dinov2_vitb14,waterbirds,balanced_subsample,1,mondrian,APS,0.95,4,3,0.8811244979919679,0.9108433734939759,1245,0.9545454545454546,66,0.9090909090909091,66,0.8811244979919679,1245,0.8811244979919679,3
dinov2_vitb14,waterbirds,balanced_subsample,1,mondrian,APS,0.95,5,3,0.8859437751004016,0.9068273092369478,1245,0.9545454545454546,66,0.9848484848484849,66,0.8859437751004016,1245,0.8859437751004016,3
dinov2_vitb14,waterbirds,balanced_subsample,1,mondrian,APS,0.95,6,3,0.8827309236947791,0.9060240963855422,1245,0.9545454545454546,66,0.9242424242424242,66,0.8827309236947791,1245,0.8827309236947791,3
dinov2_vitb14,waterbirds,balanced_subsample,1,mondrian,APS,0.95,7,2,0.8484848484848485,0.8875502008032129,1245,1.0,66,0.8484848484848485,66,0.8779116465863454,1245,0.8484848484848485,2
dinov2_vitb14,waterbirds,balanced_subsample,1,mondrian,APS,0.95,8,1,0.9090909090909091,0.9180722891566265,1245,0.9090909090909091,66,0.9696969696969697,66,0.9180722891566265,1245,0.9090909090909091,1
dinov2_vitb14,waterbirds,balanced_subsample,1,mondrian,APS,0.95,9,1,0.8939393939393939,0.8963855421686747,1245,0.8939393939393939,66,0.9545454545454546,66,0.8947791164658635,1245,0.8939393939393939,1
dinov2_vitb14,waterbirds,balanced_subsample,2,marginal_split,APS,0.95,0,1,0.8636363636363636,0.9188755020080321,1245,0.8636363636363636,66,0.9242424242424242,66,0.8867469879518072,1245,0.8636363636363636,1
dinov2_vitb14,waterbirds,balanced_subsample,2,marginal_split,APS,0.95,1,3,0.8586345381526105,0.9004016064257028,1245,0.9242424242424242,66,0.9242424242424242,66,0.8586345381526105,1245,0.8586345381526105,3
dinov2_vitb14,waterbirds,balanced_subsample,2,marginal_split,APS,0.95,2,3,0.8795180722891566,0.908433734939759,1245,0.9090909090909091,66,0.9545454545454546,66,0.8795180722891566,1245,0.8795180722891566,3
dinov2_vitb14,waterbirds,balanced_subsample,2,marginal_split,APS,0.95,3,1,0.8333333333333334,0.8931726907630522,1245,0.8333333333333334,66,0.8787878787878788,66,0.8803212851405623,1245,0.8333333333333334,1
dinov2_vitb14,waterbirds,balanced_subsample,2,marginal_split,APS,0.95,4,1,0.8636363636363636,0.9132530120481928,1245,0.8636363636363636,66,0.8787878787878788,66,0.8746987951807229,1245,0.8636363636363636,1
dinov2_vitb14,waterbirds,balanced_subsample,2,marginal_split,APS,0.95,5,3,0.8859437751004016,0.9156626506024096,1245,0.9393939393939394,66,0.9242424242424242,66,0.8859437751004016,1245,0.8859437751004016,3
dinov2_vitb14,waterbirds,balanced_subsample,2,marginal_split,APS,0.95,6,2,0.8636363636363636,0.9116465863453815,1245,0.8939393939393939,66,0.8636363636363636,66,0.8722891566265061,1245,0.8636363636363636,2
dinov2_vitb14,waterbirds,balanced_subsample,2,marginal_split,APS,0.95,7,3,0.8658634538152611,0.9012048192771084,1245,0.9545454545454546,66,0.8787878787878788,66,0.8658634538152611,1245,0.8658634538152611,3
dinov2_vitb14,waterbirds,balanced_subsample,2,marginal_split,APS,0.95,8,1,0.8939393939393939,0.9244979919678715,1245,0.8939393939393939,66,0.9090909090909091,66,0.9036144578313253,1245,0.8939393939393939,1
dinov2_vitb14,waterbirds,balanced_subsample,2,marginal_split,APS,0.95,9,2,0.8636363636363636,0.9020080321285141,1245,0.8939393939393939,66,0.8636363636363636,66,0.8658634538152611,1245,0.8636363636363636,2
dinov2_vitb14,waterbirds,balanced_subsample,2,mondrian,APS,0.95,0,3,0.8875502008032129,0.9188755020080321,1245,0.8939393939393939,66,0.9848484848484849,66,0.8875502008032129,1245,0.8875502008032129,3
dinov2_vitb14,waterbirds,balanced_subsample,2,mondrian,APS,0.95,1,3,0.8763052208835341,0.8883534136546185,1245,0.8939393939393939,66,0.8939393939393939,66,0.8763052208835341,1245,0.8763052208835341,3
dinov2_vitb14,waterbirds,balanced_subsample,2,mondrian,APS,0.95,2,3,0.8931726907630522,0.8963855421686747,1245,0.8939393939393939,66,0.9696969696969697,66,0.8931726907630522,1245,0.8931726907630522,3
dinov2_vitb14,waterbirds,balanced_subsample,2,mondrian,APS,0.95,3,0,0.8658634538152611,0.8658634538152611,1245,0.8787878787878788,66,0.8787878787878788,66,0.8955823293172691,1245,0.8658634538152611,0
dinov2_vitb14,waterbirds,balanced_subsample,2,mondrian,APS,0.95,4,3,0.8811244979919679,0.9028112449799197,1245,0.9090909090909091,66,0.9090909090909091,66,0.8811244979919679,1245,0.8811244979919679,3
dinov2_vitb14,waterbirds,balanced_subsample,2,mondrian,APS,0.95,5,3,0.8907630522088353,0.9028112449799197,1245,0.9545454545454546,66,0.9545454545454546,66,0.8907630522088353,1245,0.8907630522088353,3
dinov2_vitb14,waterbirds,balanced_subsample,2,mondrian,APS,0.95,6,3,0.8803212851405623,0.9044176706827309,1245,0.9545454545454546,66,0.9242424242424242,66,0.8803212851405623,1245,0.8803212851405623,3
dinov2_vitb14,waterbirds,balanced_subsample,2,mondrian,APS,0.95,7,2,0.8787878787878788,0.8875502008032129,1245,1.0,66,0.8787878787878788,66,0.8827309236947791,1245,0.8787878787878788,2
dinov2_vitb14,waterbirds,balanced_subsample,2,mondrian,APS,0.95,8,1,0.8636363636363636,0.9196787148594378,1245,0.8636363636363636,66,0.9090909090909091,66,0.9196787148594378,1245,0.8636363636363636,1
dinov2_vitb14,waterbirds,balanced_subsample,2,mondrian,APS,0.95,9,3,0.885140562248996,0.8867469879518072,1245,0.8939393939393939,66,0.9393939393939394,66,0.885140562248996,1245,0.885140562248996,3
vit_b16_in1k,waterbirds,erm,0,marginal_split,APS,0.95,0,1,0.6060606060606061,0.9244979919678715,1245,0.6060606060606061,66,0.7121212121212122,66,0.8899598393574297,1245,0.6060606060606061,1
vit_b16_in1k,waterbirds,erm,0,marginal_split,APS,0.95,1,2,0.6212121212121212,0.9108433734939759,1245,0.8484848484848485,66,0.6212121212121212,66,0.8650602409638555,1245,0.6212121212121212,2
vit_b16_in1k,waterbirds,erm,0,marginal_split,APS,0.95,2,2,0.5909090909090909,0.9188755020080321,1245,0.7575757575757576,66,0.5909090909090909,66,0.8923694779116466,1245,0.5909090909090909,2
vit_b16_in1k,waterbirds,erm,0,marginal_split,APS,0.95,3,2,0.696969696969697,0.9228915662650602,1245,0.7424242424242424,66,0.696969696969697,66,0.914859437751004,1245,0.696969696969697,2
vit_b16_in1k,waterbirds,erm,0,marginal_split,APS,0.95,4,2,0.5909090909090909,0.9325301204819277,1245,0.7878787878787878,66,0.5909090909090909,66,0.8779116465863454,1245,0.5909090909090909,2
vit_b16_in1k,waterbirds,erm,0,marginal_split,APS,0.95,5,2,0.7424242424242424,0.9333333333333333,1245,0.803030303030303,66,0.7424242424242424,66,0.9116465863453815,1245,0.7424242424242424,2
vit_b16_in1k,waterbirds,erm,0,marginal_split,APS,0.95,6,2,0.5757575757575758,0.9285140562248996,1245,0.7878787878787878,66,0.5757575757575758,66,0.8746987951807229,1245,0.5757575757575758,2
vit_b16_in1k,waterbirds,erm,0,marginal_split,APS,0.95,7,2,0.6818181818181818,0.9044176706827309,1245,0.8939393939393939,66,0.6818181818181818,66,0.8650602409638555,1245,0.6818181818181818,2
vit_b16_in1k,waterbirds,erm,0,marginal_split,APS,0.95,8,2,0.6363636363636364,0.951004016064257,1245,0.803030303030303,66,0.6363636363636364,66,0.9028112449799197,1245,0.6363636363636364,2
vit_b16_in1k,waterbirds,erm,0,marginal_split,APS,0.95,9,1,0.7272727272727273,0.9052208835341365,1245,0.7272727272727273,66,0.7575757575757576,66,0.8666666666666667,1245,0.7272727272727273,1
vit_b16_in1k,waterbirds,erm,0,mondrian,APS,0.95,0,1,0.8333333333333334,0.9092369477911647,1245,0.8333333333333334,66,0.9090909090909091,66,0.885140562248996,1245,0.8333333333333334,1
vit_b16_in1k,waterbirds,erm,0,mondrian,APS,0.95,1,2,0.8333333333333334,0.8843373493975903,1245,0.9393939393939394,66,0.8333333333333334,66,0.8875502008032129,1245,0.8333333333333334,2
vit_b16_in1k,waterbirds,erm,0,mondrian,APS,0.95,2,1,0.8636363636363636,0.8955823293172691,1245,0.8636363636363636,66,0.8787878787878788,66,0.8939759036144578,1245,0.8636363636363636,1
vit_b16_in1k,waterbirds,erm,0,mondrian,APS,0.95,3,2,0.8636363636363636,0.8835341365461847,1245,0.9393939393939394,66,0.8636363636363636,66,0.9325301204819277,1245,0.8636363636363636,2
vit_b16_in1k,waterbirds,erm,0,mondrian,APS,0.95,4,2,0.8636363636363636,0.9228915662650602,1245,0.9393939393939394,66,0.8636363636363636,66,0.8690763052208835,1245,0.8636363636363636,2
vit_b16_in1k,waterbirds,erm,0,mondrian,APS,0.95,5,3,0.9044176706827309,0.908433734939759,1245,0.9242424242424242,66,0.9393939393939394,66,0.9044176706827309,1245,0.9044176706827309,3
vit_b16_in1k,waterbirds,erm,0,mondrian,APS,0.95,6,1,0.8484848484848485,0.9092369477911647,1245,0.8484848484848485,66,0.9848484848484849,66,0.8698795180722891,1245,0.8484848484848485,1
vit_b16_in1k,waterbirds,erm,0,mondrian,APS,0.95,7,3,0.8650602409638555,0.8867469879518072,1245,0.9848484848484849,66,0.9090909090909091,66,0.8650602409638555,1245,0.8650602409638555,3
vit_b16_in1k,waterbirds,erm,0,mondrian,APS,0.95,8,2,0.8939393939393939,0.9293172690763052,1245,0.9393939393939394,66,0.8939393939393939,66,0.8971887550200803,1245,0.8939393939393939,2
vit_b16_in1k,waterbirds,erm,0,mondrian,APS,0.95,9,2,0.8787878787878788,0.8939759036144578,1245,0.9242424242424242,66,0.8787878787878788,66,0.8867469879518072,1245,0.8787878787878788,2
vit_b16_in1k,waterbirds,erm,1,marginal_split,APS,0.95,0,1,0.6060606060606061,0.9244979919678715,1245,0.6060606060606061,66,0.7121212121212122,66,0.8899598393574297,1245,0.6060606060606061,1
vit_b16_in1k,waterbirds,erm,1,marginal_split,APS,0.95,1,2,0.6212121212121212,0.9108433734939759,1245,0.8484848484848485,66,0.6212121212121212,66,0.8650602409638555,1245,0.6212121212121212,2
vit_b16_in1k,waterbirds,erm,1,marginal_split,APS,0.95,2,2,0.5909090909090909,0.9188755020080321,1245,0.7575757575757576,66,0.5909090909090909,66,0.8923694779116466,1245,0.5909090909090909,2
vit_b16_in1k,waterbirds,erm,1,marginal_split,APS,0.95,3,2,0.696969696969697,0.9228915662650602,1245,0.7424242424242424,66,0.696969696969697,66,0.914859437751004,1245,0.696969696969697,2
vit_b16_in1k,waterbirds,erm,1,marginal_split,APS,0.95,4,2,0.5909090909090909,0.9325301204819277,1245,0.7878787878787878,66,0.5909090909090909,66,0.8779116465863454,1245,0.5909090909090909,2
vit_b16_in1k,waterbirds,erm,1,marginal_split,APS,0.95,5,2,0.7424242424242424,0.9333333333333333,1245,0.803030303030303,66,0.7424242424242424,66,0.9116465863453815,1245,0.7424242424242424,2
vit_b16_in1k,waterbirds,erm,1,marginal_split,APS,0.95,6,2,0.5757575757575758,0.9285140562248996,1245,0.7878787878787878,66,0.5757575757575758,66,0.8746987951807229,1245,0.5757575757575758,2
vit_b16_in1k,waterbirds,erm,1,marginal_split,APS,0.95,7,2,0.6818181818181818,0.9044176706827309,1245,0.8939393939393939,66,0.6818181818181818,66,0.8650602409638555,1245,0.6818181818181818,2
vit_b16_in1k,waterbirds,erm,1,marginal_split,APS,0.95,8,2,0.6363636363636364,0.951004016064257,1245,0.803030303030303,66,0.6363636363636364,66,0.9028112449799197,1245,0.6363636363636364,2
vit_b16_in1k,waterbirds,erm,1,marginal_split,APS,0.95,9,1,0.7272727272727273,0.9052208835341365,1245,0.7272727272727273,66,0.7575757575757576,66,0.8666666666666667,1245,0.7272727272727273,1
vit_b16_in1k,waterbirds,erm,1,mondrian,APS,0.95,0,1,0.8333333333333334,0.9092369477911647,1245,0.8333333333333334,66,0.9090909090909091,66,0.885140562248996,1245,0.8333333333333334,1
vit_b16_in1k,waterbirds,erm,1,mondrian,APS,0.95,1,2,0.8333333333333334,0.8843373493975903,1245,0.9393939393939394,66,0.8333333333333334,66,0.8875502008032129,1245,0.8333333333333334,2
vit_b16_in1k,waterbirds,erm,1,mondrian,APS,0.95,2,1,0.8636363636363636,0.8955823293172691,1245,0.8636363636363636,66,0.8787878787878788,66,0.8939759036144578,1245,0.8636363636363636,1
vit_b16_in1k,waterbirds,erm,1,mondrian,APS,0.95,3,2,0.8636363636363636,0.8835341365461847,1245,0.9393939393939394,66,0.8636363636363636,66,0.9325301204819277,1245,0.8636363636363636,2
vit_b16_in1k,waterbirds,erm,1,mondrian,APS,0.95,4,2,0.8636363636363636,0.9228915662650602,1245,0.9393939393939394,66,0.8636363636363636,66,0.8690763052208835,1245,0.8636363636363636,2
vit_b16_in1k,waterbirds,erm,1,mondrian,APS,0.95,5,3,0.9044176706827309,0.908433734939759,1245,0.9242424242424242,66,0.9393939393939394,66,0.9044176706827309,1245,0.9044176706827309,3
vit_b16_in1k,waterbirds,erm,1,mondrian,APS,0.95,6,1,0.8484848484848485,0.9092369477911647,1245,0.8484848484848485,66,0.9848484848484849,66,0.8698795180722891,1245,0.8484848484848485,1
vit_b16_in1k,waterbirds,erm,1,mondrian,APS,0.95,7,3,0.8650602409638555,0.8867469879518072,1245,0.9848484848484849,66,0.9090909090909091,66,0.8650602409638555,1245,0.8650602409638555,3
vit_b16_in1k,waterbirds,erm,1,mondrian,APS,0.95,8,2,0.8939393939393939,0.9293172690763052,1245,0.9393939393939394,66,0.8939393939393939,66,0.8971887550200803,1245,0.8939393939393939,2
vit_b16_in1k,waterbirds,erm,1,mondrian,APS,0.95,9,2,0.8787878787878788,0.8939759036144578,1245,0.9242424242424242,66,0.8787878787878788,66,0.8867469879518072,1245,0.8787878787878788,2
vit_b16_in1k,waterbirds,erm,2,marginal_split,APS,0.95,0,1,0.6060606060606061,0.9244979919678715,1245,0.6060606060606061,66,0.7121212121212122,66,0.8899598393574297,1245,0.6060606060606061,1
vit_b16_in1k,waterbirds,erm,2,marginal_split,APS,0.95,1,2,0.6212121212121212,0.9108433734939759,1245,0.8484848484848485,66,0.6212121212121212,66,0.8650602409638555,1245,0.6212121212121212,2
vit_b16_in1k,waterbirds,erm,2,marginal_split,APS,0.95,2,2,0.5909090909090909,0.9188755020080321,1245,0.7575757575757576,66,0.5909090909090909,66,0.8923694779116466,1245,0.5909090909090909,2
vit_b16_in1k,waterbirds,erm,2,marginal_split,APS,0.95,3,2,0.696969696969697,0.9228915662650602,1245,0.7424242424242424,66,0.696969696969697,66,0.914859437751004,1245,0.696969696969697,2
vit_b16_in1k,waterbirds,erm,2,marginal_split,APS,0.95,4,2,0.5909090909090909,0.9325301204819277,1245,0.7878787878787878,66,0.5909090909090909,66,0.8779116465863454,1245,0.5909090909090909,2
vit_b16_in1k,waterbirds,erm,2,marginal_split,APS,0.95,5,2,0.7424242424242424,0.9333333333333333,1245,0.803030303030303,66,0.7424242424242424,66,0.9116465863453815,1245,0.7424242424242424,2
vit_b16_in1k,waterbirds,erm,2,marginal_split,APS,0.95,6,2,0.5757575757575758,0.9285140562248996,1245,0.7878787878787878,66,0.5757575757575758,66,0.8746987951807229,1245,0.5757575757575758,2
vit_b16_in1k,waterbirds,erm,2,marginal_split,APS,0.95,7,2,0.6818181818181818,0.9044176706827309,1245,0.8939393939393939,66,0.6818181818181818,66,0.8650602409638555,1245,0.6818181818181818,2
vit_b16_in1k,waterbirds,erm,2,marginal_split,APS,0.95,8,2,0.6363636363636364,0.951004016064257,1245,0.803030303030303,66,0.6363636363636364,66,0.9028112449799197,1245,0.6363636363636364,2
vit_b16_in1k,waterbirds,erm,2,marginal_split,APS,0.95,9,1,0.7272727272727273,0.9052208835341365,1245,0.7272727272727273,66,0.7575757575757576,66,0.8666666666666667,1245,0.7272727272727273,1
vit_b16_in1k,waterbirds,erm,2,mondrian,APS,0.95,0,1,0.8333333333333334,0.9092369477911647,1245,0.8333333333333334,66,0.9090909090909091,66,0.885140562248996,1245,0.8333333333333334,1
vit_b16_in1k,waterbirds,erm,2,mondrian,APS,0.95,1,2,0.8333333333333334,0.8843373493975903,1245,0.9393939393939394,66,0.8333333333333334,66,0.8875502008032129,1245,0.8333333333333334,2
vit_b16_in1k,waterbirds,erm,2,mondrian,APS,0.95,2,1,0.8636363636363636,0.8955823293172691,1245,0.8636363636363636,66,0.8787878787878788,66,0.8939759036144578,1245,0.8636363636363636,1
vit_b16_in1k,waterbirds,erm,2,mondrian,APS,0.95,3,2,0.8636363636363636,0.8835341365461847,1245,0.9393939393939394,66,0.8636363636363636,66,0.9325301204819277,1245,0.8636363636363636,2
vit_b16_in1k,waterbirds,erm,2,mondrian,APS,0.95,4,2,0.8636363636363636,0.9228915662650602,1245,0.9393939393939394,66,0.8636363636363636,66,0.8690763052208835,1245,0.8636363636363636,2
vit_b16_in1k,waterbirds,erm,2,mondrian,APS,0.95,5,3,0.9044176706827309,0.908433734939759,1245,0.9242424242424242,66,0.9393939393939394,66,0.9044176706827309,1245,0.9044176706827309,3
vit_b16_in1k,waterbirds,erm,2,mondrian,APS,0.95,6,1,0.8484848484848485,0.9092369477911647,1245,0.8484848484848485,66,0.9848484848484849,66,0.8698795180722891,1245,0.8484848484848485,1
vit_b16_in1k,waterbirds,erm,2,mondrian,APS,0.95,7,3,0.8650602409638555,0.8867469879518072,1245,0.9848484848484849,66,0.9090909090909091,66,0.8650602409638555,1245,0.8650602409638555,3
vit_b16_in1k,waterbirds,erm,2,mondrian,APS,0.95,8,2,0.8939393939393939,0.9293172690763052,1245,0.9393939393939394,66,0.8939393939393939,66,0.8971887550200803,1245,0.8939393939393939,2
vit_b16_in1k,waterbirds,erm,2,mondrian,APS,0.95,9,2,0.8787878787878788,0.8939759036144578,1245,0.9242424242424242,66,0.8787878787878788,66,0.8867469879518072,1245,0.8787878787878788,2
vit_b16_in1k,waterbirds,dfr,0,marginal_split,APS,0.95,0,1,0.8484848484848485,0.8730923694779117,1245,0.8484848484848485,66,0.9090909090909091,66,0.8763052208835341,1245,0.8484848484848485,1
vit_b16_in1k,waterbirds,dfr,0,marginal_split,APS,0.95,1,3,0.8610441767068273,0.8971887550200803,1245,0.9545454545454546,66,0.8636363636363636,66,0.8610441767068273,1245,0.8610441767068273,3
vit_b16_in1k,waterbirds,dfr,0,marginal_split,APS,0.95,2,3,0.9020080321285141,0.9156626506024096,1245,0.9090909090909091,66,0.9393939393939394,66,0.9020080321285141,1245,0.9020080321285141,3
vit_b16_in1k,waterbirds,dfr,0,marginal_split,APS,0.95,3,1,0.8333333333333334,0.9068273092369478,1245,0.8333333333333334,66,0.9242424242424242,66,0.8843373493975903,1245,0.8333333333333334,1
vit_b16_in1k,waterbirds,dfr,0,marginal_split,APS,0.95,4,3,0.8771084337349397,0.8971887550200803,1245,0.9242424242424242,66,0.8787878787878788,66,0.8771084337349397,1245,0.8771084337349397,3
vit_b16_in1k,waterbirds,dfr,0,marginal_split,APS,0.95,5,3,0.8690763052208835,0.8714859437751004,1245,0.9090909090909091,66,0.8787878787878788,66,0.8690763052208835,1245,0.8690763052208835,3
vit_b16_in1k,waterbirds,dfr,0,marginal_split,APS,0.95,6,2,0.8636363636363636,0.9108433734939759,1245,0.8787878787878788,66,0.8636363636363636,66,0.8779116465863454,1245,0.8636363636363636,2
vit_b16_in1k,waterbirds,dfr,0,marginal_split,APS,0.95,7,0,0.9036144578313253,0.9036144578313253,1245,0.9545454545454546,66,0.9393939393939394,66,0.9068273092369478,1245,0.9036144578313253,0
vit_b16_in1k,waterbirds,dfr,0,marginal_split,APS,0.95,8,2,0.8181818181818182,0.9301204819277108,1245,0.9545454545454546,66,0.8181818181818182,66,0.914859437751004,1245,0.8181818181818182,2
vit_b16_in1k,waterbirds,dfr,0,marginal_split,APS,0.95,9,1,0.8787878787878788,0.8987951807228916,1245,0.8787878787878788,66,0.9393939393939394,66,0.885140562248996,1245,0.8787878787878788,1
vit_b16_in1k,waterbirds,dfr,0,mondrian,APS,0.95,0,1,0.8181818181818182,0.8875502008032129,1245,0.8181818181818182,66,0.9090909090909091,66,0.8634538152610441,1245,0.8181818181818182,1
vit_b16_in1k,waterbirds,dfr,0,mondrian,APS,0.95,1,3,0.8674698795180723,0.8907630522088353,1245,0.9545454545454546,66,0.9090909090909091,66,0.8674698795180723,1245,0.8674698795180723,3
vit_b16_in1k,waterbirds,dfr,0,mondrian,APS,0.95,2,3,0.908433734939759,0.9164658634538153,1245,0.9242424242424242,66,0.9242424242424242,66,0.908433734939759,1245,0.908433734939759,3
vit_b16_in1k,waterbirds,dfr,0,mondrian,APS,0.95,3,0,0.8875502008032129,0.8875502008032129,1245,0.9393939393939394,66,0.9090909090909091,66,0.8907630522088353,1245,0.8875502008032129,0
vit_b16_in1k,waterbirds,dfr,0,mondrian,APS,0.95,4,3,0.8819277108433735,0.891566265060241,1245,0.9393939393939394,66,0.9545454545454546,66,0.8819277108433735,1245,0.8819277108433735,3
vit_b16_in1k,waterbirds,dfr,0,mondrian,APS,0.95,5,0,0.8650602409638555,0.8650602409638555,1245,0.9242424242424242,66,0.9696969696969697,66,0.8690763052208835,1245,0.8650602409638555,0
vit_b16_in1k,waterbirds,dfr,0,mondrian,APS,0.95,6,3,0.8642570281124498,0.9156626506024096,1245,0.9545454545454546,66,0.9848484848484849,66,0.8642570281124498,1245,0.8642570281124498,3
vit_b16_in1k,waterbirds,dfr,0,mondrian,APS,0.95,7,0,0.8963855421686747,0.8963855421686747,1245,0.9545454545454546,66,0.9545454545454546,66,0.9100401606425703,1245,0.8963855421686747,0
vit_b16_in1k,waterbirds,dfr,0,mondrian,APS,0.95,8,2,0.8333333333333334,0.9285140562248996,1245,0.9696969696969697,66,0.8333333333333334,66,0.9261044176706827,1245,0.8333333333333334,2
vit_b16_in1k,waterbirds,dfr,0,mondrian,APS,0.95,9,1,0.8787878787878788,0.8883534136546185,1245,0.8787878787878788,66,1.0,66,0.8963855421686747,1245,0.8787878787878788,1
vit_b16_in1k,waterbirds,dfr,1,marginal_split,APS,0.95,0,1,0.8636363636363636,0.8795180722891566,1245,0.8636363636363636,66,0.8787878787878788,66,0.8755020080321285,1245,0.8636363636363636,1
vit_b16_in1k,waterbirds,dfr,1,marginal_split,APS,0.95,1,2,0.8484848484848485,0.8979919678714859,1245,0.9242424242424242,66,0.8484848484848485,66,0.8562248995983935,1245,0.8484848484848485,2
vit_b16_in1k,waterbirds,dfr,1,marginal_split,APS,0.95,2,1,0.8939393939393939,0.9100401606425703,1245,0.8939393939393939,66,0.9393939393939394,66,0.8971887550200803,1245,0.8939393939393939,1
vit_b16_in1k,waterbirds,dfr,1,marginal_split,APS,0.95,3,1,0.8333333333333334,0.9052208835341365,1245,0.8333333333333334,66,0.9090909090909091,66,0.8867469879518072,1245,0.8333333333333334,1
vit_b16_in1k,waterbirds,dfr,1,marginal_split,APS,0.95,4,2,0.8636363636363636,0.8995983935742972,1245,0.9090909090909091,66,0.8636363636363636,66,0.8811244979919679,1245,0.8636363636363636,2
vit_b16_in1k,waterbirds,dfr,1,marginal_split,APS,0.95,5,0,0.8779116465863454,0.8779116465863454,1245,0.9090909090909091,66,0.8787878787878788,66,0.8843373493975903,1245,0.8779116465863454,0
vit_b16_in1k,waterbirds,dfr,1,marginal_split,APS,0.95,6,1,0.8787878787878788,0.9076305220883534,1245,0.8787878787878788,66,0.8787878787878788,66,0.8795180722891566,1245,0.8787878787878788,1
vit_b16_in1k,waterbirds,dfr,1,marginal_split,APS,0.95,7,3,0.9004016064257028,0.9036144578313253,1245,0.9848484848484849,66,0.9090909090909091,66,0.9004016064257028,1245,0.9004016064257028,3
vit_b16_in1k,waterbirds,dfr,1,marginal_split,APS,0.95,8,2,0.803030303030303,0.9309236947791165,1245,0.9393939393939394,66,0.803030303030303,66,0.9172690763052209,1245,0.803030303030303,2
vit_b16_in1k,waterbirds,dfr,1,marginal_split,APS,0.95,9,1,0.8636363636363636,0.8899598393574297,1245,0.8636363636363636,66,0.8939393939393939,66,0.8811244979919679,1245,0.8636363636363636,1
vit_b16_in1k,waterbirds,dfr,1,mondrian,APS,0.95,0,1,0.8636363636363636,0.8931726907630522,1245,0.8636363636363636,66,0.8787878787878788,66,0.8650602409638555,1245,0.8636363636363636,1
vit_b16_in1k,waterbirds,dfr,1,mondrian,APS,0.95,1,3,0.8618473895582329,0.8939759036144578,1245,0.9393939393939394,66,0.9090909090909091,66,0.8618473895582329,1245,0.8618473895582329,3
vit_b16_in1k,waterbirds,dfr,1,mondrian,APS,0.95,2,3,0.9004016064257028,0.9092369477911647,1245,0.9393939393939394,66,0.9090909090909091,66,0.9004016064257028,1245,0.9004016064257028,3
vit_b16_in1k,waterbirds,dfr,1,mondrian,APS,0.95,3,0,0.891566265060241,0.891566265060241,1245,0.9393939393939394,66,0.8939393939393939,66,0.8987951807228916,1245,0.891566265060241,0
vit_b16_in1k,waterbirds,dfr,1,mondrian,APS,0.95,4,0,0.8835341365461847,0.8835341365461847,1245,0.9242424242424242,66,0.9545454545454546,66,0.8899598393574297,1245,0.8835341365461847,0
vit_b16_in1k,waterbirds,dfr,1,mondrian,APS,0.95,5,0,0.8722891566265061,0.8722891566265061,1245,0.9090909090909091,66,0.9393939393939394,66,0.885140562248996,1245,0.8722891566265061,0
vit_b16_in1k,waterbirds,dfr,1,mondrian,APS,0.95,6,3,0.8779116465863454,0.9028112449799197,1245,0.9545454545454546,66,0.9848484848484849,66,0.8779116465863454,1245,0.8779116465863454,3
vit_b16_in1k,waterbirds,dfr,1,mondrian,APS,0.95,7,0,0.8971887550200803,0.8971887550200803,1245,0.9848484848484849,66,0.9090909090909091,66,0.9052208835341365,1245,0.8971887550200803,0
vit_b16_in1k,waterbirds,dfr,1,mondrian,APS,0.95,8,2,0.8181818181818182,0.9317269076305221,1245,0.9393939393939394,66,0.8181818181818182,66,0.9172690763052209,1245,0.8181818181818182,2
vit_b16_in1k,waterbirds,dfr,1,mondrian,APS,0.95,9,1,0.8787878787878788,0.8819277108433735,1245,0.8787878787878788,66,0.9696969696969697,66,0.8923694779116466,1245,0.8787878787878788,1
vit_b16_in1k,waterbirds,dfr,2,marginal_split,APS,0.95,0,1,0.8484848484848485,0.8867469879518072,1245,0.8484848484848485,66,0.8939393939393939,66,0.8698795180722891,1245,0.8484848484848485,1
vit_b16_in1k,waterbirds,dfr,2,marginal_split,APS,0.95,1,3,0.8602409638554217,0.8987951807228916,1245,0.9393939393939394,66,0.8636363636363636,66,0.8602409638554217,1245,0.8602409638554217,3
vit_b16_in1k,waterbirds,dfr,2,marginal_split,APS,0.95,2,3,0.9028112449799197,0.9188755020080321,1245,0.9242424242424242,66,0.9393939393939394,66,0.9028112449799197,1245,0.9028112449799197,3
vit_b16_in1k,waterbirds,dfr,2,marginal_split,APS,0.95,3,1,0.8181818181818182,0.9052208835341365,1245,0.8181818181818182,66,0.9090909090909091,66,0.885140562248996,1245,0.8181818181818182,1
vit_b16_in1k,waterbirds,dfr,2,marginal_split,APS,0.95,4,3,0.8835341365461847,0.8923694779116466,1245,0.9242424242424242,66,0.8939393939393939,66,0.8835341365461847,1245,0.8835341365461847,3
vit_b16_in1k,waterbirds,dfr,2,marginal_split,APS,0.95,5,2,0.8787878787878788,0.8843373493975903,1245,0.8939393939393939,66,0.8787878787878788,66,0.885140562248996,1245,0.8787878787878788,2
vit_b16_in1k,waterbirds,dfr,2,marginal_split,APS,0.95,6,1,0.8636363636363636,0.9020080321285141,1245,0.8636363636363636,66,0.8636363636363636,66,0.8803212851405623,1245,0.8636363636363636,1
vit_b16_in1k,waterbirds,dfr,2,marginal_split,APS,0.95,7,3,0.9020080321285141,0.9068273092369478,1245,0.9696969696969697,66,0.9393939393939394,66,0.9020080321285141,1245,0.9020080321285141,3
vit_b16_in1k,waterbirds,dfr,2,marginal_split,APS,0.95,8,2,0.8181818181818182,0.9253012048192771,1245,0.9545454545454546,66,0.8181818181818182,66,0.9100401606425703,1245,0.8181818181818182,2
vit_b16_in1k,waterbirds,dfr,2,marginal_split,APS,0.95,9,1,0.8636363636363636,0.8947791164658635,1245,0.8636363636363636,66,0.8939393939393939,66,0.8907630522088353,1245,0.8636363636363636,1
vit_b16_in1k,waterbirds,dfr,2,mondrian,APS,0.95,0,3,0.8497991967871485,0.8939759036144578,1245,0.8787878787878788,66,0.8939393939393939,66,0.8497991967871485,1245,0.8497991967871485,3
vit_b16_in1k,waterbirds,dfr,2,mondrian,APS,0.95,1,3,0.8690763052208835,0.8907630522088353,1245,0.9393939393939394,66,0.9090909090909091,66,0.8690763052208835,1245,0.8690763052208835,3
vit_b16_in1k,waterbirds,dfr,2,mondrian,APS,0.95,2,3,0.9092369477911647,0.9204819277108434,1245,0.9242424242424242,66,0.9393939393939394,66,0.9092369477911647,1245,0.9092369477911647,3
vit_b16_in1k,waterbirds,dfr,2,mondrian,APS,0.95,3,2,0.8636363636363636,0.891566265060241,1245,0.9242424242424242,66,0.8636363636363636,66,0.8907630522088353,1245,0.8636363636363636,2
vit_b16_in1k,waterbirds,dfr,2,mondrian,APS,0.95,4,3,0.8835341365461847,0.8899598393574297,1245,0.9696969696969697,66,0.9393939393939394,66,0.8835341365461847,1245,0.8835341365461847,3
vit_b16_in1k,waterbirds,dfr,2,mondrian,APS,0.95,5,3,0.8803212851405623,0.8891566265060241,1245,0.8939393939393939,66,0.9393939393939394,66,0.8803212851405623,1245,0.8803212851405623,3
vit_b16_in1k,waterbirds,dfr,2,mondrian,APS,0.95,6,3,0.8690763052208835,0.9156626506024096,1245,0.9696969696969697,66,0.9848484848484849,66,0.8690763052208835,1245,0.8690763052208835,3
vit_b16_in1k,waterbirds,dfr,2,mondrian,APS,0.95,7,0,0.8963855421686747,0.8963855421686747,1245,0.9696969696969697,66,0.9545454545454546,66,0.9060240963855422,1245,0.8963855421686747,0
vit_b16_in1k,waterbirds,dfr,2,mondrian,APS,0.95,8,2,0.8333333333333334,0.9236947791164659,1245,0.9696969696969697,66,0.8333333333333334,66,0.9100401606425703,1245,0.8333333333333334,2
vit_b16_in1k,waterbirds,dfr,2,mondrian,APS,0.95,9,1,0.8636363636363636,0.8867469879518072,1245,0.8636363636363636,66,1.0,66,0.9028112449799197,1245,0.8636363636363636,1
vit_b16_in1k,waterbirds,afr,0,marginal_split,APS,0.95,0,3,0.8345381526104417,0.9301204819277108,1245,0.9242424242424242,66,0.8636363636363636,66,0.8345381526104417,1245,0.8345381526104417,3
vit_b16_in1k,waterbirds,afr,0,marginal_split,APS,0.95,1,2,0.8333333333333334,0.9421686746987952,1245,1.0,66,0.8333333333333334,66,0.8586345381526105,1245,0.8333333333333334,2
vit_b16_in1k,waterbirds,afr,0,marginal_split,APS,0.95,2,3,0.9116465863453815,0.9598393574297188,1245,0.9696969696969697,66,0.9393939393939394,66,0.9116465863453815,1245,0.9116465863453815,3
vit_b16_in1k,waterbirds,afr,0,marginal_split,APS,0.95,3,2,0.8333333333333334,0.9558232931726908,1245,0.9696969696969697,66,0.8333333333333334,66,0.8738955823293173,1245,0.8333333333333334,2
vit_b16_in1k,waterbirds,afr,0,marginal_split,APS,0.95,4,3,0.8465863453815261,0.9285140562248996,1245,0.9242424242424242,66,0.8636363636363636,66,0.8465863453815261,1245,0.8465863453815261,3
vit_b16_in1k,waterbirds,afr,0,marginal_split,APS,0.95,5,2,0.8484848484848485,0.9285140562248996,1245,0.9545454545454546,66,0.8484848484848485,66,0.8626506024096385,1245,0.8484848484848485,2
vit_b16_in1k,waterbirds,afr,0,marginal_split,APS,0.95,6,2,0.7727272727272727,0.934136546184739,1245,0.9393939393939394,66,0.7727272727272727,66,0.8248995983935743,1245,0.7727272727272727,2
vit_b16_in1k,waterbirds,afr,0,marginal_split,APS,0.95,7,2,0.8484848484848485,0.9413654618473896,1245,0.9848484848484849,66,0.8484848484848485,66,0.8626506024096385,1245,0.8484848484848485,2
vit_b16_in1k,waterbirds,afr,0,marginal_split,APS,0.95,8,2,0.7575757575757576,0.9550200803212852,1245,0.9545454545454546,66,0.7575757575757576,66,0.8843373493975903,1245,0.7575757575757576,2
vit_b16_in1k,waterbirds,afr,0,marginal_split,APS,0.95,9,2,0.8181818181818182,0.9381526104417671,1245,0.9545454545454546,66,0.8181818181818182,66,0.8666666666666667,1245,0.8181818181818182,2
vit_b16_in1k,waterbirds,afr,0,mondrian,APS,0.95,0,1,0.8181818181818182,0.8979919678714859,1245,0.8181818181818182,66,0.9545454545454546,66,0.8714859437751004,1245,0.8181818181818182,1
vit_b16_in1k,waterbirds,afr,0,mondrian,APS,0.95,1,3,0.8923694779116466,0.8931726907630522,1245,0.9242424242424242,66,0.9090909090909091,66,0.8923694779116466,1245,0.8923694779116466,3
vit_b16_in1k,waterbirds,afr,0,mondrian,APS,0.95,2,1,0.8939393939393939,0.9036144578313253,1245,0.8939393939393939,66,0.9696969696969697,66,0.9413654618473896,1245,0.8939393939393939,1
vit_b16_in1k,waterbirds,afr,0,mondrian,APS,0.95,3,2,0.8787878787878788,0.9052208835341365,1245,0.9242424242424242,66,0.8787878787878788,66,0.9269076305220884,1245,0.8787878787878788,2
vit_b16_in1k,waterbirds,afr,0,mondrian,APS,0.95,4,0,0.8819277108433735,0.8819277108433735,1245,0.9242424242424242,66,0.9545454545454546,66,0.927710843373494,1245,0.8819277108433735,0
vit_b16_in1k,waterbirds,afr,0,mondrian,APS,0.95,5,1,0.8787878787878788,0.9004016064257028,1245,0.8787878787878788,66,0.9696969696969697,66,0.8907630522088353,1245,0.8787878787878788,1
vit_b16_in1k,waterbirds,afr,0,mondrian,APS,0.95,6,3,0.8755020080321285,0.9052208835341365,1245,0.8787878787878788,66,0.9848484848484849,66,0.8755020080321285,1245,0.8755020080321285,3
vit_b16_in1k,waterbirds,afr,0,mondrian,APS,0.95,7,2,0.8484848484848485,0.8963855421686747,1245,0.9545454545454546,66,0.8484848484848485,66,0.9116465863453815,1245,0.8484848484848485,2
vit_b16_in1k,waterbirds,afr,0,mondrian,APS,0.95,8,2,0.8333333333333334,0.9253012048192771,1245,0.9242424242424242,66,0.8333333333333334,66,0.9108433734939759,1245,0.8333333333333334,2
vit_b16_in1k,waterbirds,afr,0,mondrian,APS,0.95,9,0,0.8586345381526105,0.8586345381526105,1245,0.8787878787878788,66,0.9848484848484849,66,0.9437751004016064,1245,0.8586345381526105,0
vit_b16_in1k,waterbirds,afr,1,marginal_split,APS,0.95,0,3,0.8345381526104417,0.9301204819277108,1245,0.9242424242424242,66,0.8636363636363636,66,0.8345381526104417,1245,0.8345381526104417,3
vit_b16_in1k,waterbirds,afr,1,marginal_split,APS,0.95,1,2,0.8333333333333334,0.9421686746987952,1245,1.0,66,0.8333333333333334,66,0.8586345381526105,1245,0.8333333333333334,2
vit_b16_in1k,waterbirds,afr,1,marginal_split,APS,0.95,2,3,0.9116465863453815,0.9598393574297188,1245,0.9696969696969697,66,0.9393939393939394,66,0.9116465863453815,1245,0.9116465863453815,3
vit_b16_in1k,waterbirds,afr,1,marginal_split,APS,0.95,3,2,0.8333333333333334,0.9558232931726908,1245,0.9696969696969697,66,0.8333333333333334,66,0.8738955823293173,1245,0.8333333333333334,2
vit_b16_in1k,waterbirds,afr,1,marginal_split,APS,0.95,4,3,0.8465863453815261,0.9285140562248996,1245,0.9242424242424242,66,0.8636363636363636,66,0.8465863453815261,1245,0.8465863453815261,3
vit_b16_in1k,waterbirds,afr,1,marginal_split,APS,0.95,5,2,0.8484848484848485,0.9285140562248996,1245,0.9545454545454546,66,0.8484848484848485,66,0.8626506024096385,1245,0.8484848484848485,2
vit_b16_in1k,waterbirds,afr,1,marginal_split,APS,0.95,6,2,0.7727272727272727,0.934136546184739,1245,0.9393939393939394,66,0.7727272727272727,66,0.8248995983935743,1245,0.7727272727272727,2
vit_b16_in1k,waterbirds,afr,1,marginal_split,APS,0.95,7,2,0.8484848484848485,0.9413654618473896,1245,0.9848484848484849,66,0.8484848484848485,66,0.8626506024096385,1245,0.8484848484848485,2
vit_b16_in1k,waterbirds,afr,1,marginal_split,APS,0.95,8,2,0.7575757575757576,0.9550200803212852,1245,0.9545454545454546,66,0.7575757575757576,66,0.8843373493975903,1245,0.7575757575757576,2
vit_b16_in1k,waterbirds,afr,1,marginal_split,APS,0.95,9,2,0.8181818181818182,0.9381526104417671,1245,0.9545454545454546,66,0.8181818181818182,66,0.8666666666666667,1245,0.8181818181818182,2
vit_b16_in1k,waterbirds,afr,1,mondrian,APS,0.95,0,1,0.8181818181818182,0.8979919678714859,1245,0.8181818181818182,66,0.9545454545454546,66,0.8714859437751004,1245,0.8181818181818182,1
vit_b16_in1k,waterbirds,afr,1,mondrian,APS,0.95,1,3,0.8923694779116466,0.8931726907630522,1245,0.9242424242424242,66,0.9090909090909091,66,0.8923694779116466,1245,0.8923694779116466,3
vit_b16_in1k,waterbirds,afr,1,mondrian,APS,0.95,2,1,0.8939393939393939,0.9036144578313253,1245,0.8939393939393939,66,0.9696969696969697,66,0.9413654618473896,1245,0.8939393939393939,1
vit_b16_in1k,waterbirds,afr,1,mondrian,APS,0.95,3,2,0.8787878787878788,0.9052208835341365,1245,0.9242424242424242,66,0.8787878787878788,66,0.9269076305220884,1245,0.8787878787878788,2
vit_b16_in1k,waterbirds,afr,1,mondrian,APS,0.95,4,0,0.8819277108433735,0.8819277108433735,1245,0.9242424242424242,66,0.9545454545454546,66,0.927710843373494,1245,0.8819277108433735,0
vit_b16_in1k,waterbirds,afr,1,mondrian,APS,0.95,5,1,0.8787878787878788,0.9004016064257028,1245,0.8787878787878788,66,0.9696969696969697,66,0.8907630522088353,1245,0.8787878787878788,1
vit_b16_in1k,waterbirds,afr,1,mondrian,APS,0.95,6,3,0.8755020080321285,0.9052208835341365,1245,0.8787878787878788,66,0.9848484848484849,66,0.8755020080321285,1245,0.8755020080321285,3
vit_b16_in1k,waterbirds,afr,1,mondrian,APS,0.95,7,2,0.8484848484848485,0.8963855421686747,1245,0.9545454545454546,66,0.8484848484848485,66,0.9116465863453815,1245,0.8484848484848485,2
vit_b16_in1k,waterbirds,afr,1,mondrian,APS,0.95,8,2,0.8333333333333334,0.9253012048192771,1245,0.9242424242424242,66,0.8333333333333334,66,0.9108433734939759,1245,0.8333333333333334,2
vit_b16_in1k,waterbirds,afr,1,mondrian,APS,0.95,9,0,0.8586345381526105,0.8586345381526105,1245,0.8787878787878788,66,0.9848484848484849,66,0.9437751004016064,1245,0.8586345381526105,0
vit_b16_in1k,waterbirds,afr,2,marginal_split,APS,0.95,0,3,0.8345381526104417,0.9301204819277108,1245,0.9242424242424242,66,0.8636363636363636,66,0.8345381526104417,1245,0.8345381526104417,3
vit_b16_in1k,waterbirds,afr,2,marginal_split,APS,0.95,1,2,0.8333333333333334,0.9421686746987952,1245,1.0,66,0.8333333333333334,66,0.8586345381526105,1245,0.8333333333333334,2
vit_b16_in1k,waterbirds,afr,2,marginal_split,APS,0.95,2,3,0.9116465863453815,0.9598393574297188,1245,0.9696969696969697,66,0.9393939393939394,66,0.9116465863453815,1245,0.9116465863453815,3
vit_b16_in1k,waterbirds,afr,2,marginal_split,APS,0.95,3,2,0.8333333333333334,0.9558232931726908,1245,0.9696969696969697,66,0.8333333333333334,66,0.8738955823293173,1245,0.8333333333333334,2
vit_b16_in1k,waterbirds,afr,2,marginal_split,APS,0.95,4,3,0.8465863453815261,0.9285140562248996,1245,0.9242424242424242,66,0.8636363636363636,66,0.8465863453815261,1245,0.8465863453815261,3
vit_b16_in1k,waterbirds,afr,2,marginal_split,APS,0.95,5,2,0.8484848484848485,0.9285140562248996,1245,0.9545454545454546,66,0.8484848484848485,66,0.8626506024096385,1245,0.8484848484848485,2
vit_b16_in1k,waterbirds,afr,2,marginal_split,APS,0.95,6,2,0.7727272727272727,0.934136546184739,1245,0.9393939393939394,66,0.7727272727272727,66,0.8248995983935743,1245,0.7727272727272727,2
vit_b16_in1k,waterbirds,afr,2,marginal_split,APS,0.95,7,2,0.8484848484848485,0.9413654618473896,1245,0.9848484848484849,66,0.8484848484848485,66,0.8626506024096385,1245,0.8484848484848485,2
vit_b16_in1k,waterbirds,afr,2,marginal_split,APS,0.95,8,2,0.7575757575757576,0.9550200803212852,1245,0.9545454545454546,66,0.7575757575757576,66,0.8843373493975903,1245,0.7575757575757576,2
vit_b16_in1k,waterbirds,afr,2,marginal_split,APS,0.95,9,2,0.8181818181818182,0.9381526104417671,1245,0.9545454545454546,66,0.8181818181818182,66,0.8666666666666667,1245,0.8181818181818182,2
vit_b16_in1k,waterbirds,afr,2,mondrian,APS,0.95,0,1,0.8181818181818182,0.8979919678714859,1245,0.8181818181818182,66,0.9545454545454546,66,0.8714859437751004,1245,0.8181818181818182,1
vit_b16_in1k,waterbirds,afr,2,mondrian,APS,0.95,1,3,0.8923694779116466,0.8931726907630522,1245,0.9242424242424242,66,0.9090909090909091,66,0.8923694779116466,1245,0.8923694779116466,3
vit_b16_in1k,waterbirds,afr,2,mondrian,APS,0.95,2,1,0.8939393939393939,0.9036144578313253,1245,0.8939393939393939,66,0.9696969696969697,66,0.9413654618473896,1245,0.8939393939393939,1
vit_b16_in1k,waterbirds,afr,2,mondrian,APS,0.95,3,2,0.8787878787878788,0.9052208835341365,1245,0.9242424242424242,66,0.8787878787878788,66,0.9269076305220884,1245,0.8787878787878788,2
vit_b16_in1k,waterbirds,afr,2,mondrian,APS,0.95,4,0,0.8819277108433735,0.8819277108433735,1245,0.9242424242424242,66,0.9545454545454546,66,0.927710843373494,1245,0.8819277108433735,0
vit_b16_in1k,waterbirds,afr,2,mondrian,APS,0.95,5,1,0.8787878787878788,0.9004016064257028,1245,0.8787878787878788,66,0.9696969696969697,66,0.8907630522088353,1245,0.8787878787878788,1
vit_b16_in1k,waterbirds,afr,2,mondrian,APS,0.95,6,3,0.8755020080321285,0.9052208835341365,1245,0.8787878787878788,66,0.9848484848484849,66,0.8755020080321285,1245,0.8755020080321285,3
vit_b16_in1k,waterbirds,afr,2,mondrian,APS,0.95,7,2,0.8484848484848485,0.8963855421686747,1245,0.9545454545454546,66,0.8484848484848485,66,0.9116465863453815,1245,0.8484848484848485,2
vit_b16_in1k,waterbirds,afr,2,mondrian,APS,0.95,8,2,0.8333333333333334,0.9253012048192771,1245,0.9242424242424242,66,0.8333333333333334,66,0.9108433734939759,1245,0.8333333333333334,2
vit_b16_in1k,waterbirds,afr,2,mondrian,APS,0.95,9,0,0.8586345381526105,0.8586345381526105,1245,0.8787878787878788,66,0.9848484848484849,66,0.9437751004016064,1245,0.8586345381526105,0
vit_b16_in1k,waterbirds,groupdro_ll,0,marginal_split,APS,0.95,0,1,0.6666666666666666,0.9140562248995984,1245,0.6666666666666666,66,0.7878787878787878,66,0.891566265060241,1245,0.6666666666666666,1
vit_b16_in1k,waterbirds,groupdro_ll,0,marginal_split,APS,0.95,1,2,0.7272727272727273,0.9020080321285141,1245,0.8939393939393939,66,0.7272727272727273,66,0.8682730923694779,1245,0.7272727272727273,2
vit_b16_in1k,waterbirds,groupdro_ll,0,marginal_split,APS,0.95,2,2,0.7727272727272727,0.914859437751004,1245,0.803030303030303,66,0.7727272727272727,66,0.8907630522088353,1245,0.7727272727272727,2
vit_b16_in1k,waterbirds,groupdro_ll,0,marginal_split,APS,0.95,3,1,0.7424242424242424,0.9204819277108434,1245,0.7424242424242424,66,0.7727272727272727,66,0.9100401606425703,1245,0.7424242424242424,1
vit_b16_in1k,waterbirds,groupdro_ll,0,marginal_split,APS,0.95,4,2,0.696969696969697,0.9156626506024096,1245,0.8636363636363636,66,0.696969696969697,66,0.8795180722891566,1245,0.696969696969697,2
vit_b16_in1k,waterbirds,groupdro_ll,0,marginal_split,APS,0.95,5,2,0.8333333333333334,0.9228915662650602,1245,0.8484848484848485,66,0.8333333333333334,66,0.9020080321285141,1245,0.8333333333333334,2
vit_b16_in1k,waterbirds,groupdro_ll,0,marginal_split,APS,0.95,6,1,0.7727272727272727,0.9285140562248996,1245,0.7727272727272727,66,0.7727272727272727,66,0.8843373493975903,1245,0.7727272727272727,1
vit_b16_in1k,waterbirds,groupdro_ll,0,marginal_split,APS,0.95,7,2,0.7878787878787878,0.8987951807228916,1245,0.9090909090909091,66,0.7878787878787878,66,0.8779116465863454,1245,0.7878787878787878,2
vit_b16_in1k,waterbirds,groupdro_ll,0,marginal_split,APS,0.95,8,2,0.7272727272727273,0.9317269076305221,1245,0.8636363636363636,66,0.7272727272727273,66,0.9044176706827309,1245,0.7272727272727273,2
vit_b16_in1k,waterbirds,groupdro_ll,0,marginal_split,APS,0.95,9,2,0.7878787878787878,0.9044176706827309,1245,0.8181818181818182,66,0.7878787878787878,66,0.8746987951807229,1245,0.7878787878787878,2
vit_b16_in1k,waterbirds,groupdro_ll,0,mondrian,APS,0.95,0,1,0.8333333333333334,0.9140562248995984,1245,0.8333333333333334,66,0.9393939393939394,66,0.8819277108433735,1245,0.8333333333333334,1
vit_b16_in1k,waterbirds,groupdro_ll,0,mondrian,APS,0.95,1,2,0.8333333333333334,0.8819277108433735,1245,0.9393939393939394,66,0.8333333333333334,66,0.8803212851405623,1245,0.8333333333333334,2
vit_b16_in1k,waterbirds,groupdro_ll,0,mondrian,APS,0.95,2,2,0.8939393939393939,0.9020080321285141,1245,0.9242424242424242,66,0.8939393939393939,66,0.8939759036144578,1245,0.8939393939393939,2
vit_b16_in1k,waterbirds,groupdro_ll,0,mondrian,APS,0.95,3,2,0.8484848484848485,0.8907630522088353,1245,0.9242424242424242,66,0.8484848484848485,66,0.9124497991967871,1245,0.8484848484848485,2
vit_b16_in1k,waterbirds,groupdro_ll,0,mondrian,APS,0.95,4,3,0.8666666666666667,0.9140562248995984,1245,0.9545454545454546,66,0.8787878787878788,66,0.8666666666666667,1245,0.8666666666666667,3
vit_b16_in1k,waterbirds,groupdro_ll,0,mondrian,APS,0.95,5,3,0.8987951807228916,0.9156626506024096,1245,0.9090909090909091,66,0.9393939393939394,66,0.8987951807228916,1245,0.8987951807228916,3
vit_b16_in1k,waterbirds,groupdro_ll,0,mondrian,APS,0.95,6,1,0.8787878787878788,0.9124497991967871,1245,0.8787878787878788,66,0.9848484848484849,66,0.8843373493975903,1245,0.8787878787878788,1
vit_b16_in1k,waterbirds,groupdro_ll,0,mondrian,APS,0.95,7,3,0.8730923694779117,0.8947791164658635,1245,0.9545454545454546,66,0.9090909090909091,66,0.8730923694779117,1245,0.8730923694779117,3
vit_b16_in1k,waterbirds,groupdro_ll,0,mondrian,APS,0.95,8,3,0.891566265060241,0.9293172690763052,1245,0.9090909090909091,66,0.9090909090909091,66,0.891566265060241,1245,0.891566265060241,3
vit_b16_in1k,waterbirds,groupdro_ll,0,mondrian,APS,0.95,9,3,0.8875502008032129,0.8931726907630522,1245,0.9545454545454546,66,0.8939393939393939,66,0.8875502008032129,1245,0.8875502008032129,3
vit_b16_in1k,waterbirds,groupdro_ll,1,marginal_split,APS,0.95,0,1,0.6666666666666666,0.9140562248995984,1245,0.6666666666666666,66,0.7878787878787878,66,0.8939759036144578,1245,0.6666666666666666,1
vit_b16_in1k,waterbirds,groupdro_ll,1,marginal_split,APS,0.95,1,2,0.7272727272727273,0.9020080321285141,1245,0.8939393939393939,66,0.7272727272727273,66,0.8666666666666667,1245,0.7272727272727273,2
vit_b16_in1k,waterbirds,groupdro_ll,1,marginal_split,APS,0.95,2,2,0.7727272727272727,0.9140562248995984,1245,0.803030303030303,66,0.7727272727272727,66,0.8891566265060241,1245,0.7727272727272727,2
vit_b16_in1k,waterbirds,groupdro_ll,1,marginal_split,APS,0.95,3,1,0.7424242424242424,0.921285140562249,1245,0.7424242424242424,66,0.7727272727272727,66,0.9132530120481928,1245,0.7424242424242424,1
vit_b16_in1k,waterbirds,groupdro_ll,1,marginal_split,APS,0.95,4,2,0.696969696969697,0.9156626506024096,1245,0.8636363636363636,66,0.696969696969697,66,0.8803212851405623,1245,0.696969696969697,2
vit_b16_in1k,waterbirds,groupdro_ll,1,marginal_split,APS,0.95,5,1,0.8333333333333334,0.9244979919678715,1245,0.8333333333333334,66,0.8333333333333334,66,0.9020080321285141,1245,0.8333333333333334,1
vit_b16_in1k,waterbirds,groupdro_ll,1,marginal_split,APS,0.95,6,1,0.7727272727272727,0.9285140562248996,1245,0.7727272727272727,66,0.7878787878787878,66,0.8843373493975903,1245,0.7727272727272727,1
vit_b16_in1k,waterbirds,groupdro_ll,1,marginal_split,APS,0.95,7,2,0.7878787878787878,0.8995983935742972,1245,0.9090909090909091,66,0.7878787878787878,66,0.8779116465863454,1245,0.7878787878787878,2
vit_b16_in1k,waterbirds,groupdro_ll,1,marginal_split,APS,0.95,8,2,0.7424242424242424,0.9309236947791165,1245,0.8636363636363636,66,0.7424242424242424,66,0.9068273092369478,1245,0.7424242424242424,2
vit_b16_in1k,waterbirds,groupdro_ll,1,marginal_split,APS,0.95,9,2,0.7878787878787878,0.9044176706827309,1245,0.8181818181818182,66,0.7878787878787878,66,0.8738955823293173,1245,0.7878787878787878,2
vit_b16_in1k,waterbirds,groupdro_ll,1,mondrian,APS,0.95,0,1,0.8333333333333334,0.9140562248995984,1245,0.8333333333333334,66,0.9393939393939394,66,0.885140562248996,1245,0.8333333333333334,1
vit_b16_in1k,waterbirds,groupdro_ll,1,mondrian,APS,0.95,1,2,0.8333333333333334,0.8819277108433735,1245,0.9393939393939394,66,0.8333333333333334,66,0.8803212851405623,1245,0.8333333333333334,2
vit_b16_in1k,waterbirds,groupdro_ll,1,mondrian,APS,0.95,2,3,0.8923694779116466,0.9020080321285141,1245,0.9090909090909091,66,0.8939393939393939,66,0.8923694779116466,1245,0.8923694779116466,3
vit_b16_in1k,waterbirds,groupdro_ll,1,mondrian,APS,0.95,3,2,0.8484848484848485,0.8891566265060241,1245,0.9242424242424242,66,0.8484848484848485,66,0.914859437751004,1245,0.8484848484848485,2
vit_b16_in1k,waterbirds,groupdro_ll,1,mondrian,APS,0.95,4,3,0.8650602409638555,0.9140562248995984,1245,0.9545454545454546,66,0.8787878787878788,66,0.8650602409638555,1245,0.8650602409638555,3
vit_b16_in1k,waterbirds,groupdro_ll,1,mondrian,APS,0.95,5,3,0.8987951807228916,0.9156626506024096,1245,0.9090909090909091,66,0.9393939393939394,66,0.8987951807228916,1245,0.8987951807228916,3
vit_b16_in1k,waterbirds,groupdro_ll,1,mondrian,APS,0.95,6,1,0.8787878787878788,0.9124497991967871,1245,0.8787878787878788,66,0.9848484848484849,66,0.8843373493975903,1245,0.8787878787878788,1
vit_b16_in1k,waterbirds,groupdro_ll,1,mondrian,APS,0.95,7,3,0.8746987951807229,0.8963855421686747,1245,0.9545454545454546,66,0.9090909090909091,66,0.8746987951807229,1245,0.8746987951807229,3
vit_b16_in1k,waterbirds,groupdro_ll,1,mondrian,APS,0.95,8,3,0.8907630522088353,0.9285140562248996,1245,0.9242424242424242,66,0.9090909090909091,66,0.8907630522088353,1245,0.8907630522088353,3
vit_b16_in1k,waterbirds,groupdro_ll,1,mondrian,APS,0.95,9,3,0.8891566265060241,0.8931726907630522,1245,0.9393939393939394,66,0.8939393939393939,66,0.8891566265060241,1245,0.8891566265060241,3
vit_b16_in1k,waterbirds,groupdro_ll,2,marginal_split,APS,0.95,0,1,0.6666666666666666,0.9124497991967871,1245,0.6666666666666666,66,0.7878787878787878,66,0.8931726907630522,1245,0.6666666666666666,1
vit_b16_in1k,waterbirds,groupdro_ll,2,marginal_split,APS,0.95,1,2,0.7272727272727273,0.9020080321285141,1245,0.9090909090909091,66,0.7272727272727273,66,0.8682730923694779,1245,0.7272727272727273,2
vit_b16_in1k,waterbirds,groupdro_ll,2,marginal_split,APS,0.95,2,2,0.7727272727272727,0.914859437751004,1245,0.803030303030303,66,0.7727272727272727,66,0.8899598393574297,1245,0.7727272727272727,2
vit_b16_in1k,waterbirds,groupdro_ll,2,marginal_split,APS,0.95,3,1,0.7424242424242424,0.9204819277108434,1245,0.7424242424242424,66,0.7727272727272727,66,0.9124497991967871,1245,0.7424242424242424,1
vit_b16_in1k,waterbirds,groupdro_ll,2,marginal_split,APS,0.95,4,2,0.696969696969697,0.9164658634538153,1245,0.8484848484848485,66,0.696969696969697,66,0.8803212851405623,1245,0.696969696969697,2
vit_b16_in1k,waterbirds,groupdro_ll,2,marginal_split,APS,0.95,5,2,0.8333333333333334,0.9236947791164659,1245,0.8484848484848485,66,0.8333333333333334,66,0.9004016064257028,1245,0.8333333333333334,2
vit_b16_in1k,waterbirds,groupdro_ll,2,marginal_split,APS,0.95,6,1,0.7727272727272727,0.9285140562248996,1245,0.7727272727272727,66,0.7727272727272727,66,0.8835341365461847,1245,0.7727272727272727,1
vit_b16_in1k,waterbirds,groupdro_ll,2,marginal_split,APS,0.95,7,2,0.7878787878787878,0.8987951807228916,1245,0.9090909090909091,66,0.7878787878787878,66,0.8779116465863454,1245,0.7878787878787878,2
vit_b16_in1k,waterbirds,groupdro_ll,2,marginal_split,APS,0.95,8,2,0.7272727272727273,0.9317269076305221,1245,0.8636363636363636,66,0.7272727272727273,66,0.9060240963855422,1245,0.7272727272727273,2
vit_b16_in1k,waterbirds,groupdro_ll,2,marginal_split,APS,0.95,9,2,0.7878787878787878,0.9044176706827309,1245,0.803030303030303,66,0.7878787878787878,66,0.8755020080321285,1245,0.7878787878787878,2
vit_b16_in1k,waterbirds,groupdro_ll,2,mondrian,APS,0.95,0,1,0.8484848484848485,0.9140562248995984,1245,0.8484848484848485,66,0.9393939393939394,66,0.8803212851405623,1245,0.8484848484848485,1
vit_b16_in1k,waterbirds,groupdro_ll,2,mondrian,APS,0.95,1,2,0.8333333333333334,0.8827309236947791,1245,0.9393939393939394,66,0.8333333333333334,66,0.878714859437751,1245,0.8333333333333334,2
vit_b16_in1k,waterbirds,groupdro_ll,2,mondrian,APS,0.95,2,2,0.8787878787878788,0.9020080321285141,1245,0.9242424242424242,66,0.8787878787878788,66,0.891566265060241,1245,0.8787878787878788,2
vit_b16_in1k,waterbirds,groupdro_ll,2,mondrian,APS,0.95,3,2,0.8484848484848485,0.891566265060241,1245,0.9242424242424242,66,0.8484848484848485,66,0.9140562248995984,1245,0.8484848484848485,2
vit_b16_in1k,waterbirds,groupdro_ll,2,mondrian,APS,0.95,4,3,0.8650602409638555,0.9140562248995984,1245,0.9545454545454546,66,0.8787878787878788,66,0.8650602409638555,1245,0.8650602409638555,3
vit_b16_in1k,waterbirds,groupdro_ll,2,mondrian,APS,0.95,5,3,0.8979919678714859,0.9156626506024096,1245,0.9090909090909091,66,0.9393939393939394,66,0.8979919678714859,1245,0.8979919678714859,3
vit_b16_in1k,waterbirds,groupdro_ll,2,mondrian,APS,0.95,6,1,0.8787878787878788,0.9140562248995984,1245,0.8787878787878788,66,0.9848484848484849,66,0.8843373493975903,1245,0.8787878787878788,1
vit_b16_in1k,waterbirds,groupdro_ll,2,mondrian,APS,0.95,7,3,0.8738955823293173,0.8971887550200803,1245,0.9545454545454546,66,0.9090909090909091,66,0.8738955823293173,1245,0.8738955823293173,3
vit_b16_in1k,waterbirds,groupdro_ll,2,mondrian,APS,0.95,8,3,0.891566265060241,0.9301204819277108,1245,0.9242424242424242,66,0.9090909090909091,66,0.891566265060241,1245,0.891566265060241,3
vit_b16_in1k,waterbirds,groupdro_ll,2,mondrian,APS,0.95,9,3,0.8907630522088353,0.8947791164658635,1245,0.9242424242424242,66,0.8939393939393939,66,0.8907630522088353,1245,0.8907630522088353,3
vit_b16_in1k,waterbirds,balanced_subsample,0,marginal_split,APS,0.95,0,1,0.8333333333333334,0.891566265060241,1245,0.8333333333333334,66,0.8939393939393939,66,0.8771084337349397,1245,0.8333333333333334,1
vit_b16_in1k,waterbirds,balanced_subsample,0,marginal_split,APS,0.95,1,3,0.8987951807228916,0.9060240963855422,1245,0.9393939393939394,66,0.9090909090909091,66,0.8987951807228916,1245,0.8987951807228916,3
vit_b16_in1k,waterbirds,balanced_subsample,0,marginal_split,APS,0.95,2,0,0.8939759036144578,0.8939759036144578,1245,0.9090909090909091,66,0.9242424242424242,66,0.9196787148594378,1245,0.8939759036144578,0
vit_b16_in1k,waterbirds,balanced_subsample,0,marginal_split,APS,0.95,3,2,0.8636363636363636,0.8963855421686747,1245,0.8787878787878788,66,0.8636363636363636,66,0.8995983935742972,1245,0.8636363636363636,2
vit_b16_in1k,waterbirds,balanced_subsample,0,marginal_split,APS,0.95,4,2,0.8636363636363636,0.878714859437751,1245,0.9242424242424242,66,0.8636363636363636,66,0.8738955823293173,1245,0.8636363636363636,2
vit_b16_in1k,waterbirds,balanced_subsample,0,marginal_split,APS,0.95,5,0,0.8843373493975903,0.8843373493975903,1245,0.9090909090909091,66,0.9545454545454546,66,0.908433734939759,1245,0.8843373493975903,0
vit_b16_in1k,waterbirds,balanced_subsample,0,marginal_split,APS,0.95,6,1,0.8181818181818182,0.8995983935742972,1245,0.8181818181818182,66,0.8939393939393939,66,0.8819277108433735,1245,0.8181818181818182,1
vit_b16_in1k,waterbirds,balanced_subsample,0,marginal_split,APS,0.95,7,2,0.8787878787878788,0.8939759036144578,1245,0.9545454545454546,66,0.8787878787878788,66,0.8803212851405623,1245,0.8787878787878788,2
vit_b16_in1k,waterbirds,balanced_subsample,0,marginal_split,APS,0.95,8,1,0.8484848484848485,0.9124497991967871,1245,0.8484848484848485,66,0.8484848484848485,66,0.9116465863453815,1245,0.8484848484848485,1
vit_b16_in1k,waterbirds,balanced_subsample,0,marginal_split,APS,0.95,9,1,0.8484848484848485,0.891566265060241,1245,0.8484848484848485,66,0.8636363636363636,66,0.8979919678714859,1245,0.8484848484848485,1
vit_b16_in1k,waterbirds,balanced_subsample,0,mondrian,APS,0.95,0,3,0.8690763052208835,0.9004016064257028,1245,0.8787878787878788,66,0.9242424242424242,66,0.8690763052208835,1245,0.8690763052208835,3
vit_b16_in1k,waterbirds,balanced_subsample,0,mondrian,APS,0.95,1,3,0.8843373493975903,0.9228915662650602,1245,0.9393939393939394,66,0.9090909090909091,66,0.8843373493975903,1245,0.8843373493975903,3
vit_b16_in1k,waterbirds,balanced_subsample,0,mondrian,APS,0.95,2,1,0.8787878787878788,0.8939759036144578,1245,0.8787878787878788,66,0.9242424242424242,66,0.9261044176706827,1245,0.8787878787878788,1
vit_b16_in1k,waterbirds,balanced_subsample,0,mondrian,APS,0.95,3,2,0.8484848484848485,0.8939759036144578,1245,1.0,66,0.8484848484848485,66,0.9036144578313253,1245,0.8484848484848485,2
vit_b16_in1k,waterbirds,balanced_subsample,0,mondrian,APS,0.95,4,3,0.8618473895582329,0.8779116465863454,1245,0.9696969696969697,66,0.9848484848484849,66,0.8618473895582329,1245,0.8618473895582329,3
vit_b16_in1k,waterbirds,balanced_subsample,0,mondrian,APS,0.95,5,0,0.8891566265060241,0.8891566265060241,1245,0.9545454545454546,66,0.9848484848484849,66,0.8979919678714859,1245,0.8891566265060241,0
vit_b16_in1k,waterbirds,balanced_subsample,0,mondrian,APS,0.95,6,1,0.8181818181818182,0.9028112449799197,1245,0.8181818181818182,66,0.9090909090909091,66,0.8658634538152611,1245,0.8181818181818182,1
vit_b16_in1k,waterbirds,balanced_subsample,0,mondrian,APS,0.95,7,2,0.8636363636363636,0.9028112449799197,1245,0.9545454545454546,66,0.8636363636363636,66,0.8779116465863454,1245,0.8636363636363636,2
vit_b16_in1k,waterbirds,balanced_subsample,0,mondrian,APS,0.95,8,1,0.8484848484848485,0.9188755020080321,1245,0.8484848484848485,66,0.9090909090909091,66,0.8995983935742972,1245,0.8484848484848485,1
vit_b16_in1k,waterbirds,balanced_subsample,0,mondrian,APS,0.95,9,0,0.8923694779116466,0.8923694779116466,1245,0.8939393939393939,66,0.9090909090909091,66,0.8979919678714859,1245,0.8923694779116466,0
vit_b16_in1k,waterbirds,balanced_subsample,1,marginal_split,APS,0.95,0,3,0.8722891566265061,0.8867469879518072,1245,0.8787878787878788,66,0.9090909090909091,66,0.8722891566265061,1245,0.8722891566265061,3
vit_b16_in1k,waterbirds,balanced_subsample,1,marginal_split,APS,0.95,1,2,0.8787878787878788,0.8995983935742972,1245,0.9393939393939394,66,0.8787878787878788,66,0.8947791164658635,1245,0.8787878787878788,2
vit_b16_in1k,waterbirds,balanced_subsample,1,marginal_split,APS,0.95,2,1,0.9090909090909091,0.9092369477911647,1245,0.9090909090909091,66,0.9242424242424242,66,0.9172690763052209,1245,0.9090909090909091,1
vit_b16_in1k,waterbirds,balanced_subsample,1,marginal_split,APS,0.95,3,2,0.8333333333333334,0.9076305220883534,1245,0.8484848484848485,66,0.8333333333333334,66,0.9060240963855422,1245,0.8333333333333334,2
vit_b16_in1k,waterbirds,balanced_subsample,1,marginal_split,APS,0.95,4,2,0.8787878787878788,0.8931726907630522,1245,0.9393939393939394,66,0.8787878787878788,66,0.8995983935742972,1245,0.8787878787878788,2
vit_b16_in1k,waterbirds,balanced_subsample,1,marginal_split,APS,0.95,5,1,0.8787878787878788,0.8939759036144578,1245,0.8787878787878788,66,0.9090909090909091,66,0.8843373493975903,1245,0.8787878787878788,1
vit_b16_in1k,waterbirds,balanced_subsample,1,marginal_split,APS,0.95,6,1,0.8636363636363636,0.9044176706827309,1245,0.8636363636363636,66,0.8939393939393939,66,0.8859437751004016,1245,0.8636363636363636,1
vit_b16_in1k,waterbirds,balanced_subsample,1,marginal_split,APS,0.95,7,0,0.8835341365461847,0.8835341365461847,1245,0.9393939393939394,66,0.9242424242424242,66,0.8867469879518072,1245,0.8835341365461847,0
vit_b16_in1k,waterbirds,balanced_subsample,1,marginal_split,APS,0.95,8,2,0.8484848484848485,0.9349397590361446,1245,0.9090909090909091,66,0.8484848484848485,66,0.9357429718875502,1245,0.8484848484848485,2
vit_b16_in1k,waterbirds,balanced_subsample,1,marginal_split,APS,0.95,9,1,0.8484848484848485,0.8819277108433735,1245,0.8484848484848485,66,0.8484848484848485,66,0.8771084337349397,1245,0.8484848484848485,1
vit_b16_in1k,waterbirds,balanced_subsample,1,mondrian,APS,0.95,0,3,0.8634538152610441,0.8891566265060241,1245,0.8787878787878788,66,0.9696969696969697,66,0.8634538152610441,1245,0.8634538152610441,3
vit_b16_in1k,waterbirds,balanced_subsample,1,mondrian,APS,0.95,1,0,0.8931726907630522,0.8931726907630522,1245,0.9393939393939394,66,0.9090909090909091,66,0.9004016064257028,1245,0.8931726907630522,0
vit_b16_in1k,waterbirds,balanced_subsample,1,mondrian,APS,0.95,2,1,0.8939393939393939,0.9020080321285141,1245,0.8939393939393939,66,0.9242424242424242,66,0.9220883534136546,1245,0.8939393939393939,1
vit_b16_in1k,waterbirds,balanced_subsample,1,mondrian,APS,0.95,3,2,0.8333333333333334,0.8907630522088353,1245,0.9393939393939394,66,0.8333333333333334,66,0.9132530120481928,1245,0.8333333333333334,2
vit_b16_in1k,waterbirds,balanced_subsample,1,mondrian,APS,0.95,4,0,0.8899598393574297,0.8899598393574297,1245,0.9848484848484849,66,0.9393939393939394,66,0.8987951807228916,1245,0.8899598393574297,0
vit_b16_in1k,waterbirds,balanced_subsample,1,mondrian,APS,0.95,5,3,0.8763052208835341,0.9004016064257028,1245,0.8787878787878788,66,0.9393939393939394,66,0.8763052208835341,1245,0.8763052208835341,3
vit_b16_in1k,waterbirds,balanced_subsample,1,mondrian,APS,0.95,6,1,0.8636363636363636,0.9052208835341365,1245,0.8636363636363636,66,0.9848484848484849,66,0.8819277108433735,1245,0.8636363636363636,1
vit_b16_in1k,waterbirds,balanced_subsample,1,mondrian,APS,0.95,7,3,0.8795180722891566,0.8891566265060241,1245,0.9393939393939394,66,0.9696969696969697,66,0.8795180722891566,1245,0.8795180722891566,3
vit_b16_in1k,waterbirds,balanced_subsample,1,mondrian,APS,0.95,8,2,0.8787878787878788,0.9357429718875502,1245,0.9090909090909091,66,0.8787878787878788,66,0.9357429718875502,1245,0.8787878787878788,2
vit_b16_in1k,waterbirds,balanced_subsample,1,mondrian,APS,0.95,9,0,0.8722891566265061,0.8722891566265061,1245,0.9545454545454546,66,0.8939393939393939,66,0.8827309236947791,1245,0.8722891566265061,0
vit_b16_in1k,waterbirds,balanced_subsample,2,marginal_split,APS,0.95,0,1,0.8333333333333334,0.8995983935742972,1245,0.8333333333333334,66,0.9090909090909091,66,0.8618473895582329,1245,0.8333333333333334,1
vit_b16_in1k,waterbirds,balanced_subsample,2,marginal_split,APS,0.95,1,2,0.8636363636363636,0.8987951807228916,1245,0.9242424242424242,66,0.8636363636363636,66,0.8803212851405623,1245,0.8636363636363636,2
vit_b16_in1k,waterbirds,balanced_subsample,2,marginal_split,APS,0.95,2,1,0.8939393939393939,0.9196787148594378,1245,0.8939393939393939,66,0.8939393939393939,66,0.8995983935742972,1245,0.8939393939393939,1
vit_b16_in1k,waterbirds,balanced_subsample,2,marginal_split,APS,0.95,3,2,0.8636363636363636,0.9028112449799197,1245,0.8939393939393939,66,0.8636363636363636,66,0.9044176706827309,1245,0.8636363636363636,2
vit_b16_in1k,waterbirds,balanced_subsample,2,marginal_split,APS,0.95,4,3,0.8690763052208835,0.8931726907630522,1245,0.9242424242424242,66,0.8787878787878788,66,0.8690763052208835,1245,0.8690763052208835,3
vit_b16_in1k,waterbirds,balanced_subsample,2,marginal_split,APS,0.95,5,3,0.8899598393574297,0.9132530120481928,1245,0.9090909090909091,66,0.8939393939393939,66,0.8899598393574297,1245,0.8899598393574297,3
vit_b16_in1k,waterbirds,balanced_subsample,2,marginal_split,APS,0.95,6,2,0.8181818181818182,0.9076305220883534,1245,0.8333333333333334,66,0.8181818181818182,66,0.8610441767068273,1245,0.8181818181818182,2
vit_b16_in1k,waterbirds,balanced_subsample,2,marginal_split,APS,0.95,7,2,0.8636363636363636,0.9188755020080321,1245,0.9848484848484849,66,0.8636363636363636,66,0.8907630522088353,1245,0.8636363636363636,2
vit_b16_in1k,waterbirds,balanced_subsample,2,marginal_split,APS,0.95,8,2,0.8333333333333334,0.9325301204819277,1245,0.8787878787878788,66,0.8333333333333334,66,0.908433734939759,1245,0.8333333333333334,2
vit_b16_in1k,waterbirds,balanced_subsample,2,marginal_split,APS,0.95,9,2,0.8636363636363636,0.8867469879518072,1245,0.8787878787878788,66,0.8636363636363636,66,0.8682730923694779,1245,0.8636363636363636,2
vit_b16_in1k,waterbirds,balanced_subsample,2,mondrian,APS,0.95,0,3,0.8546184738955823,0.8995983935742972,1245,0.9242424242424242,66,0.9696969696969697,66,0.8546184738955823,1245,0.8546184738955823,3
vit_b16_in1k,waterbirds,balanced_subsample,2,mondrian,APS,0.95,1,2,0.8787878787878788,0.8899598393574297,1245,0.9242424242424242,66,0.8787878787878788,66,0.8859437751004016,1245,0.8787878787878788,2
vit_b16_in1k,waterbirds,balanced_subsample,2,mondrian,APS,0.95,2,2,0.8787878787878788,0.8955823293172691,1245,0.8939393939393939,66,0.8787878787878788,66,0.9116465863453815,1245,0.8787878787878788,2
vit_b16_in1k,waterbirds,balanced_subsample,2,mondrian,APS,0.95,3,2,0.8484848484848485,0.8811244979919679,1245,0.9090909090909091,66,0.8484848484848485,66,0.9132530120481928,1245,0.8484848484848485,2
vit_b16_in1k,waterbirds,balanced_subsample,2,mondrian,APS,0.95,4,0,0.8746987951807229,0.8746987951807229,1245,0.9696969696969697,66,0.9393939393939394,66,0.8859437751004016,1245,0.8746987951807229,0
vit_b16_in1k,waterbirds,balanced_subsample,2,mondrian,APS,0.95,5,3,0.8931726907630522,0.9044176706827309,1245,0.9242424242424242,66,0.9696969696969697,66,0.8931726907630522,1245,0.8931726907630522,3
vit_b16_in1k,waterbirds,balanced_subsample,2,mondrian,APS,0.95,6,3,0.8522088353413655,0.9132530120481928,1245,0.8787878787878788,66,0.9545454545454546,66,0.8522088353413655,1245,0.8522088353413655,3
vit_b16_in1k,waterbirds,balanced_subsample,2,mondrian,APS,0.95,7,3,0.8907630522088353,0.9156626506024096,1245,0.9848484848484849,66,0.8939393939393939,66,0.8907630522088353,1245,0.8907630522088353,3
vit_b16_in1k,waterbirds,balanced_subsample,2,mondrian,APS,0.95,8,1,0.8787878787878788,0.9285140562248996,1245,0.8787878787878788,66,0.8939393939393939,66,0.9164658634538153,1245,0.8787878787878788,1
vit_b16_in1k,waterbirds,balanced_subsample,2,mondrian,APS,0.95,9,0,0.8714859437751004,0.8714859437751004,1245,0.9090909090909091,66,0.9242424242424242,66,0.8907630522088353,1245,0.8714859437751004,0
resnet50_erm,celeba,erm,0,marginal_split,APS,0.95,0,3,0.8264975334742777,0.9926708949964764,7095,0.9946380697050938,373,0.9785522788203753,373,0.8264975334742777,7095,0.8264975334742777,3
resnet50_erm,celeba,erm,0,marginal_split,APS,0.95,1,3,0.8177589852008457,0.9928118393234673,7095,0.9973190348525469,373,0.9812332439678284,373,0.8177589852008457,7095,0.8177589852008457,3
resnet50_erm,celeba,erm,0,marginal_split,APS,0.95,2,3,0.8701902748414376,0.9932346723044397,7095,1.0,373,0.9785522788203753,373,0.8701902748414376,7095,0.8701902748414376,3
resnet50_erm,celeba,erm,0,marginal_split,APS,0.95,3,3,0.7517970401691332,0.9874559548978153,7095,0.9892761394101877,373,0.9597855227882037,373,0.7517970401691332,7095,0.7517970401691332,3
resnet50_erm,celeba,erm,0,marginal_split,APS,0.95,4,3,0.8476391825229035,0.9933756166314306,7095,0.9946380697050938,373,0.9731903485254692,373,0.8476391825229035,7095,0.8476391825229035,3
resnet50_erm,celeba,erm,0,marginal_split,APS,0.95,5,3,0.797322057787174,0.9901338971106413,7095,0.9919571045576407,373,0.967828418230563,373,0.797322057787174,7095,0.797322057787174,3
resnet50_erm,celeba,erm,0,marginal_split,APS,0.95,6,3,0.7797040169133193,0.9875968992248062,7095,0.9865951742627346,373,0.9705093833780161,373,0.7797040169133193,7095,0.7797040169133193,3
resnet50_erm,celeba,erm,0,marginal_split,APS,0.95,7,3,0.8668076109936576,0.9935165609584214,7095,1.0,373,0.9919571045576407,373,0.8668076109936576,7095,0.8668076109936576,3
resnet50_erm,celeba,erm,0,marginal_split,APS,0.95,8,3,0.8624383368569415,0.9922480620155039,7095,0.9946380697050938,373,0.9812332439678284,373,0.8624383368569415,7095,0.8624383368569415,3
resnet50_erm,celeba,erm,0,marginal_split,APS,0.95,9,3,0.792107117688513,0.9890063424947146,7095,0.9865951742627346,373,0.9785522788203753,373,0.792107117688513,7095,0.792107117688513,3
resnet50_erm,celeba,erm,0,mondrian,APS,0.95,0,2,0.8900804289544236,0.8985200845665962,7095,0.8981233243967829,373,0.8900804289544236,373,0.9033121916842847,7095,0.8900804289544236,2
resnet50_erm,celeba,erm,0,mondrian,APS,0.95,1,0,0.898661028893587,0.898661028893587,7095,0.935656836461126,373,0.9222520107238605,373,0.9289640591966173,7095,0.898661028893587,0
resnet50_erm,celeba,erm,0,mondrian,APS,0.95,2,2,0.868632707774799,0.8941508104298802,7095,0.9195710455764075,373,0.868632707774799,373,0.9399577167019028,7095,0.868632707774799,2
resnet50_erm,celeba,erm,0,mondrian,APS,0.95,3,3,0.8466525722339676,0.8988019732205779,7095,0.9142091152815014,373,0.871313672922252,373,0.8466525722339676,7095,0.8466525722339676,3
resnet50_erm,celeba,erm,0,mondrian,APS,0.95,4,1,0.8820375335120644,0.8996476391825229,7095,0.8820375335120644,373,0.8954423592493298,373,0.9182522903453136,7095,0.8820375335120644,1
resnet50_erm,celeba,erm,0,mondrian,APS,0.95,5,3,0.8871035940803382,0.9026074700493305,7095,0.9061662198391421,373,0.9061662198391421,373,0.8871035940803382,7095,0.8871035940803382,3
resnet50_erm,celeba,erm,0,mondrian,APS,0.95,6,3,0.8821705426356589,0.8993657505285412,7095,0.8847184986595175,373,0.9195710455764075,373,0.8821705426356589,7095,0.8821705426356589,3
resnet50_erm,celeba,erm,0,mondrian,APS,0.95,7,1,0.8820375335120644,0.9007751937984496,7095,0.8820375335120644,373,0.9142091152815014,373,0.9261451726568005,7095,0.8820375335120644,1
resnet50_erm,celeba,erm,0,mondrian,APS,0.95,8,2,0.8820375335120644,0.9031712473572938,7095,0.8954423592493298,373,0.8820375335120644,373,0.9276955602536998,7095,0.8820375335120644,2
resnet50_erm,celeba,erm,0,mondrian,APS,0.95,9,3,0.8869626497533474,0.8916138125440451,7095,0.8873994638069705,373,0.8981233243967829,373,0.8869626497533474,7095,0.8869626497533474,3
resnet50_erm,celeba,erm,1,marginal_split,APS,0.95,0,3,0.8264975334742777,0.9926708949964764,7095,0.9946380697050938,373,0.9785522788203753,373,0.8264975334742777,7095,0.8264975334742777,3
resnet50_erm,celeba,erm,1,marginal_split,APS,0.95,1,3,0.8177589852008457,0.9928118393234673,7095,0.9973190348525469,373,0.9812332439678284,373,0.8177589852008457,7095,0.8177589852008457,3
resnet50_erm,celeba,erm,1,marginal_split,APS,0.95,2,3,0.8701902748414376,0.9932346723044397,7095,1.0,373,0.9785522788203753,373,0.8701902748414376,7095,0.8701902748414376,3
resnet50_erm,celeba,erm,1,marginal_split,APS,0.95,3,3,0.7517970401691332,0.9874559548978153,7095,0.9892761394101877,373,0.9597855227882037,373,0.7517970401691332,7095,0.7517970401691332,3
resnet50_erm,celeba,erm,1,marginal_split,APS,0.95,4,3,0.8476391825229035,0.9933756166314306,7095,0.9946380697050938,373,0.9731903485254692,373,0.8476391825229035,7095,0.8476391825229035,3
resnet50_erm,celeba,erm,1,marginal_split,APS,0.95,5,3,0.797322057787174,0.9901338971106413,7095,0.9919571045576407,373,0.967828418230563,373,0.797322057787174,7095,0.797322057787174,3
resnet50_erm,celeba,erm,1,marginal_split,APS,0.95,6,3,0.7797040169133193,0.9875968992248062,7095,0.9865951742627346,373,0.9705093833780161,373,0.7797040169133193,7095,0.7797040169133193,3
resnet50_erm,celeba,erm,1,marginal_split,APS,0.95,7,3,0.8668076109936576,0.9935165609584214,7095,1.0,373,0.9919571045576407,373,0.8668076109936576,7095,0.8668076109936576,3
resnet50_erm,celeba,erm,1,marginal_split,APS,0.95,8,3,0.8624383368569415,0.9922480620155039,7095,0.9946380697050938,373,0.9812332439678284,373,0.8624383368569415,7095,0.8624383368569415,3
resnet50_erm,celeba,erm,1,marginal_split,APS,0.95,9,3,0.792107117688513,0.9890063424947146,7095,0.9865951742627346,373,0.9785522788203753,373,0.792107117688513,7095,0.792107117688513,3
resnet50_erm,celeba,erm,1,mondrian,APS,0.95,0,2,0.8900804289544236,0.8985200845665962,7095,0.8981233243967829,373,0.8900804289544236,373,0.9033121916842847,7095,0.8900804289544236,2
resnet50_erm,celeba,erm,1,mondrian,APS,0.95,1,0,0.898661028893587,0.898661028893587,7095,0.935656836461126,373,0.9222520107238605,373,0.9289640591966173,7095,0.898661028893587,0
resnet50_erm,celeba,erm,1,mondrian,APS,0.95,2,2,0.868632707774799,0.8941508104298802,7095,0.9195710455764075,373,0.868632707774799,373,0.9399577167019028,7095,0.868632707774799,2
resnet50_erm,celeba,erm,1,mondrian,APS,0.95,3,3,0.8466525722339676,0.8988019732205779,7095,0.9142091152815014,373,0.871313672922252,373,0.8466525722339676,7095,0.8466525722339676,3
resnet50_erm,celeba,erm,1,mondrian,APS,0.95,4,1,0.8820375335120644,0.8996476391825229,7095,0.8820375335120644,373,0.8954423592493298,373,0.9182522903453136,7095,0.8820375335120644,1
resnet50_erm,celeba,erm,1,mondrian,APS,0.95,5,3,0.8871035940803382,0.9026074700493305,7095,0.9061662198391421,373,0.9061662198391421,373,0.8871035940803382,7095,0.8871035940803382,3
resnet50_erm,celeba,erm,1,mondrian,APS,0.95,6,3,0.8821705426356589,0.8993657505285412,7095,0.8847184986595175,373,0.9195710455764075,373,0.8821705426356589,7095,0.8821705426356589,3
resnet50_erm,celeba,erm,1,mondrian,APS,0.95,7,1,0.8820375335120644,0.9007751937984496,7095,0.8820375335120644,373,0.9142091152815014,373,0.9261451726568005,7095,0.8820375335120644,1
resnet50_erm,celeba,erm,1,mondrian,APS,0.95,8,2,0.8820375335120644,0.9031712473572938,7095,0.8954423592493298,373,0.8820375335120644,373,0.9276955602536998,7095,0.8820375335120644,2
resnet50_erm,celeba,erm,1,mondrian,APS,0.95,9,3,0.8869626497533474,0.8916138125440451,7095,0.8873994638069705,373,0.8981233243967829,373,0.8869626497533474,7095,0.8869626497533474,3
resnet50_erm,celeba,erm,2,marginal_split,APS,0.95,0,3,0.8264975334742777,0.9926708949964764,7095,0.9946380697050938,373,0.9785522788203753,373,0.8264975334742777,7095,0.8264975334742777,3
resnet50_erm,celeba,erm,2,marginal_split,APS,0.95,1,3,0.8177589852008457,0.9928118393234673,7095,0.9973190348525469,373,0.9812332439678284,373,0.8177589852008457,7095,0.8177589852008457,3
resnet50_erm,celeba,erm,2,marginal_split,APS,0.95,2,3,0.8701902748414376,0.9932346723044397,7095,1.0,373,0.9785522788203753,373,0.8701902748414376,7095,0.8701902748414376,3
resnet50_erm,celeba,erm,2,marginal_split,APS,0.95,3,3,0.7517970401691332,0.9874559548978153,7095,0.9892761394101877,373,0.9597855227882037,373,0.7517970401691332,7095,0.7517970401691332,3
resnet50_erm,celeba,erm,2,marginal_split,APS,0.95,4,3,0.8476391825229035,0.9933756166314306,7095,0.9946380697050938,373,0.9731903485254692,373,0.8476391825229035,7095,0.8476391825229035,3
resnet50_erm,celeba,erm,2,marginal_split,APS,0.95,5,3,0.797322057787174,0.9901338971106413,7095,0.9919571045576407,373,0.967828418230563,373,0.797322057787174,7095,0.797322057787174,3
resnet50_erm,celeba,erm,2,marginal_split,APS,0.95,6,3,0.7797040169133193,0.9875968992248062,7095,0.9865951742627346,373,0.9705093833780161,373,0.7797040169133193,7095,0.7797040169133193,3
resnet50_erm,celeba,erm,2,marginal_split,APS,0.95,7,3,0.8668076109936576,0.9935165609584214,7095,1.0,373,0.9919571045576407,373,0.8668076109936576,7095,0.8668076109936576,3
resnet50_erm,celeba,erm,2,marginal_split,APS,0.95,8,3,0.8624383368569415,0.9922480620155039,7095,0.9946380697050938,373,0.9812332439678284,373,0.8624383368569415,7095,0.8624383368569415,3
resnet50_erm,celeba,erm,2,marginal_split,APS,0.95,9,3,0.792107117688513,0.9890063424947146,7095,0.9865951742627346,373,0.9785522788203753,373,0.792107117688513,7095,0.792107117688513,3
resnet50_erm,celeba,erm,2,mondrian,APS,0.95,0,2,0.8900804289544236,0.8985200845665962,7095,0.8981233243967829,373,0.8900804289544236,373,0.9033121916842847,7095,0.8900804289544236,2
resnet50_erm,celeba,erm,2,mondrian,APS,0.95,1,0,0.898661028893587,0.898661028893587,7095,0.935656836461126,373,0.9222520107238605,373,0.9289640591966173,7095,0.898661028893587,0
resnet50_erm,celeba,erm,2,mondrian,APS,0.95,2,2,0.868632707774799,0.8941508104298802,7095,0.9195710455764075,373,0.868632707774799,373,0.9399577167019028,7095,0.868632707774799,2
resnet50_erm,celeba,erm,2,mondrian,APS,0.95,3,3,0.8466525722339676,0.8988019732205779,7095,0.9142091152815014,373,0.871313672922252,373,0.8466525722339676,7095,0.8466525722339676,3
resnet50_erm,celeba,erm,2,mondrian,APS,0.95,4,1,0.8820375335120644,0.8996476391825229,7095,0.8820375335120644,373,0.8954423592493298,373,0.9182522903453136,7095,0.8820375335120644,1
resnet50_erm,celeba,erm,2,mondrian,APS,0.95,5,3,0.8871035940803382,0.9026074700493305,7095,0.9061662198391421,373,0.9061662198391421,373,0.8871035940803382,7095,0.8871035940803382,3
resnet50_erm,celeba,erm,2,mondrian,APS,0.95,6,3,0.8821705426356589,0.8993657505285412,7095,0.8847184986595175,373,0.9195710455764075,373,0.8821705426356589,7095,0.8821705426356589,3
resnet50_erm,celeba,erm,2,mondrian,APS,0.95,7,1,0.8820375335120644,0.9007751937984496,7095,0.8820375335120644,373,0.9142091152815014,373,0.9261451726568005,7095,0.8820375335120644,1
resnet50_erm,celeba,erm,2,mondrian,APS,0.95,8,2,0.8820375335120644,0.9031712473572938,7095,0.8954423592493298,373,0.8820375335120644,373,0.9276955602536998,7095,0.8820375335120644,2
resnet50_erm,celeba,erm,2,mondrian,APS,0.95,9,3,0.8869626497533474,0.8916138125440451,7095,0.8873994638069705,373,0.8981233243967829,373,0.8869626497533474,7095,0.8869626497533474,3
resnet50_erm,celeba,dfr,0,marginal_split,APS,0.95,0,0,0.8744186046511628,0.8744186046511628,7095,0.8927613941018767,373,0.9142091152815014,373,0.9154334038054969,7095,0.8744186046511628,0
resnet50_erm,celeba,dfr,0,marginal_split,APS,0.95,1,0,0.8883720930232558,0.8883720930232558,7095,0.938337801608579,373,0.9302949061662198,373,0.9361522198731501,7095,0.8883720930232558,0
resnet50_erm,celeba,dfr,0,marginal_split,APS,0.95,2,0,0.8948555320648344,0.8948555320648344,7095,0.9222520107238605,373,0.9517426273458445,373,0.9603946441155744,7095,0.8948555320648344,0
resnet50_erm,celeba,dfr,0,marginal_split,APS,0.95,3,0,0.8608879492600423,0.8608879492600423,7095,0.9329758713136729,373,0.9276139410187667,373,0.8973925299506695,7095,0.8608879492600423,0
resnet50_erm,celeba,dfr,0,marginal_split,APS,0.95,4,0,0.8832980972515856,0.8832980972515856,7095,0.9436997319034852,373,0.9517426273458445,373,0.9395348837209302,7095,0.8832980972515856,0
resnet50_erm,celeba,dfr,0,marginal_split,APS,0.95,5,0,0.8770965468639887,0.8770965468639887,7095,0.9222520107238605,373,0.9597855227882037,373,0.9145877378435519,7095,0.8770965468639887,0
resnet50_erm,celeba,dfr,0,marginal_split,APS,0.95,6,0,0.8785059901338971,0.8785059901338971,7095,0.8900804289544236,373,0.9222520107238605,373,0.9106412966878084,7095,0.8785059901338971,0
resnet50_erm,celeba,dfr,0,marginal_split,APS,0.95,7,0,0.8748414376321353,0.8748414376321353,7095,0.9168900804289544,373,0.9544235924932976,373,0.9337561663143058,7095,0.8748414376321353,0
resnet50_erm,celeba,dfr,0,marginal_split,APS,0.95,8,0,0.8679351656095842,0.8679351656095842,7095,0.9195710455764075,373,0.9329758713136729,373,0.9075405214940099,7095,0.8679351656095842,0
resnet50_erm,celeba,dfr,0,marginal_split,APS,0.95,9,0,0.8645525017618041,0.8645525017618041,7095,0.900804289544236,373,0.9142091152815014,373,0.8865398167723749,7095,0.8645525017618041,0
resnet50_erm,celeba,dfr,0,mondrian,APS,0.95,0,2,0.871313672922252,0.8910500352360817,7095,0.8739946380697051,373,0.871313672922252,373,0.8979563072586328,7095,0.871313672922252,2
resnet50_erm,celeba,dfr,0,mondrian,APS,0.95,1,2,0.903485254691689,0.9037350246652572,7095,0.9329758713136729,373,0.903485254691689,373,0.9226215644820296,7095,0.903485254691689,2
resnet50_erm,celeba,dfr,0,mondrian,APS,0.95,2,2,0.8927613941018767,0.8996476391825229,7095,0.9115281501340483,373,0.8927613941018767,373,0.9608174770965469,7095,0.8927613941018767,2
resnet50_erm,celeba,dfr,0,mondrian,APS,0.95,3,3,0.862861169837914,0.8873854827343199,7095,0.9329758713136729,373,0.8820375335120644,373,0.862861169837914,7095,0.862861169837914,3
resnet50_erm,celeba,dfr,0,mondrian,APS,0.95,4,0,0.8997885835095137,0.8997885835095137,7095,0.9142091152815014,373,0.9249329758713136,373,0.9303735024665257,7095,0.8997885835095137,0
resnet50_erm,celeba,dfr,0,mondrian,APS,0.95,5,3,0.8897815362931643,0.8993657505285412,7095,0.8981233243967829,373,0.9195710455764075,373,0.8897815362931643,7095,0.8897815362931643,3
resnet50_erm,celeba,dfr,0,mondrian,APS,0.95,6,1,0.8793565683646113,0.9009161381254405,7095,0.8793565683646113,373,0.900804289544236,373,0.8893587033121917,7095,0.8793565683646113,1
resnet50_erm,celeba,dfr,0,mondrian,APS,0.95,7,0,0.889922480620155,0.889922480620155,7095,0.903485254691689,373,0.9115281501340483,373,0.9260042283298098,7095,0.889922480620155,0
resnet50_erm,celeba,dfr,0,mondrian,APS,0.95,8,3,0.8837209302325582,0.898661028893587,7095,0.9142091152815014,373,0.8927613941018767,373,0.8837209302325582,7095,0.8837209302325582,3
resnet50_erm,celeba,dfr,0,mondrian,APS,0.95,9,3,0.858491895701198,0.899506694855532,7095,0.9222520107238605,373,0.8659517426273459,373,0.858491895701198,7095,0.858491895701198,3
resnet50_erm,celeba,dfr,1,marginal_split,APS,0.95,0,0,0.8737138830162086,0.8737138830162086,7095,0.8820375335120644,373,0.8981233243967829,373,0.9167019027484143,7095,0.8737138830162086,0
resnet50_erm,celeba,dfr,1,marginal_split,APS,0.95,1,0,0.8886539816772375,0.8886539816772375,7095,0.938337801608579,373,0.9302949061662198,373,0.942353770260747,7095,0.8886539816772375,0
resnet50_erm,celeba,dfr,1,marginal_split,APS,0.95,2,0,0.8921775898520085,0.8921775898520085,7095,0.9142091152815014,373,0.938337801608579,373,0.9665961945031712,7095,0.8921775898520085,0
resnet50_erm,celeba,dfr,1,marginal_split,APS,0.95,3,0,0.8591966173361523,0.8591966173361523,7095,0.9276139410187667,373,0.9195710455764075,373,0.9026074700493305,7095,0.8591966173361523,0
resnet50_erm,celeba,dfr,1,marginal_split,APS,0.95,4,0,0.879492600422833,0.879492600422833,7095,0.9329758713136729,373,0.9463806970509383,373,0.9251585623678646,7095,0.879492600422833,0
resnet50_erm,celeba,dfr,1,marginal_split,APS,0.95,5,0,0.873431994362227,0.873431994362227,7095,0.9142091152815014,373,0.9436997319034852,373,0.9130373502466526,7095,0.873431994362227,0
resnet50_erm,celeba,dfr,1,marginal_split,APS,0.95,6,0,0.8790697674418605,0.8790697674418605,7095,0.8873994638069705,373,0.9195710455764075,373,0.9168428470754052,7095,0.8790697674418605,0
resnet50_erm,celeba,dfr,1,marginal_split,APS,0.95,7,0,0.8773784355179705,0.8773784355179705,7095,0.8981233243967829,373,0.9463806970509383,373,0.9399577167019028,7095,0.8773784355179705,0
resnet50_erm,celeba,dfr,1,marginal_split,APS,0.95,8,0,0.8639887244538408,0.8639887244538408,7095,0.903485254691689,373,0.9302949061662198,373,0.9100775193798449,7095,0.8639887244538408,0
resnet50_erm,celeba,dfr,1,marginal_split,APS,0.95,9,0,0.8644115574348132,0.8644115574348132,7095,0.9088471849865952,373,0.9142091152815014,373,0.8903453136011276,7095,0.8644115574348132,0
resnet50_erm,celeba,dfr,1,mondrian,APS,0.95,0,2,0.8659517426273459,0.8958421423537702,7095,0.8766756032171582,373,0.8659517426273459,373,0.9006342494714588,7095,0.8659517426273459,2
resnet50_erm,celeba,dfr,1,mondrian,APS,0.95,1,2,0.900804289544236,0.9045806906272023,7095,0.9276139410187667,373,0.900804289544236,373,0.9285412262156448,7095,0.900804289544236,2
resnet50_erm,celeba,dfr,1,mondrian,APS,0.95,2,2,0.8873994638069705,0.8980972515856237,7095,0.903485254691689,373,0.8873994638069705,373,0.9658914728682171,7095,0.8873994638069705,2
resnet50_erm,celeba,dfr,1,mondrian,APS,0.95,3,3,0.8649753347427767,0.8903453136011276,7095,0.9329758713136729,373,0.8820375335120644,373,0.8649753347427767,7095,0.8649753347427767,3
resnet50_erm,celeba,dfr,1,mondrian,APS,0.95,4,0,0.9004933051444679,0.9004933051444679,7095,0.9115281501340483,373,0.935656836461126,373,0.906553911205074,7095,0.9004933051444679,0
resnet50_erm,celeba,dfr,1,mondrian,APS,0.95,5,3,0.8863988724453841,0.8966878083157153,7095,0.900804289544236,373,0.9276139410187667,373,0.8863988724453841,7095,0.8863988724453841,3
resnet50_erm,celeba,dfr,1,mondrian,APS,0.95,6,1,0.8793565683646113,0.9017618040873855,7095,0.8793565683646113,373,0.8927613941018767,373,0.8904862579281184,7095,0.8793565683646113,1
resnet50_erm,celeba,dfr,1,mondrian,APS,0.95,7,1,0.8766756032171582,0.8916138125440451,7095,0.8766756032171582,373,0.9115281501340483,373,0.9269908386187456,7095,0.8766756032171582,1
resnet50_erm,celeba,dfr,1,mondrian,APS,0.95,8,3,0.8800563777307964,0.8962649753347428,7095,0.8927613941018767,373,0.8981233243967829,373,0.8800563777307964,7095,0.8800563777307964,3
resnet50_erm,celeba,dfr,1,mondrian,APS,0.95,9,3,0.8635658914728682,0.9027484143763214,7095,0.9276139410187667,373,0.868632707774799,373,0.8635658914728682,7095,0.8635658914728682,3
resnet50_erm,celeba,dfr,2,marginal_split,APS,0.95,0,0,0.8766737138830162,0.8766737138830162,7095,0.8873994638069705,373,0.903485254691689,373,0.9059901338971107,7095,0.8766737138830162,0
resnet50_erm,celeba,dfr,2,marginal_split,APS,0.95,1,0,0.8931642001409443,0.8931642001409443,7095,0.9410187667560321,373,0.935656836461126,373,0.938830162085976,7095,0.8931642001409443,0
resnet50_erm,celeba,dfr,2,marginal_split,APS,0.95,2,0,0.8962649753347428,0.8962649753347428,7095,0.9142091152815014,373,0.9436997319034852,373,0.9585623678646934,7095,0.8962649753347428,0
resnet50_erm,celeba,dfr,2,marginal_split,APS,0.95,3,0,0.8649753347427767,0.8649753347427767,7095,0.938337801608579,373,0.9222520107238605,373,0.8949964763918252,7095,0.8649753347427767,0
resnet50_erm,celeba,dfr,2,marginal_split,APS,0.95,4,0,0.8831571529245947,0.8831571529245947,7095,0.938337801608579,373,0.9436997319034852,373,0.916983791402396,7095,0.8831571529245947,0
resnet50_erm,celeba,dfr,2,marginal_split,APS,0.95,5,0,0.8817477096546864,0.8817477096546864,7095,0.9195710455764075,373,0.9463806970509383,373,0.8989429175475687,7095,0.8817477096546864,0
resnet50_erm,celeba,dfr,2,marginal_split,APS,0.95,6,0,0.8849894291754757,0.8849894291754757,7095,0.8927613941018767,373,0.9249329758713136,373,0.9128964059196617,7095,0.8849894291754757,0
resnet50_erm,celeba,dfr,2,marginal_split,APS,0.95,7,0,0.8831571529245947,0.8831571529245947,7095,0.9195710455764075,373,0.9544235924932976,373,0.9324876673713883,7095,0.8831571529245947,0
resnet50_erm,celeba,dfr,2,marginal_split,APS,0.95,8,0,0.8696264975334743,0.8696264975334743,7095,0.9088471849865952,373,0.9276139410187667,373,0.8979563072586328,7095,0.8696264975334743,0
resnet50_erm,celeba,dfr,2,marginal_split,APS,0.95,9,0,0.8747004933051444,0.8747004933051444,7095,0.9088471849865952,373,0.9168900804289544,373,0.8916138125440451,7095,0.8747004933051444,0
resnet50_erm,celeba,dfr,2,mondrian,APS,0.95,0,1,0.8659517426273459,0.8955602536997885,7095,0.8659517426273459,373,0.871313672922252,373,0.888231148696265,7095,0.8659517426273459,1
resnet50_erm,celeba,dfr,2,mondrian,APS,0.95,1,2,0.903485254691689,0.9037350246652572,7095,0.9142091152815014,373,0.903485254691689,373,0.9324876673713883,7095,0.903485254691689,2
resnet50_erm,celeba,dfr,2,mondrian,APS,0.95,2,2,0.8900804289544236,0.8979563072586328,7095,0.8954423592493298,373,0.8900804289544236,373,0.9627906976744186,7095,0.8900804289544236,2
resnet50_erm,celeba,dfr,2,mondrian,APS,0.95,3,3,0.8651162790697674,0.8907681465821,7095,0.9302949061662198,373,0.8847184986595175,373,0.8651162790697674,7095,0.8651162790697674,3
resnet50_erm,celeba,dfr,2,mondrian,APS,0.95,4,0,0.898661028893587,0.898661028893587,7095,0.9115281501340483,373,0.9302949061662198,373,0.9028893587033122,7095,0.898661028893587,0
resnet50_erm,celeba,dfr,2,mondrian,APS,0.95,5,3,0.8770965468639887,0.8989429175475687,7095,0.900804289544236,373,0.9168900804289544,373,0.8770965468639887,7095,0.8770965468639887,3
resnet50_erm,celeba,dfr,2,mondrian,APS,0.95,6,1,0.8579088471849866,0.8990838618745596,7095,0.8579088471849866,373,0.9061662198391421,373,0.9037350246652572,7095,0.8579088471849866,1
resnet50_erm,celeba,dfr,2,mondrian,APS,0.95,7,1,0.8900804289544236,0.8931642001409443,7095,0.8900804289544236,373,0.9195710455764075,373,0.9250176180408739,7095,0.8900804289544236,1
resnet50_erm,celeba,dfr,2,mondrian,APS,0.95,8,1,0.871313672922252,0.8973925299506695,7095,0.871313672922252,373,0.8820375335120644,373,0.8796335447498238,7095,0.871313672922252,1
resnet50_erm,celeba,dfr,2,mondrian,APS,0.95,9,3,0.8730091613812544,0.8997885835095137,7095,0.9088471849865952,373,0.8766756032171582,373,0.8730091613812544,7095,0.8730091613812544,3
resnet50_erm,celeba,afr,0,marginal_split,APS,0.95,0,3,0.7968992248062016,0.9847780126849894,7095,0.9865951742627346,373,0.9436997319034852,373,0.7968992248062016,7095,0.7968992248062016,3
resnet50_erm,celeba,afr,0,marginal_split,APS,0.95,1,3,0.9000704721634954,0.9916842847075406,7095,0.9919571045576407,373,0.967828418230563,373,0.9000704721634954,7095,0.9000704721634954,3
resnet50_erm,celeba,afr,0,marginal_split,APS,0.95,2,3,0.8521494009866103,0.990415785764623,7095,0.9946380697050938,373,0.9597855227882037,373,0.8521494009866103,7095,0.8521494009866103,3
resnet50_erm,celeba,afr,0,marginal_split,APS,0.95,3,3,0.7702607470049331,0.97815362931642,7095,0.9919571045576407,373,0.9276139410187667,373,0.7702607470049331,7095,0.7702607470049331,3
resnet50_erm,celeba,afr,0,marginal_split,APS,0.95,4,3,0.7929527836504581,0.9877378435517971,7095,0.9892761394101877,373,0.935656836461126,373,0.7929527836504581,7095,0.7929527836504581,3
resnet50_erm,celeba,afr,0,marginal_split,APS,0.95,5,3,0.7261451726568006,0.9775898520084566,7095,0.9812332439678284,373,0.935656836461126,373,0.7261451726568006,7095,0.7261451726568006,3
resnet50_erm,celeba,afr,0,marginal_split,APS,0.95,6,3,0.8018322762508809,0.986892177589852,7095,0.9919571045576407,373,0.9517426273458445,373,0.8018322762508809,7095,0.8018322762508809,3
resnet50_erm,celeba,afr,0,marginal_split,APS,0.95,7,3,0.8451021846370683,0.9874559548978153,7095,0.9946380697050938,373,0.967828418230563,373,0.8451021846370683,7095,0.8451021846370683,3
resnet50_erm,celeba,afr,0,marginal_split,APS,0.95,8,3,0.8693446088794926,0.9884425651867512,7095,0.9892761394101877,373,0.9544235924932976,373,0.8693446088794926,7095,0.8693446088794926,3
resnet50_erm,celeba,afr,0,marginal_split,APS,0.95,9,3,0.86553911205074,0.9906976744186047,7095,0.9973190348525469,373,0.9544235924932976,373,0.86553911205074,7095,0.86553911205074,3
resnet50_erm,celeba,afr,0,mondrian,APS,0.95,0,2,0.8954423592493298,0.9000704721634954,7095,0.903485254691689,373,0.8954423592493298,373,0.9086680761099366,7095,0.8954423592493298,2
resnet50_erm,celeba,afr,0,mondrian,APS,0.95,1,0,0.8975334742776603,0.8975334742776603,7095,0.9276139410187667,373,0.900804289544236,373,0.9551797040169133,7095,0.8975334742776603,0
resnet50_erm,celeba,afr,0,mondrian,APS,0.95,2,1,0.8900804289544236,0.906553911205074,7095,0.8900804289544236,373,0.9088471849865952,373,0.9413671599718111,7095,0.8900804289544236,1
resnet50_erm,celeba,afr,0,mondrian,APS,0.95,3,2,0.8659517426273459,0.8878083157152925,7095,0.903485254691689,373,0.8659517426273459,373,0.8948555320648344,7095,0.8659517426273459,2
resnet50_erm,celeba,afr,0,mondrian,APS,0.95,4,3,0.8858350951374208,0.9055673009161381,7095,0.8981233243967829,373,0.8900804289544236,373,0.8858350951374208,7095,0.8858350951374208,3
resnet50_erm,celeba,afr,0,mondrian,APS,0.95,5,3,0.8617336152219873,0.9026074700493305,7095,0.8954423592493298,373,0.8873994638069705,373,0.8617336152219873,7095,0.8617336152219873,3
resnet50_erm,celeba,afr,0,mondrian,APS,0.95,6,3,0.8641296687808315,0.9085271317829458,7095,0.9195710455764075,373,0.9088471849865952,373,0.8641296687808315,7095,0.8641296687808315,3
resnet50_erm,celeba,afr,0,mondrian,APS,0.95,7,3,0.8713178294573644,0.8983791402396053,7095,0.8954423592493298,373,0.9088471849865952,373,0.8713178294573644,7095,0.8713178294573644,3
resnet50_erm,celeba,afr,0,mondrian,APS,0.95,8,2,0.8820375335120644,0.8918957011980267,7095,0.9142091152815014,373,0.8820375335120644,373,0.9515151515151515,7095,0.8820375335120644,2
resnet50_erm,celeba,afr,0,mondrian,APS,0.95,9,0,0.8958421423537702,0.8958421423537702,7095,0.903485254691689,373,0.9222520107238605,373,0.9251585623678646,7095,0.8958421423537702,0
resnet50_erm,celeba,afr,1,marginal_split,APS,0.95,0,3,0.7968992248062016,0.9847780126849894,7095,0.9865951742627346,373,0.9436997319034852,373,0.7968992248062016,7095,0.7968992248062016,3
resnet50_erm,celeba,afr,1,marginal_split,APS,0.95,1,3,0.9000704721634954,0.9916842847075406,7095,0.9919571045576407,373,0.967828418230563,373,0.9000704721634954,7095,0.9000704721634954,3
resnet50_erm,celeba,afr,1,marginal_split,APS,0.95,2,3,0.8521494009866103,0.990415785764623,7095,0.9946380697050938,373,0.9597855227882037,373,0.8521494009866103,7095,0.8521494009866103,3
resnet50_erm,celeba,afr,1,marginal_split,APS,0.95,3,3,0.7702607470049331,0.97815362931642,7095,0.9919571045576407,373,0.9276139410187667,373,0.7702607470049331,7095,0.7702607470049331,3
resnet50_erm,celeba,afr,1,marginal_split,APS,0.95,4,3,0.7929527836504581,0.9877378435517971,7095,0.9892761394101877,373,0.935656836461126,373,0.7929527836504581,7095,0.7929527836504581,3
resnet50_erm,celeba,afr,1,marginal_split,APS,0.95,5,3,0.7261451726568006,0.9775898520084566,7095,0.9812332439678284,373,0.935656836461126,373,0.7261451726568006,7095,0.7261451726568006,3
resnet50_erm,celeba,afr,1,marginal_split,APS,0.95,6,3,0.8018322762508809,0.986892177589852,7095,0.9919571045576407,373,0.9517426273458445,373,0.8018322762508809,7095,0.8018322762508809,3
resnet50_erm,celeba,afr,1,marginal_split,APS,0.95,7,3,0.8451021846370683,0.9874559548978153,7095,0.9946380697050938,373,0.967828418230563,373,0.8451021846370683,7095,0.8451021846370683,3
resnet50_erm,celeba,afr,1,marginal_split,APS,0.95,8,3,0.8693446088794926,0.9884425651867512,7095,0.9892761394101877,373,0.9544235924932976,373,0.8693446088794926,7095,0.8693446088794926,3
resnet50_erm,celeba,afr,1,marginal_split,APS,0.95,9,3,0.86553911205074,0.9906976744186047,7095,0.9973190348525469,373,0.9544235924932976,373,0.86553911205074,7095,0.86553911205074,3
resnet50_erm,celeba,afr,1,mondrian,APS,0.95,0,2,0.8954423592493298,0.9000704721634954,7095,0.903485254691689,373,0.8954423592493298,373,0.9086680761099366,7095,0.8954423592493298,2
resnet50_erm,celeba,afr,1,mondrian,APS,0.95,1,0,0.8975334742776603,0.8975334742776603,7095,0.9276139410187667,373,0.900804289544236,373,0.9551797040169133,7095,0.8975334742776603,0
resnet50_erm,celeba,afr,1,mondrian,APS,0.95,2,1,0.8900804289544236,0.906553911205074,7095,0.8900804289544236,373,0.9088471849865952,373,0.9413671599718111,7095,0.8900804289544236,1
resnet50_erm,celeba,afr,1,mondrian,APS,0.95,3,2,0.8659517426273459,0.8878083157152925,7095,0.903485254691689,373,0.8659517426273459,373,0.8948555320648344,7095,0.8659517426273459,2
resnet50_erm,celeba,afr,1,mondrian,APS,0.95,4,3,0.8858350951374208,0.9055673009161381,7095,0.8981233243967829,373,0.8900804289544236,373,0.8858350951374208,7095,0.8858350951374208,3
resnet50_erm,celeba,afr,1,mondrian,APS,0.95,5,3,0.8617336152219873,0.9026074700493305,7095,0.8954423592493298,373,0.8873994638069705,373,0.8617336152219873,7095,0.8617336152219873,3
resnet50_erm,celeba,afr,1,mondrian,APS,0.95,6,3,0.8641296687808315,0.9085271317829458,7095,0.9195710455764075,373,0.9088471849865952,373,0.8641296687808315,7095,0.8641296687808315,3
resnet50_erm,celeba,afr,1,mondrian,APS,0.95,7,3,0.8713178294573644,0.8983791402396053,7095,0.8954423592493298,373,0.9088471849865952,373,0.8713178294573644,7095,0.8713178294573644,3
resnet50_erm,celeba,afr,1,mondrian,APS,0.95,8,2,0.8820375335120644,0.8918957011980267,7095,0.9142091152815014,373,0.8820375335120644,373,0.9515151515151515,7095,0.8820375335120644,2
resnet50_erm,celeba,afr,1,mondrian,APS,0.95,9,0,0.8958421423537702,0.8958421423537702,7095,0.903485254691689,373,0.9222520107238605,373,0.9251585623678646,7095,0.8958421423537702,0
resnet50_erm,celeba,afr,2,marginal_split,APS,0.95,0,3,0.7968992248062016,0.9847780126849894,7095,0.9865951742627346,373,0.9436997319034852,373,0.7968992248062016,7095,0.7968992248062016,3
resnet50_erm,celeba,afr,2,marginal_split,APS,0.95,1,3,0.9000704721634954,0.9916842847075406,7095,0.9919571045576407,373,0.967828418230563,373,0.9000704721634954,7095,0.9000704721634954,3
resnet50_erm,celeba,afr,2,marginal_split,APS,0.95,2,3,0.8521494009866103,0.990415785764623,7095,0.9946380697050938,373,0.9597855227882037,373,0.8521494009866103,7095,0.8521494009866103,3
resnet50_erm,celeba,afr,2,marginal_split,APS,0.95,3,3,0.7702607470049331,0.97815362931642,7095,0.9919571045576407,373,0.9276139410187667,373,0.7702607470049331,7095,0.7702607470049331,3
resnet50_erm,celeba,afr,2,marginal_split,APS,0.95,4,3,0.7929527836504581,0.9877378435517971,7095,0.9892761394101877,373,0.935656836461126,373,0.7929527836504581,7095,0.7929527836504581,3
resnet50_erm,celeba,afr,2,marginal_split,APS,0.95,5,3,0.7261451726568006,0.9775898520084566,7095,0.9812332439678284,373,0.935656836461126,373,0.7261451726568006,7095,0.7261451726568006,3
resnet50_erm,celeba,afr,2,marginal_split,APS,0.95,6,3,0.8018322762508809,0.986892177589852,7095,0.9919571045576407,373,0.9517426273458445,373,0.8018322762508809,7095,0.8018322762508809,3
resnet50_erm,celeba,afr,2,marginal_split,APS,0.95,7,3,0.8451021846370683,0.9874559548978153,7095,0.9946380697050938,373,0.967828418230563,373,0.8451021846370683,7095,0.8451021846370683,3
resnet50_erm,celeba,afr,2,marginal_split,APS,0.95,8,3,0.8693446088794926,0.9884425651867512,7095,0.9892761394101877,373,0.9544235924932976,373,0.8693446088794926,7095,0.8693446088794926,3
resnet50_erm,celeba,afr,2,marginal_split,APS,0.95,9,3,0.86553911205074,0.9906976744186047,7095,0.9973190348525469,373,0.9544235924932976,373,0.86553911205074,7095,0.86553911205074,3
resnet50_erm,celeba,afr,2,mondrian,APS,0.95,0,2,0.8954423592493298,0.9000704721634954,7095,0.903485254691689,373,0.8954423592493298,373,0.9086680761099366,7095,0.8954423592493298,2
resnet50_erm,celeba,afr,2,mondrian,APS,0.95,1,0,0.8975334742776603,0.8975334742776603,7095,0.9276139410187667,373,0.900804289544236,373,0.9551797040169133,7095,0.8975334742776603,0
resnet50_erm,celeba,afr,2,mondrian,APS,0.95,2,1,0.8900804289544236,0.906553911205074,7095,0.8900804289544236,373,0.9088471849865952,373,0.9413671599718111,7095,0.8900804289544236,1
resnet50_erm,celeba,afr,2,mondrian,APS,0.95,3,2,0.8659517426273459,0.8878083157152925,7095,0.903485254691689,373,0.8659517426273459,373,0.8948555320648344,7095,0.8659517426273459,2
resnet50_erm,celeba,afr,2,mondrian,APS,0.95,4,3,0.8858350951374208,0.9055673009161381,7095,0.8981233243967829,373,0.8900804289544236,373,0.8858350951374208,7095,0.8858350951374208,3
resnet50_erm,celeba,afr,2,mondrian,APS,0.95,5,3,0.8617336152219873,0.9026074700493305,7095,0.8954423592493298,373,0.8873994638069705,373,0.8617336152219873,7095,0.8617336152219873,3
resnet50_erm,celeba,afr,2,mondrian,APS,0.95,6,3,0.8641296687808315,0.9085271317829458,7095,0.9195710455764075,373,0.9088471849865952,373,0.8641296687808315,7095,0.8641296687808315,3
resnet50_erm,celeba,afr,2,mondrian,APS,0.95,7,3,0.8713178294573644,0.8983791402396053,7095,0.8954423592493298,373,0.9088471849865952,373,0.8713178294573644,7095,0.8713178294573644,3
resnet50_erm,celeba,afr,2,mondrian,APS,0.95,8,2,0.8820375335120644,0.8918957011980267,7095,0.9142091152815014,373,0.8820375335120644,373,0.9515151515151515,7095,0.8820375335120644,2
resnet50_erm,celeba,afr,2,mondrian,APS,0.95,9,0,0.8958421423537702,0.8958421423537702,7095,0.903485254691689,373,0.9222520107238605,373,0.9251585623678646,7095,0.8958421423537702,0
resnet50_erm,celeba,groupdro_ll,0,marginal_split,APS,0.95,0,0,0.91092318534179,0.91092318534179,7095,0.9195710455764075,373,0.9302949061662198,373,0.9162790697674419,7095,0.91092318534179,0
resnet50_erm,celeba,groupdro_ll,0,marginal_split,APS,0.95,1,3,0.8923185341789993,0.9035940803382664,7095,0.9436997319034852,373,0.9329758713136729,373,0.8923185341789993,7095,0.8923185341789993,3
resnet50_erm,celeba,groupdro_ll,0,marginal_split,APS,0.95,2,0,0.9151515151515152,0.9151515151515152,7095,0.9436997319034852,373,0.9463806970509383,373,0.9399577167019028,7095,0.9151515151515152,0
resnet50_erm,celeba,groupdro_ll,0,marginal_split,APS,0.95,3,3,0.844538407329105,0.8763918252290346,7095,0.9302949061662198,373,0.9088471849865952,373,0.844538407329105,7095,0.844538407329105,3
resnet50_erm,celeba,groupdro_ll,0,marginal_split,APS,0.95,4,3,0.904862579281184,0.9072586328400282,7095,0.9490616621983914,373,0.9410187667560321,373,0.904862579281184,7095,0.904862579281184,3
resnet50_erm,celeba,groupdro_ll,0,marginal_split,APS,0.95,5,3,0.8880902043692741,0.9027484143763214,7095,0.9329758713136729,373,0.9463806970509383,373,0.8880902043692741,7095,0.8880902043692741,3
resnet50_erm,celeba,groupdro_ll,0,marginal_split,APS,0.95,6,3,0.8661028893587033,0.896124031007752,7095,0.903485254691689,373,0.9195710455764075,373,0.8661028893587033,7095,0.8661028893587033,3
resnet50_erm,celeba,groupdro_ll,0,marginal_split,APS,0.95,7,0,0.9064129668780831,0.9064129668780831,7095,0.9222520107238605,373,0.9705093833780161,373,0.9206483439041578,7095,0.9064129668780831,0
resnet50_erm,celeba,groupdro_ll,0,marginal_split,APS,0.95,8,0,0.8930232558139535,0.8930232558139535,7095,0.9410187667560321,373,0.9276139410187667,373,0.8931642001409443,7095,0.8930232558139535,0
resnet50_erm,celeba,groupdro_ll,0,marginal_split,APS,0.95,9,0,0.8993657505285412,0.8993657505285412,7095,0.9222520107238605,373,0.935656836461126,373,0.899506694855532,7095,0.8993657505285412,0
resnet50_erm,celeba,groupdro_ll,0,mondrian,APS,0.95,0,2,0.871313672922252,0.9019027484143763,7095,0.8766756032171582,373,0.871313672922252,373,0.9281183932346723,7095,0.871313672922252,2
resnet50_erm,celeba,groupdro_ll,0,mondrian,APS,0.95,1,3,0.8951374207188161,0.902184637068358,7095,0.9195710455764075,373,0.9168900804289544,373,0.8951374207188161,7095,0.8951374207188161,3
resnet50_erm,celeba,groupdro_ll,0,mondrian,APS,0.95,2,2,0.8927613941018767,0.8930232558139535,7095,0.9329758713136729,373,0.8927613941018767,373,0.9536293164200141,7095,0.8927613941018767,2
resnet50_erm,celeba,groupdro_ll,0,mondrian,APS,0.95,3,3,0.8274841437632136,0.8911909795630726,7095,0.9329758713136729,373,0.871313672922252,373,0.8274841437632136,7095,0.8274841437632136,3
resnet50_erm,celeba,groupdro_ll,0,mondrian,APS,0.95,4,0,0.897815362931642,0.897815362931642,7095,0.903485254691689,373,0.9168900804289544,373,0.916138125440451,7095,0.897815362931642,0
resnet50_erm,celeba,groupdro_ll,0,mondrian,APS,0.95,5,1,0.8873994638069705,0.9006342494714588,7095,0.8873994638069705,373,0.9222520107238605,373,0.892600422832981,7095,0.8873994638069705,1
resnet50_erm,celeba,groupdro_ll,0,mondrian,APS,0.95,6,3,0.8589147286821706,0.907399577167019,7095,0.8820375335120644,373,0.8981233243967829,373,0.8589147286821706,7095,0.8589147286821706,3
resnet50_erm,celeba,groupdro_ll,0,mondrian,APS,0.95,7,1,0.8739946380697051,0.8968287526427061,7095,0.8739946380697051,373,0.9168900804289544,373,0.9326286116983792,7095,0.8739946380697051,1
resnet50_erm,celeba,groupdro_ll,0,mondrian,APS,0.95,8,2,0.8847184986595175,0.8951374207188161,7095,0.903485254691689,373,0.8847184986595175,373,0.8959830866807611,7095,0.8847184986595175,2
resnet50_erm,celeba,groupdro_ll,0,mondrian,APS,0.95,9,2,0.8820375335120644,0.8948555320648344,7095,0.9061662198391421,373,0.8820375335120644,373,0.9054263565891473,7095,0.8820375335120644,2
resnet50_erm,celeba,groupdro_ll,1,marginal_split,APS,0.95,0,3,0.8906272022551093,0.9430584918957012,7095,0.9463806970509383,373,0.9249329758713136,373,0.8906272022551093,7095,0.8906272022551093,3
resnet50_erm,celeba,groupdro_ll,1,marginal_split,APS,0.95,1,3,0.8577871740662438,0.9319238900634249,7095,0.9624664879356568,373,0.9463806970509383,373,0.8577871740662438,7095,0.8577871740662438,3
resnet50_erm,celeba,groupdro_ll,1,marginal_split,APS,0.95,2,3,0.9150105708245243,0.9437632135306554,7095,0.9651474530831099,373,0.9436997319034852,373,0.9150105708245243,7095,0.9150105708245243,3
resnet50_erm,celeba,groupdro_ll,1,marginal_split,APS,0.95,3,3,0.7994362226920366,0.9083861874559549,7095,0.9410187667560321,373,0.9088471849865952,373,0.7994362226920366,7095,0.7994362226920366,3
resnet50_erm,celeba,groupdro_ll,1,marginal_split,APS,0.95,4,3,0.862015503875969,0.9312191684284707,7095,0.9597855227882037,373,0.9276139410187667,373,0.862015503875969,7095,0.862015503875969,3
resnet50_erm,celeba,groupdro_ll,1,marginal_split,APS,0.95,5,3,0.8569415081042988,0.9348837209302325,7095,0.9571045576407506,373,0.9249329758713136,373,0.8569415081042988,7095,0.8569415081042988,3
resnet50_erm,celeba,groupdro_ll,1,marginal_split,APS,0.95,6,3,0.8398872445384074,0.9220577871740663,7095,0.9249329758713136,373,0.9463806970509383,373,0.8398872445384074,7095,0.8398872445384074,3
resnet50_erm,celeba,groupdro_ll,1,marginal_split,APS,0.95,7,3,0.9007751937984496,0.9430584918957012,7095,0.9490616621983914,373,0.9758713136729222,373,0.9007751937984496,7095,0.9007751937984496,3
resnet50_erm,celeba,groupdro_ll,1,marginal_split,APS,0.95,8,3,0.8892177589852008,0.9351656095842142,7095,0.9651474530831099,373,0.9490616621983914,373,0.8892177589852008,7095,0.8892177589852008,3
resnet50_erm,celeba,groupdro_ll,1,marginal_split,APS,0.95,9,3,0.8772374911909796,0.9307963354474983,7095,0.9463806970509383,373,0.938337801608579,373,0.8772374911909796,7095,0.8772374911909796,3
resnet50_erm,celeba,groupdro_ll,1,mondrian,APS,0.95,0,1,0.8605898123324397,0.9004933051444679,7095,0.8605898123324397,373,0.8900804289544236,373,0.9278365045806907,7095,0.8605898123324397,1
resnet50_erm,celeba,groupdro_ll,1,mondrian,APS,0.95,1,3,0.8938689217758985,0.9006342494714588,7095,0.9222520107238605,373,0.9195710455764075,373,0.8938689217758985,7095,0.8938689217758985,3
resnet50_erm,celeba,groupdro_ll,1,mondrian,APS,0.95,2,0,0.8921775898520085,0.8921775898520085,7095,0.938337801608579,373,0.8981233243967829,373,0.9520789288231148,7095,0.8921775898520085,0
resnet50_erm,celeba,groupdro_ll,1,mondrian,APS,0.95,3,3,0.8259337561663143,0.8945736434108527,7095,0.9276139410187667,373,0.8954423592493298,373,0.8259337561663143,7095,0.8259337561663143,3
resnet50_erm,celeba,groupdro_ll,1,mondrian,APS,0.95,4,1,0.8927613941018767,0.8982381959126146,7095,0.8927613941018767,373,0.9195710455764075,373,0.897815362931642,7095,0.8927613941018767,1
resnet50_erm,celeba,groupdro_ll,1,mondrian,APS,0.95,5,1,0.8873994638069705,0.9050035236081748,7095,0.8873994638069705,373,0.9222520107238605,373,0.8894996476391825,7095,0.8873994638069705,1
resnet50_erm,celeba,groupdro_ll,1,mondrian,APS,0.95,6,3,0.8687808315715293,0.9002114164904863,7095,0.8793565683646113,373,0.9168900804289544,373,0.8687808315715293,7095,0.8687808315715293,3
resnet50_erm,celeba,groupdro_ll,1,mondrian,APS,0.95,7,1,0.871313672922252,0.9054263565891473,7095,0.871313672922252,373,0.9249329758713136,373,0.9384073291050036,7095,0.871313672922252,1
resnet50_erm,celeba,groupdro_ll,1,mondrian,APS,0.95,8,2,0.8873994638069705,0.9055673009161381,7095,0.9088471849865952,373,0.8873994638069705,373,0.9126145172656801,7095,0.8873994638069705,2
resnet50_erm,celeba,groupdro_ll,1,mondrian,APS,0.95,9,2,0.8900804289544236,0.892600422832981,7095,0.900804289544236,373,0.8900804289544236,373,0.9090909090909091,7095,0.8900804289544236,2
resnet50_erm,celeba,groupdro_ll,2,marginal_split,APS,0.95,0,0,0.9102184637068358,0.9102184637068358,7095,0.9168900804289544,373,0.9302949061662198,373,0.9154334038054969,7095,0.9102184637068358,0
resnet50_erm,celeba,groupdro_ll,2,marginal_split,APS,0.95,1,3,0.8928823114869626,0.9037350246652572,7095,0.9463806970509383,373,0.9329758713136729,373,0.8928823114869626,7095,0.8928823114869626,3
resnet50_erm,celeba,groupdro_ll,2,marginal_split,APS,0.95,2,0,0.915292459478506,0.915292459478506,7095,0.9410187667560321,373,0.9463806970509383,373,0.9413671599718111,7095,0.915292459478506,0
resnet50_erm,celeba,groupdro_ll,2,marginal_split,APS,0.95,3,3,0.8456659619450317,0.8775193798449612,7095,0.9329758713136729,373,0.9115281501340483,373,0.8456659619450317,7095,0.8456659619450317,3
resnet50_erm,celeba,groupdro_ll,2,marginal_split,APS,0.95,4,3,0.9033121916842847,0.9054263565891473,7095,0.9490616621983914,373,0.9410187667560321,373,0.9033121916842847,7095,0.9033121916842847,3
resnet50_erm,celeba,groupdro_ll,2,marginal_split,APS,0.95,5,3,0.8883720930232558,0.9028893587033122,7095,0.9329758713136729,373,0.9463806970509383,373,0.8883720930232558,7095,0.8883720930232558,3
resnet50_erm,celeba,groupdro_ll,2,marginal_split,APS,0.95,6,3,0.8668076109936576,0.8954193093727978,7095,0.903485254691689,373,0.9195710455764075,373,0.8668076109936576,7095,0.8668076109936576,3
resnet50_erm,celeba,groupdro_ll,2,marginal_split,APS,0.95,7,0,0.905708245243129,0.905708245243129,7095,0.9195710455764075,373,0.9705093833780161,373,0.9198026779422128,7095,0.905708245243129,0
resnet50_erm,celeba,groupdro_ll,2,marginal_split,APS,0.95,8,0,0.8938689217758985,0.8938689217758985,7095,0.9410187667560321,373,0.935656836461126,373,0.8952783650458069,7095,0.8938689217758985,0
resnet50_erm,celeba,groupdro_ll,2,marginal_split,APS,0.95,9,3,0.8980972515856237,0.8990838618745596,7095,0.9195710455764075,373,0.9329758713136729,373,0.8980972515856237,7095,0.8980972515856237,3
resnet50_erm,celeba,groupdro_ll,2,mondrian,APS,0.95,0,2,0.871313672922252,0.9016208597603946,7095,0.8766756032171582,373,0.871313672922252,373,0.9258632840028189,7095,0.871313672922252,2
resnet50_erm,celeba,groupdro_ll,2,mondrian,APS,0.95,1,3,0.8957011980267794,0.9013389711064129,7095,0.9195710455764075,373,0.9168900804289544,373,0.8957011980267794,7095,0.8957011980267794,3
resnet50_erm,celeba,groupdro_ll,2,mondrian,APS,0.95,2,2,0.8927613941018767,0.8930232558139535,7095,0.9329758713136729,373,0.8927613941018767,373,0.9553206483439042,7095,0.8927613941018767,2
resnet50_erm,celeba,groupdro_ll,2,mondrian,APS,0.95,3,3,0.8308668076109936,0.8914728682170543,7095,0.9329758713136729,373,0.871313672922252,373,0.8308668076109936,7095,0.8308668076109936,3
resnet50_erm,celeba,groupdro_ll,2,mondrian,APS,0.95,4,0,0.8979563072586328,0.8979563072586328,7095,0.903485254691689,373,0.9168900804289544,373,0.9145877378435519,7095,0.8979563072586328,0
resnet50_erm,celeba,groupdro_ll,2,mondrian,APS,0.95,5,1,0.8900804289544236,0.9026074700493305,7095,0.8900804289544236,373,0.9222520107238605,373,0.8917547568710359,7095,0.8900804289544236,1
resnet50_erm,celeba,groupdro_ll,2,mondrian,APS,0.95,6,3,0.8586328400281888,0.907399577167019,7095,0.8793565683646113,373,0.8981233243967829,373,0.8586328400281888,7095,0.8586328400281888,3
resnet50_erm,celeba,groupdro_ll,2,mondrian,APS,0.95,7,1,0.8766756032171582,0.8972515856236787,7095,0.8766756032171582,373,0.9168900804289544,373,0.9303735024665257,7095,0.8766756032171582,1
resnet50_erm,celeba,groupdro_ll,2,mondrian,APS,0.95,8,2,0.8847184986595175,0.896969696969697,7095,0.8981233243967829,373,0.8847184986595175,373,0.8971106412966878,7095,0.8847184986595175,2
resnet50_erm,celeba,groupdro_ll,2,mondrian,APS,0.95,9,2,0.8820375335120644,0.8949964763918252,7095,0.9061662198391421,373,0.8820375335120644,373,0.9047216349541931,7095,0.8820375335120644,2
resnet50_erm,celeba,balanced_subsample,0,marginal_split,APS,0.95,0,3,0.904016913319239,0.9324876673713883,7095,0.9222520107238605,373,0.9651474530831099,373,0.904016913319239,7095,0.904016913319239,3
resnet50_erm,celeba,balanced_subsample,0,marginal_split,APS,0.95,1,3,0.8465116279069768,0.9081042988019732,7095,0.9222520107238605,373,0.9651474530831099,373,0.8465116279069768,7095,0.8465116279069768,3
resnet50_erm,celeba,balanced_subsample,0,marginal_split,APS,0.95,2,3,0.9272727272727272,0.9385482734319943,7095,0.9410187667560321,373,0.9731903485254692,373,0.9272727272727272,7095,0.9272727272727272,3
resnet50_erm,celeba,balanced_subsample,0,marginal_split,APS,0.95,3,3,0.8486257928118394,0.9044397463002114,7095,0.9276139410187667,373,0.9731903485254692,373,0.8486257928118394,7095,0.8486257928118394,3
resnet50_erm,celeba,balanced_subsample,0,marginal_split,APS,0.95,4,3,0.9143058491895701,0.9406624383368569,7095,0.9463806970509383,373,0.9651474530831099,373,0.9143058491895701,7095,0.9143058491895701,3
resnet50_erm,celeba,balanced_subsample,0,marginal_split,APS,0.95,5,3,0.8544045102184638,0.9233262861169838,7095,0.9249329758713136,373,0.9517426273458445,373,0.8544045102184638,7095,0.8544045102184638,3
resnet50_erm,celeba,balanced_subsample,0,marginal_split,APS,0.95,6,3,0.8631430584918957,0.9250176180408739,7095,0.938337801608579,373,0.967828418230563,373,0.8631430584918957,7095,0.8631430584918957,3
resnet50_erm,celeba,balanced_subsample,0,marginal_split,APS,0.95,7,3,0.9151515151515152,0.9395348837209302,7095,0.9329758713136729,373,0.9812332439678284,373,0.9151515151515152,7095,0.9151515151515152,3
resnet50_erm,celeba,balanced_subsample,0,marginal_split,APS,0.95,8,3,0.8710359408033826,0.9195207892882311,7095,0.9222520107238605,373,0.9597855227882037,373,0.8710359408033826,7095,0.8710359408033826,3
resnet50_erm,celeba,balanced_subsample,0,marginal_split,APS,0.95,9,3,0.8708949964763918,0.9195207892882311,7095,0.9410187667560321,373,0.9544235924932976,373,0.8708949964763918,7095,0.8708949964763918,3
resnet50_erm,celeba,balanced_subsample,0,mondrian,APS,0.95,0,1,0.8364611260053619,0.8937279774489076,7095,0.8364611260053619,373,0.8873994638069705,373,0.9254404510218464,7095,0.8364611260053619,1
resnet50_erm,celeba,balanced_subsample,0,mondrian,APS,0.95,1,3,0.8718816067653277,0.8938689217758985,7095,0.8981233243967829,373,0.9249329758713136,373,0.8718816067653277,7095,0.8718816067653277,3
resnet50_erm,celeba,balanced_subsample,0,mondrian,APS,0.95,2,2,0.8927613941018767,0.8941508104298802,7095,0.9142091152815014,373,0.8927613941018767,373,0.9465821000704722,7095,0.8927613941018767,2
resnet50_erm,celeba,balanced_subsample,0,mondrian,APS,0.95,3,3,0.86723044397463,0.8869626497533474,7095,0.9168900804289544,373,0.9115281501340483,373,0.86723044397463,7095,0.86723044397463,3
resnet50_erm,celeba,balanced_subsample,0,mondrian,APS,0.95,4,1,0.8847184986595175,0.9081042988019732,7095,0.8847184986595175,373,0.9222520107238605,373,0.9533474277660324,7095,0.8847184986595175,1
resnet50_erm,celeba,balanced_subsample,0,mondrian,APS,0.95,5,3,0.885553206483439,0.907399577167019,7095,0.9276139410187667,373,0.903485254691689,373,0.885553206483439,7095,0.885553206483439,3
resnet50_erm,celeba,balanced_subsample,0,mondrian,APS,0.95,6,2,0.8847184986595175,0.9050035236081748,7095,0.9276139410187667,373,0.8847184986595175,373,0.8941508104298802,7095,0.8847184986595175,2
resnet50_erm,celeba,balanced_subsample,0,mondrian,APS,0.95,7,1,0.8632707774798928,0.9023255813953488,7095,0.8632707774798928,373,0.9276139410187667,373,0.9289640591966173,7095,0.8632707774798928,1
resnet50_erm,celeba,balanced_subsample,0,mondrian,APS,0.95,8,3,0.8889358703312191,0.8954193093727978,7095,0.9088471849865952,373,0.9061662198391421,373,0.8889358703312191,7095,0.8889358703312191,3
resnet50_erm,celeba,balanced_subsample,0,mondrian,APS,0.95,9,0,0.9019027484143763,0.9019027484143763,7095,0.9168900804289544,373,0.9088471849865952,373,0.9086680761099366,7095,0.9019027484143763,0
resnet50_erm,celeba,balanced_subsample,1,marginal_split,APS,0.95,0,3,0.8780831571529246,0.9295278365045807,7095,0.9329758713136729,373,0.9571045576407506,373,0.8780831571529246,7095,0.8780831571529246,3
resnet50_erm,celeba,balanced_subsample,1,marginal_split,APS,0.95,1,3,0.851585623678647,0.9244538407329105,7095,0.9410187667560321,373,0.9651474530831099,373,0.851585623678647,7095,0.851585623678647,3
resnet50_erm,celeba,balanced_subsample,1,marginal_split,APS,0.95,2,3,0.923185341789993,0.9357293868921776,7095,0.9490616621983914,373,0.9812332439678284,373,0.923185341789993,7095,0.923185341789993,3
resnet50_erm,celeba,balanced_subsample,1,marginal_split,APS,0.95,3,3,0.8318534178999295,0.9133192389006343,7095,0.938337801608579,373,0.9571045576407506,373,0.8318534178999295,7095,0.8318534178999295,3
resnet50_erm,celeba,balanced_subsample,1,marginal_split,APS,0.95,4,3,0.8665257223396758,0.9264270613107822,7095,0.938337801608579,373,0.9436997319034852,373,0.8665257223396758,7095,0.8665257223396758,3
resnet50_erm,celeba,balanced_subsample,1,marginal_split,APS,0.95,5,3,0.8594785059901339,0.9307963354474983,7095,0.9410187667560321,373,0.9517426273458445,373,0.8594785059901339,7095,0.8594785059901339,3
resnet50_erm,celeba,balanced_subsample,1,marginal_split,APS,0.95,6,3,0.8054968287526427,0.9016208597603946,7095,0.9195710455764075,373,0.9731903485254692,373,0.8054968287526427,7095,0.8054968287526427,3
resnet50_erm,celeba,balanced_subsample,1,marginal_split,APS,0.95,7,3,0.9313601127554616,0.9353065539112051,7095,0.9463806970509383,373,0.9731903485254692,373,0.9313601127554616,7095,0.9313601127554616,3
resnet50_erm,celeba,balanced_subsample,1,marginal_split,APS,0.95,8,3,0.8806201550387597,0.920507399577167,7095,0.9302949061662198,373,0.9544235924932976,373,0.8806201550387597,7095,0.8806201550387597,3
resnet50_erm,celeba,balanced_subsample,1,marginal_split,APS,0.95,9,3,0.8739957716701903,0.929245947850599,7095,0.9329758713136729,373,0.9490616621983914,373,0.8739957716701903,7095,0.8739957716701903,3
resnet50_erm,celeba,balanced_subsample,1,mondrian,APS,0.95,0,1,0.8981233243967829,0.9011980267794222,7095,0.8981233243967829,373,0.9249329758713136,373,0.9202255109231854,7095,0.8981233243967829,1
resnet50_erm,celeba,balanced_subsample,1,mondrian,APS,0.95,1,3,0.8885130373502467,0.8996476391825229,7095,0.8900804289544236,373,0.9195710455764075,373,0.8885130373502467,7095,0.8885130373502467,3
resnet50_erm,celeba,balanced_subsample,1,mondrian,APS,0.95,2,1,0.8900804289544236,0.893446088794926,7095,0.8900804289544236,373,0.9088471849865952,373,0.9596899224806201,7095,0.8900804289544236,1
resnet50_erm,celeba,balanced_subsample,1,mondrian,APS,0.95,3,3,0.8649753347427767,0.8931642001409443,7095,0.9329758713136729,373,0.868632707774799,373,0.8649753347427767,7095,0.8649753347427767,3
resnet50_erm,celeba,balanced_subsample,1,mondrian,APS,0.95,4,1,0.8820375335120644,0.8988019732205779,7095,0.8820375335120644,373,0.900804289544236,373,0.9066948555320649,7095,0.8820375335120644,1
resnet50_erm,celeba,balanced_subsample,1,mondrian,APS,0.95,5,3,0.8861169837914024,0.9083861874559549,7095,0.903485254691689,373,0.9142091152815014,373,0.8861169837914024,7095,0.8861169837914024,3
resnet50_erm,celeba,balanced_subsample,1,mondrian,APS,0.95,6,3,0.8128259337561663,0.8873854827343199,7095,0.8847184986595175,373,0.9142091152815014,373,0.8128259337561663,7095,0.8128259337561663,3
resnet50_erm,celeba,balanced_subsample,1,mondrian,APS,0.95,7,1,0.8847184986595175,0.8868217054263566,7095,0.8847184986595175,373,0.9276139410187667,373,0.951937984496124,7095,0.8847184986595175,1
resnet50_erm,celeba,balanced_subsample,1,mondrian,APS,0.95,8,0,0.8866807610993658,0.8866807610993658,7095,0.9195710455764075,373,0.900804289544236,373,0.9038759689922481,7095,0.8866807610993658,0
resnet50_erm,celeba,balanced_subsample,1,mondrian,APS,0.95,9,0,0.8930232558139535,0.8930232558139535,7095,0.8981233243967829,373,0.900804289544236,373,0.893446088794926,7095,0.8930232558139535,0
resnet50_erm,celeba,balanced_subsample,2,marginal_split,APS,0.95,0,3,0.9155743481324876,0.9243128964059196,7095,0.935656836461126,373,0.9571045576407506,373,0.9155743481324876,7095,0.9155743481324876,3
resnet50_erm,celeba,balanced_subsample,2,marginal_split,APS,0.95,1,3,0.8766737138830162,0.9212121212121213,7095,0.935656836461126,373,0.9839142091152815,373,0.8766737138830162,7095,0.8766737138830162,3
resnet50_erm,celeba,balanced_subsample,2,marginal_split,APS,0.95,2,1,0.9249329758713136,0.9274136715997181,7095,0.9249329758713136,373,0.9731903485254692,373,0.9400986610288936,7095,0.9249329758713136,1
resnet50_erm,celeba,balanced_subsample,2,marginal_split,APS,0.95,3,3,0.8088794926004228,0.898661028893587,7095,0.9222520107238605,373,0.938337801608579,373,0.8088794926004228,7095,0.8088794926004228,3
resnet50_erm,celeba,balanced_subsample,2,marginal_split,APS,0.95,4,3,0.883016208597604,0.9168428470754052,7095,0.9329758713136729,373,0.9571045576407506,373,0.883016208597604,7095,0.883016208597604,3
resnet50_erm,celeba,balanced_subsample,2,marginal_split,APS,0.95,5,3,0.8178999295278365,0.8975334742776603,7095,0.903485254691689,373,0.9490616621983914,373,0.8178999295278365,7095,0.8178999295278365,3
resnet50_erm,celeba,balanced_subsample,2,marginal_split,APS,0.95,6,3,0.8590556730091614,0.9158562367864693,7095,0.9142091152815014,373,0.9624664879356568,373,0.8590556730091614,7095,0.8590556730091614,3
resnet50_erm,celeba,balanced_subsample,2,marginal_split,APS,0.95,7,3,0.8823114869626497,0.9234672304439746,7095,0.9410187667560321,373,0.9812332439678284,373,0.8823114869626497,7095,0.8823114869626497,3
resnet50_erm,celeba,balanced_subsample,2,marginal_split,APS,0.95,8,3,0.9134601832276251,0.9267089499647639,7095,0.9436997319034852,373,0.967828418230563,373,0.9134601832276251,7095,0.9134601832276251,3
resnet50_erm,celeba,balanced_subsample,2,marginal_split,APS,0.95,9,3,0.9006342494714588,0.9306553911205074,7095,0.9410187667560321,373,0.9624664879356568,373,0.9006342494714588,7095,0.9006342494714588,3
resnet50_erm,celeba,balanced_subsample,2,mondrian,APS,0.95,0,0,0.8948555320648344,0.8948555320648344,7095,0.9088471849865952,373,0.900804289544236,373,0.9448907681465821,7095,0.8948555320648344,0
resnet50_erm,celeba,balanced_subsample,2,mondrian,APS,0.95,1,0,0.8996476391825229,0.8996476391825229,7095,0.9142091152815014,373,0.9517426273458445,373,0.9307963354474983,7095,0.8996476391825229,0
resnet50_erm,celeba,balanced_subsample,2,mondrian,APS,0.95,2,0,0.8962649753347428,0.8962649753347428,7095,0.903485254691689,373,0.9115281501340483,373,0.9540521494009866,7095,0.8962649753347428,0
resnet50_erm,celeba,balanced_subsample,2,mondrian,APS,0.95,3,3,0.8293164200140944,0.8954193093727978,7095,0.8954423592493298,373,0.8793565683646113,373,0.8293164200140944,7095,0.8293164200140944,3
resnet50_erm,celeba,balanced_subsample,2,mondrian,APS,0.95,4,1,0.871313672922252,0.9016208597603946,7095,0.871313672922252,373,0.9463806970509383,373,0.9199436222692037,7095,0.871313672922252,1
resnet50_erm,celeba,balanced_subsample,2,mondrian,APS,0.95,5,3,0.8304439746300212,0.8944326990838619,7095,0.8900804289544236,373,0.9061662198391421,373,0.8304439746300212,7095,0.8304439746300212,3
resnet50_erm,celeba,balanced_subsample,2,mondrian,APS,0.95,6,3,0.8648343904157858,0.9038759689922481,7095,0.868632707774799,373,0.8900804289544236,373,0.8648343904157858,7095,0.8648343904157858,3
resnet50_erm,celeba,balanced_subsample,2,mondrian,APS,0.95,7,1,0.8847184986595175,0.9041578576462297,7095,0.8847184986595175,373,0.9142091152815014,373,0.9151515151515152,7095,0.8847184986595175,1
resnet50_erm,celeba,balanced_subsample,2,mondrian,APS,0.95,8,0,0.8955602536997885,0.8955602536997885,7095,0.9168900804289544,373,0.903485254691689,373,0.9463002114164905,7095,0.8955602536997885,0
resnet50_erm,celeba,balanced_subsample,2,mondrian,APS,0.95,9,2,0.8954423592493298,0.9023255813953488,7095,0.9168900804289544,373,0.8954423592493298,373,0.9157152924594785,7095,0.8954423592493298,2
clip_vitb32,celeba,erm,0,marginal_split,APS,0.95,0,3,0.8245243128964059,0.982522903453136,7095,0.9919571045576407,373,0.9705093833780161,373,0.8245243128964059,7095,0.8245243128964059,3
clip_vitb32,celeba,erm,0,marginal_split,APS,0.95,1,3,0.7923890063424948,0.9812544045102185,7095,0.9946380697050938,373,0.967828418230563,373,0.7923890063424948,7095,0.7923890063424948,3
clip_vitb32,celeba,erm,0,marginal_split,APS,0.95,2,3,0.8569415081042988,0.9864693446088795,7095,0.9785522788203753,373,0.9731903485254692,373,0.8569415081042988,7095,0.8569415081042988,3
clip_vitb32,celeba,erm,0,marginal_split,APS,0.95,3,3,0.7760394644115575,0.977307963354475,7095,0.9785522788203753,373,0.9705093833780161,373,0.7760394644115575,7095,0.7760394644115575,3
clip_vitb32,celeba,erm,0,marginal_split,APS,0.95,4,3,0.831430584918957,0.9811134601832276,7095,0.9892761394101877,373,0.967828418230563,373,0.831430584918957,7095,0.831430584918957,3
clip_vitb32,celeba,erm,0,marginal_split,APS,0.95,5,3,0.7735024665257223,0.9782945736434109,7095,0.9705093833780161,373,0.967828418230563,373,0.7735024665257223,7095,0.7735024665257223,3
clip_vitb32,celeba,erm,0,marginal_split,APS,0.95,6,3,0.8500352360817477,0.9842142353770261,7095,0.9785522788203753,373,0.9705093833780161,373,0.8500352360817477,7095,0.8500352360817477,3
clip_vitb32,celeba,erm,0,marginal_split,APS,0.95,7,3,0.827906976744186,0.9813953488372092,7095,0.9812332439678284,373,0.9839142091152815,373,0.827906976744186,7095,0.827906976744186,3
clip_vitb32,celeba,erm,0,marginal_split,APS,0.95,8,3,0.8591966173361523,0.9856236786469345,7095,0.9839142091152815,373,0.9812332439678284,373,0.8591966173361523,7095,0.8591966173361523,3
clip_vitb32,celeba,erm,0,marginal_split,APS,0.95,9,3,0.8325581395348837,0.9812544045102185,7095,0.9839142091152815,373,0.9705093833780161,373,0.8325581395348837,7095,0.8325581395348837,3
clip_vitb32,celeba,erm,0,mondrian,APS,0.95,0,2,0.8739946380697051,0.8988019732205779,7095,0.9115281501340483,373,0.8739946380697051,373,0.9175475687103594,7095,0.8739946380697051,2
clip_vitb32,celeba,erm,0,mondrian,APS,0.95,1,0,0.8992248062015504,0.8992248062015504,7095,0.9329758713136729,373,0.903485254691689,373,0.9103594080338266,7095,0.8992248062015504,0
clip_vitb32,celeba,erm,0,mondrian,APS,0.95,2,2,0.8900804289544236,0.9002114164904863,7095,0.9195710455764075,373,0.8900804289544236,373,0.9426356589147287,7095,0.8900804289544236,2
clip_vitb32,celeba,erm,0,mondrian,APS,0.95,3,3,0.8749823819591261,0.9023255813953488,7095,0.9115281501340483,373,0.8766756032171582,373,0.8749823819591261,7095,0.8749823819591261,3
clip_vitb32,celeba,erm,0,mondrian,APS,0.95,4,1,0.8873994638069705,0.8935870331219169,7095,0.8873994638069705,373,0.9168900804289544,373,0.9004933051444679,7095,0.8873994638069705,1
clip_vitb32,celeba,erm,0,mondrian,APS,0.95,5,3,0.8810429880197322,0.9013389711064129,7095,0.8954423592493298,373,0.9115281501340483,373,0.8810429880197322,7095,0.8810429880197322,3
clip_vitb32,celeba,erm,0,mondrian,APS,0.95,6,1,0.8820375335120644,0.9002114164904863,7095,0.8820375335120644,373,0.9249329758713136,373,0.9293868921775899,7095,0.8820375335120644,1
clip_vitb32,celeba,erm,0,mondrian,APS,0.95,7,1,0.8820375335120644,0.8971106412966878,7095,0.8820375335120644,373,0.9249329758713136,373,0.9151515151515152,7095,0.8820375335120644,1
clip_vitb32,celeba,erm,0,mondrian,APS,0.95,8,1,0.8954423592493298,0.904016913319239,7095,0.8954423592493298,373,0.9088471849865952,373,0.9324876673713883,7095,0.8954423592493298,1
clip_vitb32,celeba,erm,0,mondrian,APS,0.95,9,0,0.8916138125440451,0.8916138125440451,7095,0.9061662198391421,373,0.903485254691689,373,0.9006342494714588,7095,0.8916138125440451,0
clip_vitb32,celeba,erm,1,marginal_split,APS,0.95,0,3,0.8245243128964059,0.982522903453136,7095,0.9919571045576407,373,0.9705093833780161,373,0.8245243128964059,7095,0.8245243128964059,3
clip_vitb32,celeba,erm,1,marginal_split,APS,0.95,1,3,0.7923890063424948,0.9812544045102185,7095,0.9946380697050938,373,0.967828418230563,373,0.7923890063424948,7095,0.7923890063424948,3
clip_vitb32,celeba,erm,1,marginal_split,APS,0.95,2,3,0.8569415081042988,0.9864693446088795,7095,0.9785522788203753,373,0.9731903485254692,373,0.8569415081042988,7095,0.8569415081042988,3
clip_vitb32,celeba,erm,1,marginal_split,APS,0.95,3,3,0.7760394644115575,0.977307963354475,7095,0.9785522788203753,373,0.9705093833780161,373,0.7760394644115575,7095,0.7760394644115575,3
clip_vitb32,celeba,erm,1,marginal_split,APS,0.95,4,3,0.831430584918957,0.9811134601832276,7095,0.9892761394101877,373,0.967828418230563,373,0.831430584918957,7095,0.831430584918957,3
clip_vitb32,celeba,erm,1,marginal_split,APS,0.95,5,3,0.7735024665257223,0.9782945736434109,7095,0.9705093833780161,373,0.967828418230563,373,0.7735024665257223,7095,0.7735024665257223,3
clip_vitb32,celeba,erm,1,marginal_split,APS,0.95,6,3,0.8500352360817477,0.9842142353770261,7095,0.9785522788203753,373,0.9705093833780161,373,0.8500352360817477,7095,0.8500352360817477,3
clip_vitb32,celeba,erm,1,marginal_split,APS,0.95,7,3,0.827906976744186,0.9813953488372092,7095,0.9812332439678284,373,0.9839142091152815,373,0.827906976744186,7095,0.827906976744186,3
clip_vitb32,celeba,erm,1,marginal_split,APS,0.95,8,3,0.8591966173361523,0.9856236786469345,7095,0.9839142091152815,373,0.9812332439678284,373,0.8591966173361523,7095,0.8591966173361523,3
clip_vitb32,celeba,erm,1,marginal_split,APS,0.95,9,3,0.8325581395348837,0.9812544045102185,7095,0.9839142091152815,373,0.9705093833780161,373,0.8325581395348837,7095,0.8325581395348837,3
clip_vitb32,celeba,erm,1,mondrian,APS,0.95,0,2,0.8739946380697051,0.8988019732205779,7095,0.9115281501340483,373,0.8739946380697051,373,0.9175475687103594,7095,0.8739946380697051,2
clip_vitb32,celeba,erm,1,mondrian,APS,0.95,1,0,0.8992248062015504,0.8992248062015504,7095,0.9329758713136729,373,0.903485254691689,373,0.9103594080338266,7095,0.8992248062015504,0
clip_vitb32,celeba,erm,1,mondrian,APS,0.95,2,2,0.8900804289544236,0.9002114164904863,7095,0.9195710455764075,373,0.8900804289544236,373,0.9426356589147287,7095,0.8900804289544236,2
clip_vitb32,celeba,erm,1,mondrian,APS,0.95,3,3,0.8749823819591261,0.9023255813953488,7095,0.9115281501340483,373,0.8766756032171582,373,0.8749823819591261,7095,0.8749823819591261,3
clip_vitb32,celeba,erm,1,mondrian,APS,0.95,4,1,0.8873994638069705,0.8935870331219169,7095,0.8873994638069705,373,0.9168900804289544,373,0.9004933051444679,7095,0.8873994638069705,1
clip_vitb32,celeba,erm,1,mondrian,APS,0.95,5,3,0.8810429880197322,0.9013389711064129,7095,0.8954423592493298,373,0.9115281501340483,373,0.8810429880197322,7095,0.8810429880197322,3
clip_vitb32,celeba,erm,1,mondrian,APS,0.95,6,1,0.8820375335120644,0.9002114164904863,7095,0.8820375335120644,373,0.9249329758713136,373,0.9293868921775899,7095,0.8820375335120644,1
clip_vitb32,celeba,erm,1,mondrian,APS,0.95,7,1,0.8820375335120644,0.8971106412966878,7095,0.8820375335120644,373,0.9249329758713136,373,0.9151515151515152,7095,0.8820375335120644,1
clip_vitb32,celeba,erm,1,mondrian,APS,0.95,8,1,0.8954423592493298,0.904016913319239,7095,0.8954423592493298,373,0.9088471849865952,373,0.9324876673713883,7095,0.8954423592493298,1
clip_vitb32,celeba,erm,1,mondrian,APS,0.95,9,0,0.8916138125440451,0.8916138125440451,7095,0.9061662198391421,373,0.903485254691689,373,0.9006342494714588,7095,0.8916138125440451,0
clip_vitb32,celeba,erm,2,marginal_split,APS,0.95,0,3,0.8245243128964059,0.982522903453136,7095,0.9919571045576407,373,0.9705093833780161,373,0.8245243128964059,7095,0.8245243128964059,3
clip_vitb32,celeba,erm,2,marginal_split,APS,0.95,1,3,0.7923890063424948,0.9812544045102185,7095,0.9946380697050938,373,0.967828418230563,373,0.7923890063424948,7095,0.7923890063424948,3
clip_vitb32,celeba,erm,2,marginal_split,APS,0.95,2,3,0.8569415081042988,0.9864693446088795,7095,0.9785522788203753,373,0.9731903485254692,373,0.8569415081042988,7095,0.8569415081042988,3
clip_vitb32,celeba,erm,2,marginal_split,APS,0.95,3,3,0.7760394644115575,0.977307963354475,7095,0.9785522788203753,373,0.9705093833780161,373,0.7760394644115575,7095,0.7760394644115575,3
clip_vitb32,celeba,erm,2,marginal_split,APS,0.95,4,3,0.831430584918957,0.9811134601832276,7095,0.9892761394101877,373,0.967828418230563,373,0.831430584918957,7095,0.831430584918957,3
clip_vitb32,celeba,erm,2,marginal_split,APS,0.95,5,3,0.7735024665257223,0.9782945736434109,7095,0.9705093833780161,373,0.967828418230563,373,0.7735024665257223,7095,0.7735024665257223,3
clip_vitb32,celeba,erm,2,marginal_split,APS,0.95,6,3,0.8500352360817477,0.9842142353770261,7095,0.9785522788203753,373,0.9705093833780161,373,0.8500352360817477,7095,0.8500352360817477,3
clip_vitb32,celeba,erm,2,marginal_split,APS,0.95,7,3,0.827906976744186,0.9813953488372092,7095,0.9812332439678284,373,0.9839142091152815,373,0.827906976744186,7095,0.827906976744186,3
clip_vitb32,celeba,erm,2,marginal_split,APS,0.95,8,3,0.8591966173361523,0.9856236786469345,7095,0.9839142091152815,373,0.9812332439678284,373,0.8591966173361523,7095,0.8591966173361523,3
clip_vitb32,celeba,erm,2,marginal_split,APS,0.95,9,3,0.8325581395348837,0.9812544045102185,7095,0.9839142091152815,373,0.9705093833780161,373,0.8325581395348837,7095,0.8325581395348837,3
clip_vitb32,celeba,erm,2,mondrian,APS,0.95,0,2,0.8739946380697051,0.8988019732205779,7095,0.9115281501340483,373,0.8739946380697051,373,0.9175475687103594,7095,0.8739946380697051,2
clip_vitb32,celeba,erm,2,mondrian,APS,0.95,1,0,0.8992248062015504,0.8992248062015504,7095,0.9329758713136729,373,0.903485254691689,373,0.9103594080338266,7095,0.8992248062015504,0
clip_vitb32,celeba,erm,2,mondrian,APS,0.95,2,2,0.8900804289544236,0.9002114164904863,7095,0.9195710455764075,373,0.8900804289544236,373,0.9426356589147287,7095,0.8900804289544236,2
clip_vitb32,celeba,erm,2,mondrian,APS,0.95,3,3,0.8749823819591261,0.9023255813953488,7095,0.9115281501340483,373,0.8766756032171582,373,0.8749823819591261,7095,0.8749823819591261,3
clip_vitb32,celeba,erm,2,mondrian,APS,0.95,4,1,0.8873994638069705,0.8935870331219169,7095,0.8873994638069705,373,0.9168900804289544,373,0.9004933051444679,7095,0.8873994638069705,1
clip_vitb32,celeba,erm,2,mondrian,APS,0.95,5,3,0.8810429880197322,0.9013389711064129,7095,0.8954423592493298,373,0.9115281501340483,373,0.8810429880197322,7095,0.8810429880197322,3
clip_vitb32,celeba,erm,2,mondrian,APS,0.95,6,1,0.8820375335120644,0.9002114164904863,7095,0.8820375335120644,373,0.9249329758713136,373,0.9293868921775899,7095,0.8820375335120644,1
clip_vitb32,celeba,erm,2,mondrian,APS,0.95,7,1,0.8820375335120644,0.8971106412966878,7095,0.8820375335120644,373,0.9249329758713136,373,0.9151515151515152,7095,0.8820375335120644,1
clip_vitb32,celeba,erm,2,mondrian,APS,0.95,8,1,0.8954423592493298,0.904016913319239,7095,0.8954423592493298,373,0.9088471849865952,373,0.9324876673713883,7095,0.8954423592493298,1
clip_vitb32,celeba,erm,2,mondrian,APS,0.95,9,0,0.8916138125440451,0.8916138125440451,7095,0.9061662198391421,373,0.903485254691689,373,0.9006342494714588,7095,0.8916138125440451,0
clip_vitb32,celeba,dfr,0,marginal_split,APS,0.95,0,1,0.8793565683646113,0.8796335447498238,7095,0.8793565683646113,373,0.903485254691689,373,0.9282593375616631,7095,0.8793565683646113,1
clip_vitb32,celeba,dfr,0,marginal_split,APS,0.95,1,0,0.8752642706131079,0.8752642706131079,7095,0.9222520107238605,373,0.9061662198391421,373,0.9061310782241014,7095,0.8752642706131079,0
clip_vitb32,celeba,dfr,0,marginal_split,APS,0.95,2,1,0.8793565683646113,0.879492600422833,7095,0.8793565683646113,373,0.9222520107238605,373,0.9178294573643411,7095,0.8793565683646113,1
clip_vitb32,celeba,dfr,0,marginal_split,APS,0.95,3,0,0.8787878787878788,0.8787878787878788,7095,0.9061662198391421,373,0.9168900804289544,373,0.9209302325581395,7095,0.8787878787878788,0
clip_vitb32,celeba,dfr,0,marginal_split,APS,0.95,4,0,0.8801973220577872,0.8801973220577872,7095,0.9088471849865952,373,0.9222520107238605,373,0.919661733615222,7095,0.8801973220577872,0
clip_vitb32,celeba,dfr,0,marginal_split,APS,0.95,5,0,0.877660324171952,0.877660324171952,7095,0.9061662198391421,373,0.9302949061662198,373,0.9159971811134602,7095,0.877660324171952,0
clip_vitb32,celeba,dfr,0,marginal_split,APS,0.95,6,0,0.884707540521494,0.884707540521494,7095,0.8954423592493298,373,0.9249329758713136,373,0.9350246652572234,7095,0.884707540521494,0
clip_vitb32,celeba,dfr,0,marginal_split,APS,0.95,7,0,0.868076109936575,0.868076109936575,7095,0.903485254691689,373,0.9276139410187667,373,0.9020436927413672,7095,0.868076109936575,0
clip_vitb32,celeba,dfr,0,marginal_split,APS,0.95,8,0,0.8699083861874559,0.8699083861874559,7095,0.9195710455764075,373,0.9168900804289544,373,0.9141649048625793,7095,0.8699083861874559,0
clip_vitb32,celeba,dfr,0,marginal_split,APS,0.95,9,0,0.8747004933051444,0.8747004933051444,7095,0.9088471849865952,373,0.9061662198391421,373,0.9121916842847075,7095,0.8747004933051444,0
clip_vitb32,celeba,dfr,0,mondrian,APS,0.95,0,1,0.8847184986595175,0.8917547568710359,7095,0.8847184986595175,373,0.903485254691689,373,0.9192389006342495,7095,0.8847184986595175,1
clip_vitb32,celeba,dfr,0,mondrian,APS,0.95,1,3,0.8871035940803382,0.8966878083157153,7095,0.938337801608579,373,0.9061662198391421,373,0.8871035940803382,7095,0.8871035940803382,3
clip_vitb32,celeba,dfr,0,mondrian,APS,0.95,2,1,0.8766756032171582,0.897815362931642,7095,0.8766756032171582,373,0.8820375335120644,373,0.9041578576462297,7095,0.8766756032171582,1
clip_vitb32,celeba,dfr,0,mondrian,APS,0.95,3,2,0.8659517426273459,0.8975334742776603,7095,0.9302949061662198,373,0.8659517426273459,373,0.8983791402396053,7095,0.8659517426273459,2
clip_vitb32,celeba,dfr,0,mondrian,APS,0.95,4,1,0.8739946380697051,0.9023255813953488,7095,0.8739946380697051,373,0.9195710455764075,373,0.8982381959126146,7095,0.8739946380697051,1
clip_vitb32,celeba,dfr,0,mondrian,APS,0.95,5,3,0.8951374207188161,0.904016913319239,7095,0.8954423592493298,373,0.9302949061662198,373,0.8951374207188161,7095,0.8951374207188161,3
clip_vitb32,celeba,dfr,0,mondrian,APS,0.95,6,1,0.8873994638069705,0.9006342494714588,7095,0.8873994638069705,373,0.900804289544236,373,0.9219168428470754,7095,0.8873994638069705,1
clip_vitb32,celeba,dfr,0,mondrian,APS,0.95,7,1,0.8820375335120644,0.8973925299506695,7095,0.8820375335120644,373,0.9061662198391421,373,0.8823114869626497,7095,0.8820375335120644,1
clip_vitb32,celeba,dfr,0,mondrian,APS,0.95,8,2,0.8873994638069705,0.8983791402396053,7095,0.9195710455764075,373,0.8873994638069705,373,0.8906272022551093,7095,0.8873994638069705,2
clip_vitb32,celeba,dfr,0,mondrian,APS,0.95,9,2,0.8766756032171582,0.8973925299506695,7095,0.938337801608579,373,0.8766756032171582,373,0.8957011980267794,7095,0.8766756032171582,2
clip_vitb32,celeba,dfr,1,marginal_split,APS,0.95,0,0,0.8865398167723749,0.8865398167723749,7095,0.8873994638069705,373,0.9249329758713136,373,0.9406624383368569,7095,0.8865398167723749,0
clip_vitb32,celeba,dfr,1,marginal_split,APS,0.95,1,0,0.8862579281183932,0.8862579281183932,7095,0.9329758713136729,373,0.938337801608579,373,0.930937279774489,7095,0.8862579281183932,0
clip_vitb32,celeba,dfr,1,marginal_split,APS,0.95,2,0,0.8862579281183932,0.8862579281183932,7095,0.8954423592493298,373,0.9249329758713136,373,0.923185341789993,7095,0.8862579281183932,0
clip_vitb32,celeba,dfr,1,marginal_split,APS,0.95,3,0,0.8840028188865399,0.8840028188865399,7095,0.9142091152815014,373,0.9276139410187667,373,0.9206483439041578,7095,0.8840028188865399,0
clip_vitb32,celeba,dfr,1,marginal_split,APS,0.95,4,0,0.8869626497533474,0.8869626497533474,7095,0.9195710455764075,373,0.9249329758713136,373,0.9288231148696265,7095,0.8869626497533474,0
clip_vitb32,celeba,dfr,1,marginal_split,APS,0.95,5,0,0.8892177589852008,0.8892177589852008,7095,0.9061662198391421,373,0.9329758713136729,373,0.9237491190979563,7095,0.8892177589852008,0
clip_vitb32,celeba,dfr,1,marginal_split,APS,0.95,6,1,0.8847184986595175,0.889922480620155,7095,0.8847184986595175,373,0.9249329758713136,373,0.9341789992952784,7095,0.8847184986595175,1
clip_vitb32,celeba,dfr,1,marginal_split,APS,0.95,7,0,0.8749823819591261,0.8749823819591261,7095,0.8981233243967829,373,0.9410187667560321,373,0.905708245243129,7095,0.8749823819591261,0
clip_vitb32,celeba,dfr,1,marginal_split,APS,0.95,8,0,0.8732910500352361,0.8732910500352361,7095,0.9061662198391421,373,0.9195710455764075,373,0.905708245243129,7095,0.8732910500352361,0
clip_vitb32,celeba,dfr,1,marginal_split,APS,0.95,9,0,0.8779422128259338,0.8779422128259338,7095,0.903485254691689,373,0.903485254691689,373,0.908245243128964,7095,0.8779422128259338,0
clip_vitb32,celeba,dfr,1,mondrian,APS,0.95,0,1,0.8873994638069705,0.8897815362931643,7095,0.8873994638069705,373,0.8900804289544236,373,0.9399577167019028,7095,0.8873994638069705,1
clip_vitb32,celeba,dfr,1,mondrian,APS,0.95,1,0,0.8968287526427061,0.8968287526427061,7095,0.9517426273458445,373,0.9168900804289544,373,0.9192389006342495,7095,0.8968287526427061,0
clip_vitb32,celeba,dfr,1,mondrian,APS,0.95,2,2,0.8605898123324397,0.8959830866807611,7095,0.8954423592493298,373,0.8605898123324397,373,0.9165609584214235,7095,0.8605898123324397,2
clip_vitb32,celeba,dfr,1,mondrian,APS,0.95,3,2,0.8847184986595175,0.8965468639887244,7095,0.9436997319034852,373,0.8847184986595175,373,0.9033121916842847,7095,0.8847184986595175,2
clip_vitb32,celeba,dfr,1,mondrian,APS,0.95,4,0,0.9019027484143763,0.9019027484143763,7095,0.9061662198391421,373,0.9088471849865952,373,0.9221987315010571,7095,0.9019027484143763,0
clip_vitb32,celeba,dfr,1,mondrian,APS,0.95,5,1,0.8954423592493298,0.9064129668780831,7095,0.8954423592493298,373,0.9249329758713136,373,0.9041578576462297,7095,0.8954423592493298,1
clip_vitb32,celeba,dfr,1,mondrian,APS,0.95,6,1,0.8793565683646113,0.9050035236081748,7095,0.8793565683646113,373,0.8873994638069705,373,0.9181113460183228,7095,0.8793565683646113,1
clip_vitb32,celeba,dfr,1,mondrian,APS,0.95,7,3,0.8837209302325582,0.8964059196617337,7095,0.8847184986595175,373,0.9061662198391421,373,0.8837209302325582,7095,0.8837209302325582,3
clip_vitb32,celeba,dfr,1,mondrian,APS,0.95,8,2,0.8847184986595175,0.8958421423537702,7095,0.903485254691689,373,0.8847184986595175,373,0.8880902043692741,7095,0.8847184986595175,2
clip_vitb32,celeba,dfr,1,mondrian,APS,0.95,9,2,0.8739946380697051,0.8964059196617337,7095,0.9410187667560321,373,0.8739946380697051,373,0.8952783650458069,7095,0.8739946380697051,2
clip_vitb32,celeba,dfr,2,marginal_split,APS,0.95,0,1,0.8820375335120644,0.8825933756166314,7095,0.8820375335120644,373,0.9276139410187667,373,0.931782945736434,7095,0.8820375335120644,1
clip_vitb32,celeba,dfr,2,marginal_split,APS,0.95,1,0,0.8820295983086681,0.8820295983086681,7095,0.9222520107238605,373,0.9088471849865952,373,0.9200845665961945,7095,0.8820295983086681,0
clip_vitb32,celeba,dfr,2,marginal_split,APS,0.95,2,0,0.8782241014799155,0.8782241014799155,7095,0.8927613941018767,373,0.9276139410187667,373,0.916983791402396,7095,0.8782241014799155,0
clip_vitb32,celeba,dfr,2,marginal_split,APS,0.95,3,0,0.8793516560958421,0.8793516560958421,7095,0.8927613941018767,373,0.9276139410187667,373,0.9207892882311487,7095,0.8793516560958421,0
clip_vitb32,celeba,dfr,2,marginal_split,APS,0.95,4,0,0.8801973220577872,0.8801973220577872,7095,0.9168900804289544,373,0.9410187667560321,373,0.9186751233262861,7095,0.8801973220577872,0
clip_vitb32,celeba,dfr,2,marginal_split,APS,0.95,5,0,0.8871035940803382,0.8871035940803382,7095,0.9168900804289544,373,0.9544235924932976,373,0.9252995066948555,7095,0.8871035940803382,0
clip_vitb32,celeba,dfr,2,marginal_split,APS,0.95,6,1,0.8793565683646113,0.8938689217758985,7095,0.8793565683646113,373,0.9168900804289544,373,0.9392529950669486,7095,0.8793565683646113,1
clip_vitb32,celeba,dfr,2,marginal_split,APS,0.95,7,0,0.8696264975334743,0.8696264975334743,7095,0.903485254691689,373,0.935656836461126,373,0.8992248062015504,7095,0.8696264975334743,0
clip_vitb32,celeba,dfr,2,marginal_split,APS,0.95,8,0,0.8782241014799155,0.8782241014799155,7095,0.9088471849865952,373,0.9302949061662198,373,0.9114869626497534,7095,0.8782241014799155,0
clip_vitb32,celeba,dfr,2,marginal_split,APS,0.95,9,0,0.8782241014799155,0.8782241014799155,7095,0.8873994638069705,373,0.9168900804289544,373,0.9148696264975335,7095,0.8782241014799155,0
clip_vitb32,celeba,dfr,2,mondrian,APS,0.95,0,2,0.871313672922252,0.8909090909090909,7095,0.8900804289544236,373,0.871313672922252,373,0.9264270613107822,7095,0.871313672922252,2
clip_vitb32,celeba,dfr,2,mondrian,APS,0.95,1,2,0.8847184986595175,0.8979563072586328,7095,0.9463806970509383,373,0.8847184986595175,373,0.9034531360112755,7095,0.8847184986595175,2
clip_vitb32,celeba,dfr,2,mondrian,APS,0.95,2,2,0.8766756032171582,0.892600422832981,7095,0.8873994638069705,373,0.8766756032171582,373,0.9068357998590557,7095,0.8766756032171582,2
clip_vitb32,celeba,dfr,2,mondrian,APS,0.95,3,2,0.871313672922252,0.8972515856236787,7095,0.900804289544236,373,0.871313672922252,373,0.9069767441860465,7095,0.871313672922252,2
clip_vitb32,celeba,dfr,2,mondrian,APS,0.95,4,0,0.897815362931642,0.897815362931642,7095,0.9088471849865952,373,0.938337801608579,373,0.9027484143763214,7095,0.897815362931642,0
clip_vitb32,celeba,dfr,2,mondrian,APS,0.95,5,0,0.9044397463002114,0.9044397463002114,7095,0.9142091152815014,373,0.9544235924932976,373,0.9120507399577167,7095,0.9044397463002114,0
clip_vitb32,celeba,dfr,2,mondrian,APS,0.95,6,2,0.8605898123324397,0.9052854122621564,7095,0.8766756032171582,373,0.8605898123324397,373,0.9264270613107822,7095,0.8605898123324397,2
clip_vitb32,celeba,dfr,2,mondrian,APS,0.95,7,3,0.8804792107117688,0.8948555320648344,7095,0.8820375335120644,373,0.9249329758713136,373,0.8804792107117688,7095,0.8804792107117688,3
clip_vitb32,celeba,dfr,2,mondrian,APS,0.95,8,2,0.8820375335120644,0.9006342494714588,7095,0.9195710455764075,373,0.8820375335120644,373,0.8935870331219169,7095,0.8820375335120644,2
clip_vitb32,celeba,dfr,2,mondrian,APS,0.95,9,2,0.8739946380697051,0.8928823114869626,7095,0.9329758713136729,373,0.8739946380697051,373,0.9035940803382664,7095,0.8739946380697051,2
clip_vitb32,celeba,afr,0,marginal_split,APS,0.95,0,1,0.6863270777479893,0.8193093727977449,7095,0.6863270777479893,373,1.0,373,1.0,7095,0.6863270777479893,1
clip_vitb32,celeba,afr,0,marginal_split,APS,0.95,1,1,0.6863270777479893,0.8081747709654686,7095,0.6863270777479893,373,1.0,373,1.0,7095,0.6863270777479893,1
clip_vitb32,celeba,afr,0,marginal_split,APS,0.95,2,1,0.6836461126005362,0.814799154334038,7095,0.6836461126005362,373,1.0,373,1.0,7095,0.6836461126005362,1
clip_vitb32,celeba,afr,0,marginal_split,APS,0.95,3,1,0.7319034852546917,0.8015503875968992,7095,0.7319034852546917,373,1.0,373,1.0,7095,0.7319034852546917,1
clip_vitb32,celeba,afr,0,marginal_split,APS,0.95,4,1,0.710455764075067,0.8263565891472868,7095,0.710455764075067,373,1.0,373,1.0,7095,0.710455764075067,1
clip_vitb32,celeba,afr,0,marginal_split,APS,0.95,5,1,0.6997319034852547,0.8033826638477801,7095,0.6997319034852547,373,1.0,373,1.0,7095,0.6997319034852547,1
clip_vitb32,celeba,afr,0,marginal_split,APS,0.95,6,1,0.6836461126005362,0.8008456659619451,7095,0.6836461126005362,373,1.0,373,1.0,7095,0.6836461126005362,1
clip_vitb32,celeba,afr,0,marginal_split,APS,0.95,7,1,0.6890080428954424,0.8286116983791403,7095,0.6890080428954424,373,1.0,373,1.0,7095,0.6890080428954424,1
clip_vitb32,celeba,afr,0,marginal_split,APS,0.95,8,1,0.6890080428954424,0.8031007751937984,7095,0.6890080428954424,373,1.0,373,1.0,7095,0.6890080428954424,1
clip_vitb32,celeba,afr,0,marginal_split,APS,0.95,9,1,0.6863270777479893,0.8125440451021846,7095,0.6863270777479893,373,1.0,373,1.0,7095,0.6863270777479893,1
clip_vitb32,celeba,afr,0,mondrian,APS,0.95,0,3,0.7994362226920366,0.9072586328400282,7095,0.903485254691689,373,0.8579088471849866,373,0.7994362226920366,7095,0.7994362226920366,3
clip_vitb32,celeba,afr,0,mondrian,APS,0.95,1,1,0.8847184986595175,0.9004933051444679,7095,0.8847184986595175,373,0.9571045576407506,373,0.9143058491895701,7095,0.8847184986595175,1
clip_vitb32,celeba,afr,0,mondrian,APS,0.95,2,2,0.8793565683646113,0.9045806906272023,7095,0.935656836461126,373,0.8793565683646113,373,0.9198026779422128,7095,0.8793565683646113,2
clip_vitb32,celeba,afr,0,mondrian,APS,0.95,3,2,0.8873994638069705,0.8906272022551093,7095,0.935656836461126,373,0.8873994638069705,373,0.921353065539112,7095,0.8873994638069705,2
clip_vitb32,celeba,afr,0,mondrian,APS,0.95,4,3,0.8259337561663143,0.905708245243129,7095,0.9195710455764075,373,0.9222520107238605,373,0.8259337561663143,7095,0.8259337561663143,3
clip_vitb32,celeba,afr,0,mondrian,APS,0.95,5,0,0.9054263565891473,0.9054263565891473,7095,0.9195710455764075,373,0.9222520107238605,373,0.9141649048625793,7095,0.9054263565891473,0
clip_vitb32,celeba,afr,0,mondrian,APS,0.95,6,3,0.8498942917547568,0.9034531360112755,7095,0.8820375335120644,373,0.9222520107238605,373,0.8498942917547568,7095,0.8498942917547568,3
clip_vitb32,celeba,afr,0,mondrian,APS,0.95,7,3,0.8479210711768851,0.9176885130373502,7095,0.8900804289544236,373,0.9329758713136729,373,0.8479210711768851,7095,0.8479210711768851,3
clip_vitb32,celeba,afr,0,mondrian,APS,0.95,8,3,0.8393234672304439,0.8914728682170543,7095,0.8927613941018767,373,0.8847184986595175,373,0.8393234672304439,7095,0.8393234672304439,3
clip_vitb32,celeba,afr,0,mondrian,APS,0.95,9,3,0.8562367864693446,0.913601127554616,7095,0.8739946380697051,373,0.8981233243967829,373,0.8562367864693446,7095,0.8562367864693446,3
clip_vitb32,celeba,afr,1,marginal_split,APS,0.95,0,1,0.6863270777479893,0.8193093727977449,7095,0.6863270777479893,373,1.0,373,1.0,7095,0.6863270777479893,1
clip_vitb32,celeba,afr,1,marginal_split,APS,0.95,1,1,0.6863270777479893,0.8081747709654686,7095,0.6863270777479893,373,1.0,373,1.0,7095,0.6863270777479893,1
clip_vitb32,celeba,afr,1,marginal_split,APS,0.95,2,1,0.6836461126005362,0.814799154334038,7095,0.6836461126005362,373,1.0,373,1.0,7095,0.6836461126005362,1
clip_vitb32,celeba,afr,1,marginal_split,APS,0.95,3,1,0.7319034852546917,0.8015503875968992,7095,0.7319034852546917,373,1.0,373,1.0,7095,0.7319034852546917,1
clip_vitb32,celeba,afr,1,marginal_split,APS,0.95,4,1,0.710455764075067,0.8263565891472868,7095,0.710455764075067,373,1.0,373,1.0,7095,0.710455764075067,1
clip_vitb32,celeba,afr,1,marginal_split,APS,0.95,5,1,0.6997319034852547,0.8033826638477801,7095,0.6997319034852547,373,1.0,373,1.0,7095,0.6997319034852547,1
clip_vitb32,celeba,afr,1,marginal_split,APS,0.95,6,1,0.6836461126005362,0.8008456659619451,7095,0.6836461126005362,373,1.0,373,1.0,7095,0.6836461126005362,1
clip_vitb32,celeba,afr,1,marginal_split,APS,0.95,7,1,0.6890080428954424,0.8286116983791403,7095,0.6890080428954424,373,1.0,373,1.0,7095,0.6890080428954424,1
clip_vitb32,celeba,afr,1,marginal_split,APS,0.95,8,1,0.6890080428954424,0.8031007751937984,7095,0.6890080428954424,373,1.0,373,1.0,7095,0.6890080428954424,1
clip_vitb32,celeba,afr,1,marginal_split,APS,0.95,9,1,0.6863270777479893,0.8125440451021846,7095,0.6863270777479893,373,1.0,373,1.0,7095,0.6863270777479893,1
clip_vitb32,celeba,afr,1,mondrian,APS,0.95,0,3,0.7994362226920366,0.9072586328400282,7095,0.903485254691689,373,0.8579088471849866,373,0.7994362226920366,7095,0.7994362226920366,3
clip_vitb32,celeba,afr,1,mondrian,APS,0.95,1,1,0.8847184986595175,0.9004933051444679,7095,0.8847184986595175,373,0.9571045576407506,373,0.9143058491895701,7095,0.8847184986595175,1
clip_vitb32,celeba,afr,1,mondrian,APS,0.95,2,2,0.8793565683646113,0.9045806906272023,7095,0.935656836461126,373,0.8793565683646113,373,0.9198026779422128,7095,0.8793565683646113,2
clip_vitb32,celeba,afr,1,mondrian,APS,0.95,3,2,0.8873994638069705,0.8906272022551093,7095,0.935656836461126,373,0.8873994638069705,373,0.921353065539112,7095,0.8873994638069705,2
clip_vitb32,celeba,afr,1,mondrian,APS,0.95,4,3,0.8259337561663143,0.905708245243129,7095,0.9195710455764075,373,0.9222520107238605,373,0.8259337561663143,7095,0.8259337561663143,3
clip_vitb32,celeba,afr,1,mondrian,APS,0.95,5,0,0.9054263565891473,0.9054263565891473,7095,0.9195710455764075,373,0.9222520107238605,373,0.9141649048625793,7095,0.9054263565891473,0
clip_vitb32,celeba,afr,1,mondrian,APS,0.95,6,3,0.8498942917547568,0.9034531360112755,7095,0.8820375335120644,373,0.9222520107238605,373,0.8498942917547568,7095,0.8498942917547568,3
clip_vitb32,celeba,afr,1,mondrian,APS,0.95,7,3,0.8479210711768851,0.9176885130373502,7095,0.8900804289544236,373,0.9329758713136729,373,0.8479210711768851,7095,0.8479210711768851,3
clip_vitb32,celeba,afr,1,mondrian,APS,0.95,8,3,0.8393234672304439,0.8914728682170543,7095,0.8927613941018767,373,0.8847184986595175,373,0.8393234672304439,7095,0.8393234672304439,3
clip_vitb32,celeba,afr,1,mondrian,APS,0.95,9,3,0.8562367864693446,0.913601127554616,7095,0.8739946380697051,373,0.8981233243967829,373,0.8562367864693446,7095,0.8562367864693446,3
clip_vitb32,celeba,afr,2,marginal_split,APS,0.95,0,1,0.6863270777479893,0.8193093727977449,7095,0.6863270777479893,373,1.0,373,1.0,7095,0.6863270777479893,1
clip_vitb32,celeba,afr,2,marginal_split,APS,0.95,1,1,0.6863270777479893,0.8081747709654686,7095,0.6863270777479893,373,1.0,373,1.0,7095,0.6863270777479893,1
clip_vitb32,celeba,afr,2,marginal_split,APS,0.95,2,1,0.6836461126005362,0.814799154334038,7095,0.6836461126005362,373,1.0,373,1.0,7095,0.6836461126005362,1
clip_vitb32,celeba,afr,2,marginal_split,APS,0.95,3,1,0.7319034852546917,0.8015503875968992,7095,0.7319034852546917,373,1.0,373,1.0,7095,0.7319034852546917,1
clip_vitb32,celeba,afr,2,marginal_split,APS,0.95,4,1,0.710455764075067,0.8263565891472868,7095,0.710455764075067,373,1.0,373,1.0,7095,0.710455764075067,1
clip_vitb32,celeba,afr,2,marginal_split,APS,0.95,5,1,0.6997319034852547,0.8033826638477801,7095,0.6997319034852547,373,1.0,373,1.0,7095,0.6997319034852547,1
clip_vitb32,celeba,afr,2,marginal_split,APS,0.95,6,1,0.6836461126005362,0.8008456659619451,7095,0.6836461126005362,373,1.0,373,1.0,7095,0.6836461126005362,1
clip_vitb32,celeba,afr,2,marginal_split,APS,0.95,7,1,0.6890080428954424,0.8286116983791403,7095,0.6890080428954424,373,1.0,373,1.0,7095,0.6890080428954424,1
clip_vitb32,celeba,afr,2,marginal_split,APS,0.95,8,1,0.6890080428954424,0.8031007751937984,7095,0.6890080428954424,373,1.0,373,1.0,7095,0.6890080428954424,1
clip_vitb32,celeba,afr,2,marginal_split,APS,0.95,9,1,0.6863270777479893,0.8125440451021846,7095,0.6863270777479893,373,1.0,373,1.0,7095,0.6863270777479893,1
clip_vitb32,celeba,afr,2,mondrian,APS,0.95,0,3,0.7994362226920366,0.9072586328400282,7095,0.903485254691689,373,0.8579088471849866,373,0.7994362226920366,7095,0.7994362226920366,3
clip_vitb32,celeba,afr,2,mondrian,APS,0.95,1,1,0.8847184986595175,0.9004933051444679,7095,0.8847184986595175,373,0.9571045576407506,373,0.9143058491895701,7095,0.8847184986595175,1
clip_vitb32,celeba,afr,2,mondrian,APS,0.95,2,2,0.8793565683646113,0.9045806906272023,7095,0.935656836461126,373,0.8793565683646113,373,0.9198026779422128,7095,0.8793565683646113,2
clip_vitb32,celeba,afr,2,mondrian,APS,0.95,3,2,0.8873994638069705,0.8906272022551093,7095,0.935656836461126,373,0.8873994638069705,373,0.921353065539112,7095,0.8873994638069705,2
clip_vitb32,celeba,afr,2,mondrian,APS,0.95,4,3,0.8259337561663143,0.905708245243129,7095,0.9195710455764075,373,0.9222520107238605,373,0.8259337561663143,7095,0.8259337561663143,3
clip_vitb32,celeba,afr,2,mondrian,APS,0.95,5,0,0.9054263565891473,0.9054263565891473,7095,0.9195710455764075,373,0.9222520107238605,373,0.9141649048625793,7095,0.9054263565891473,0
clip_vitb32,celeba,afr,2,mondrian,APS,0.95,6,3,0.8498942917547568,0.9034531360112755,7095,0.8820375335120644,373,0.9222520107238605,373,0.8498942917547568,7095,0.8498942917547568,3
clip_vitb32,celeba,afr,2,mondrian,APS,0.95,7,3,0.8479210711768851,0.9176885130373502,7095,0.8900804289544236,373,0.9329758713136729,373,0.8479210711768851,7095,0.8479210711768851,3
clip_vitb32,celeba,afr,2,mondrian,APS,0.95,8,3,0.8393234672304439,0.8914728682170543,7095,0.8927613941018767,373,0.8847184986595175,373,0.8393234672304439,7095,0.8393234672304439,3
clip_vitb32,celeba,afr,2,mondrian,APS,0.95,9,3,0.8562367864693446,0.913601127554616,7095,0.8739946380697051,373,0.8981233243967829,373,0.8562367864693446,7095,0.8562367864693446,3
clip_vitb32,celeba,groupdro_ll,0,marginal_split,APS,0.95,0,1,0.8739946380697051,0.8824524312896406,7095,0.8739946380697051,373,0.903485254691689,373,0.9147286821705426,7095,0.8739946380697051,1
clip_vitb32,celeba,groupdro_ll,0,marginal_split,APS,0.95,1,0,0.8893587033121917,0.8893587033121917,7095,0.9222520107238605,373,0.9061662198391421,373,0.9306553911205074,7095,0.8893587033121917,0
clip_vitb32,celeba,groupdro_ll,0,marginal_split,APS,0.95,2,0,0.8945736434108527,0.8945736434108527,7095,0.9115281501340483,373,0.9249329758713136,373,0.9341789992952784,7095,0.8945736434108527,0
clip_vitb32,celeba,groupdro_ll,0,marginal_split,APS,0.95,3,0,0.8849894291754757,0.8849894291754757,7095,0.9195710455764075,373,0.9276139410187667,373,0.9133192389006343,7095,0.8849894291754757,0
clip_vitb32,celeba,groupdro_ll,0,marginal_split,APS,0.95,4,0,0.883016208597604,0.883016208597604,7095,0.9061662198391421,373,0.9276139410187667,373,0.9189570119802678,7095,0.883016208597604,0
clip_vitb32,celeba,groupdro_ll,0,marginal_split,APS,0.95,5,0,0.8851303735024665,0.8851303735024665,7095,0.9061662198391421,373,0.9222520107238605,373,0.9133192389006343,7095,0.8851303735024665,0
clip_vitb32,celeba,groupdro_ll,0,marginal_split,APS,0.95,6,1,0.8739946380697051,0.888231148696265,7095,0.8739946380697051,373,0.9142091152815014,373,0.9243128964059196,7095,0.8739946380697051,1
clip_vitb32,celeba,groupdro_ll,0,marginal_split,APS,0.95,7,0,0.875123326286117,0.875123326286117,7095,0.8847184986595175,373,0.9410187667560321,373,0.8975334742776603,7095,0.875123326286117,0
clip_vitb32,celeba,groupdro_ll,0,marginal_split,APS,0.95,8,0,0.8859760394644115,0.8859760394644115,7095,0.9142091152815014,373,0.9249329758713136,373,0.9157152924594785,7095,0.8859760394644115,0
clip_vitb32,celeba,groupdro_ll,0,marginal_split,APS,0.95,9,0,0.8754052149400987,0.8754052149400987,7095,0.8820375335120644,373,0.903485254691689,373,0.8959830866807611,7095,0.8754052149400987,0
clip_vitb32,celeba,groupdro_ll,0,mondrian,APS,0.95,0,2,0.8847184986595175,0.8911909795630726,7095,0.8873994638069705,373,0.8847184986595175,373,0.902184637068358,7095,0.8847184986595175,2
clip_vitb32,celeba,groupdro_ll,0,mondrian,APS,0.95,1,2,0.8927613941018767,0.8940098661028894,7095,0.9302949061662198,373,0.8927613941018767,373,0.9268498942917548,7095,0.8927613941018767,2
clip_vitb32,celeba,groupdro_ll,0,mondrian,APS,0.95,2,2,0.868632707774799,0.9014799154334038,7095,0.9088471849865952,373,0.868632707774799,373,0.9293868921775899,7095,0.868632707774799,2
clip_vitb32,celeba,groupdro_ll,0,mondrian,APS,0.95,3,2,0.8739946380697051,0.8968287526427061,7095,0.9302949061662198,373,0.8739946380697051,373,0.8975334742776603,7095,0.8739946380697051,2
clip_vitb32,celeba,groupdro_ll,0,mondrian,APS,0.95,4,1,0.8927613941018767,0.8979563072586328,7095,0.8927613941018767,373,0.9088471849865952,373,0.9090909090909091,7095,0.8927613941018767,1
clip_vitb32,celeba,groupdro_ll,0,mondrian,APS,0.95,5,3,0.9004933051444679,0.9054263565891473,7095,0.9061662198391421,373,0.9222520107238605,373,0.9004933051444679,7095,0.9004933051444679,3
clip_vitb32,celeba,groupdro_ll,0,mondrian,APS,0.95,6,1,0.8900804289544236,0.9014799154334038,7095,0.8900804289544236,373,0.8954423592493298,373,0.9150105708245243,7095,0.8900804289544236,1
clip_vitb32,celeba,groupdro_ll,0,mondrian,APS,0.95,7,3,0.8731501057082452,0.8988019732205779,7095,0.8766756032171582,373,0.938337801608579,373,0.8731501057082452,7095,0.8731501057082452,3
clip_vitb32,celeba,groupdro_ll,0,mondrian,APS,0.95,8,2,0.8981233243967829,0.9010570824524313,7095,0.9195710455764075,373,0.8981233243967829,373,0.9017618040873855,7095,0.8981233243967829,2
clip_vitb32,celeba,groupdro_ll,0,mondrian,APS,0.95,9,2,0.868632707774799,0.8916138125440451,7095,0.9302949061662198,373,0.868632707774799,373,0.874277660324172,7095,0.868632707774799,2
clip_vitb32,celeba,groupdro_ll,1,marginal_split,APS,0.95,0,1,0.8739946380697051,0.8825933756166314,7095,0.8739946380697051,373,0.8981233243967829,373,0.9159971811134602,7095,0.8739946380697051,1
clip_vitb32,celeba,groupdro_ll,1,marginal_split,APS,0.95,1,0,0.8892177589852008,0.8892177589852008,7095,0.9195710455764075,373,0.9061662198391421,373,0.9322057787174066,7095,0.8892177589852008,0
clip_vitb32,celeba,groupdro_ll,1,marginal_split,APS,0.95,2,0,0.893446088794926,0.893446088794926,7095,0.9142091152815014,373,0.9249329758713136,373,0.935447498238196,7095,0.893446088794926,0
clip_vitb32,celeba,groupdro_ll,1,marginal_split,APS,0.95,3,0,0.8828752642706131,0.8828752642706131,7095,0.9168900804289544,373,0.9249329758713136,373,0.9120507399577167,7095,0.8828752642706131,0
clip_vitb32,celeba,groupdro_ll,1,marginal_split,APS,0.95,4,0,0.8817477096546864,0.8817477096546864,7095,0.900804289544236,373,0.9276139410187667,373,0.9183932346723045,7095,0.8817477096546864,0
clip_vitb32,celeba,groupdro_ll,1,marginal_split,APS,0.95,5,0,0.8841437632135306,0.8841437632135306,7095,0.9061662198391421,373,0.9222520107238605,373,0.9126145172656801,7095,0.8841437632135306,0
clip_vitb32,celeba,groupdro_ll,1,marginal_split,APS,0.95,6,1,0.8739946380697051,0.8876673713883017,7095,0.8739946380697051,373,0.9142091152815014,373,0.9238900634249472,7095,0.8739946380697051,1
clip_vitb32,celeba,groupdro_ll,1,marginal_split,APS,0.95,7,0,0.8739957716701903,0.8739957716701903,7095,0.8847184986595175,373,0.9410187667560321,373,0.8962649753347428,7095,0.8739957716701903,0
clip_vitb32,celeba,groupdro_ll,1,marginal_split,APS,0.95,8,0,0.8852713178294573,0.8852713178294573,7095,0.9115281501340483,373,0.9249329758713136,373,0.9174066243833686,7095,0.8852713178294573,0
clip_vitb32,celeba,groupdro_ll,1,marginal_split,APS,0.95,9,0,0.873431994362227,0.873431994362227,7095,0.8793565683646113,373,0.900804289544236,373,0.8944326990838619,7095,0.873431994362227,0
clip_vitb32,celeba,groupdro_ll,1,mondrian,APS,0.95,0,1,0.8847184986595175,0.8910500352360817,7095,0.8847184986595175,373,0.8873994638069705,373,0.9031712473572938,7095,0.8847184986595175,1
clip_vitb32,celeba,groupdro_ll,1,mondrian,APS,0.95,1,2,0.8873994638069705,0.8937279774489076,7095,0.9329758713136729,373,0.8873994638069705,373,0.9288231148696265,7095,0.8873994638069705,2
clip_vitb32,celeba,groupdro_ll,1,mondrian,APS,0.95,2,2,0.8659517426273459,0.9007751937984496,7095,0.9115281501340483,373,0.8659517426273459,373,0.931782945736434,7095,0.8659517426273459,2
clip_vitb32,celeba,groupdro_ll,1,mondrian,APS,0.95,3,2,0.8739946380697051,0.896969696969697,7095,0.9329758713136729,373,0.8739946380697051,373,0.8923185341789993,7095,0.8739946380697051,2
clip_vitb32,celeba,groupdro_ll,1,mondrian,APS,0.95,4,1,0.8927613941018767,0.8973925299506695,7095,0.8927613941018767,373,0.9061662198391421,373,0.9072586328400282,7095,0.8927613941018767,1
clip_vitb32,celeba,groupdro_ll,1,mondrian,APS,0.95,5,3,0.9002114164904863,0.9042988019732205,7095,0.9061662198391421,373,0.9222520107238605,373,0.9002114164904863,7095,0.9002114164904863,3
clip_vitb32,celeba,groupdro_ll,1,mondrian,APS,0.95,6,1,0.8873994638069705,0.9011980267794222,7095,0.8873994638069705,373,0.8981233243967829,373,0.9137420718816067,7095,0.8873994638069705,1
clip_vitb32,celeba,groupdro_ll,1,mondrian,APS,0.95,7,3,0.8728682170542635,0.8983791402396053,7095,0.8739946380697051,373,0.938337801608579,373,0.8728682170542635,7095,0.8728682170542635,3
clip_vitb32,celeba,groupdro_ll,1,mondrian,APS,0.95,8,2,0.8954423592493298,0.9017618040873855,7095,0.9168900804289544,373,0.8954423592493298,373,0.9052854122621564,7095,0.8954423592493298,2
clip_vitb32,celeba,groupdro_ll,1,mondrian,APS,0.95,9,3,0.8710359408033826,0.8911909795630726,7095,0.9302949061662198,373,0.871313672922252,373,0.8710359408033826,7095,0.8710359408033826,3
clip_vitb32,celeba,groupdro_ll,2,marginal_split,APS,0.95,0,1,0.8739946380697051,0.8823114869626497,7095,0.8739946380697051,373,0.8981233243967829,373,0.9141649048625793,7095,0.8739946380697051,1
clip_vitb32,celeba,groupdro_ll,2,marginal_split,APS,0.95,1,0,0.8892177589852008,0.8892177589852008,7095,0.9195710455764075,373,0.9061662198391421,373,0.9302325581395349,7095,0.8892177589852008,0
clip_vitb32,celeba,groupdro_ll,2,marginal_split,APS,0.95,2,0,0.893446088794926,0.893446088794926,7095,0.9115281501340483,373,0.9249329758713136,373,0.9336152219873151,7095,0.893446088794926,0
clip_vitb32,celeba,groupdro_ll,2,marginal_split,APS,0.95,3,0,0.884707540521494,0.884707540521494,7095,0.9222520107238605,373,0.9276139410187667,373,0.9133192389006343,7095,0.884707540521494,0
clip_vitb32,celeba,groupdro_ll,2,marginal_split,APS,0.95,4,0,0.8821705426356589,0.8821705426356589,7095,0.903485254691689,373,0.9276139410187667,373,0.919661733615222,7095,0.8821705426356589,0
clip_vitb32,celeba,groupdro_ll,2,marginal_split,APS,0.95,5,0,0.8837209302325582,0.8837209302325582,7095,0.9088471849865952,373,0.9222520107238605,373,0.9128964059196617,7095,0.8837209302325582,0
clip_vitb32,celeba,groupdro_ll,2,marginal_split,APS,0.95,6,1,0.8766756032171582,0.8880902043692741,7095,0.8766756032171582,373,0.9142091152815014,373,0.924031007751938,7095,0.8766756032171582,1
clip_vitb32,celeba,groupdro_ll,2,marginal_split,APS,0.95,7,0,0.8748414376321353,0.8748414376321353,7095,0.8847184986595175,373,0.9410187667560321,373,0.8973925299506695,7095,0.8748414376321353,0
clip_vitb32,celeba,groupdro_ll,2,marginal_split,APS,0.95,8,0,0.8854122621564482,0.8854122621564482,7095,0.9168900804289544,373,0.9249329758713136,373,0.9164200140944327,7095,0.8854122621564482,0
clip_vitb32,celeba,groupdro_ll,2,marginal_split,APS,0.95,9,0,0.875123326286117,0.875123326286117,7095,0.8820375335120644,373,0.903485254691689,373,0.896124031007752,7095,0.875123326286117,0
clip_vitb32,celeba,groupdro_ll,2,mondrian,APS,0.95,0,2,0.8820375335120644,0.8913319238900634,7095,0.8900804289544236,373,0.8820375335120644,373,0.9017618040873855,7095,0.8820375335120644,2
clip_vitb32,celeba,groupdro_ll,2,mondrian,APS,0.95,1,2,0.8900804289544236,0.8942917547568711,7095,0.935656836461126,373,0.8900804289544236,373,0.9268498942917548,7095,0.8900804289544236,2
clip_vitb32,celeba,groupdro_ll,2,mondrian,APS,0.95,2,2,0.8659517426273459,0.9011980267794222,7095,0.9115281501340483,373,0.8659517426273459,373,0.9302325581395349,7095,0.8659517426273459,2
clip_vitb32,celeba,groupdro_ll,2,mondrian,APS,0.95,3,2,0.871313672922252,0.8966878083157153,7095,0.9329758713136729,373,0.871313672922252,373,0.8971106412966878,7095,0.871313672922252,2
clip_vitb32,celeba,groupdro_ll,2,mondrian,APS,0.95,4,1,0.8927613941018767,0.8975334742776603,7095,0.8927613941018767,373,0.9061662198391421,373,0.9083861874559549,7095,0.8927613941018767,1
clip_vitb32,celeba,groupdro_ll,2,mondrian,APS,0.95,5,3,0.9000704721634954,0.9035940803382664,7095,0.9088471849865952,373,0.9222520107238605,373,0.9000704721634954,7095,0.9000704721634954,3
clip_vitb32,celeba,groupdro_ll,2,mondrian,APS,0.95,6,1,0.8927613941018767,0.9014799154334038,7095,0.8927613941018767,373,0.8981233243967829,373,0.9157152924594785,7095,0.8927613941018767,1
clip_vitb32,celeba,groupdro_ll,2,mondrian,APS,0.95,7,1,0.8739946380697051,0.8982381959126146,7095,0.8739946380697051,373,0.938337801608579,373,0.8748414376321353,7095,0.8739946380697051,1
clip_vitb32,celeba,groupdro_ll,2,mondrian,APS,0.95,8,2,0.8981233243967829,0.9007751937984496,7095,0.9195710455764075,373,0.8981233243967829,373,0.9037350246652572,7095,0.8981233243967829,2
clip_vitb32,celeba,groupdro_ll,2,mondrian,APS,0.95,9,2,0.868632707774799,0.8909090909090909,7095,0.9276139410187667,373,0.868632707774799,373,0.8738548273431994,7095,0.868632707774799,2
clip_vitb32,celeba,balanced_subsample,0,marginal_split,APS,0.95,0,1,0.8739946380697051,0.8820295983086681,7095,0.8739946380697051,373,0.8981233243967829,373,0.9130373502466526,7095,0.8739946380697051,1
clip_vitb32,celeba,balanced_subsample,0,marginal_split,APS,0.95,1,0,0.8821705426356589,0.8821705426356589,7095,0.9115281501340483,373,0.9061662198391421,373,0.9147286821705426,7095,0.8821705426356589,0
clip_vitb32,celeba,balanced_subsample,0,marginal_split,APS,0.95,2,0,0.8906272022551093,0.8906272022551093,7095,0.9142091152815014,373,0.9249329758713136,373,0.9281183932346723,7095,0.8906272022551093,0
clip_vitb32,celeba,balanced_subsample,0,marginal_split,APS,0.95,3,0,0.8832980972515856,0.8832980972515856,7095,0.9222520107238605,373,0.9249329758713136,373,0.9219168428470754,7095,0.8832980972515856,0
clip_vitb32,celeba,balanced_subsample,0,marginal_split,APS,0.95,4,0,0.8825933756166314,0.8825933756166314,7095,0.8900804289544236,373,0.9249329758713136,373,0.9105003523608175,7095,0.8825933756166314,0
clip_vitb32,celeba,balanced_subsample,0,marginal_split,APS,0.95,5,0,0.8903453136011276,0.8903453136011276,7095,0.8954423592493298,373,0.9276139410187667,373,0.9237491190979563,7095,0.8903453136011276,0
clip_vitb32,celeba,balanced_subsample,0,marginal_split,APS,0.95,6,1,0.8605898123324397,0.8866807610993658,7095,0.8605898123324397,373,0.9061662198391421,373,0.9085271317829458,7095,0.8605898123324397,1
clip_vitb32,celeba,balanced_subsample,0,marginal_split,APS,0.95,7,0,0.8786469344608879,0.8786469344608879,7095,0.8927613941018767,373,0.9276139410187667,373,0.8858350951374208,7095,0.8786469344608879,0
clip_vitb32,celeba,balanced_subsample,0,marginal_split,APS,0.95,8,0,0.8799154334038055,0.8799154334038055,7095,0.9088471849865952,373,0.9195710455764075,373,0.904862579281184,7095,0.8799154334038055,0
clip_vitb32,celeba,balanced_subsample,0,marginal_split,APS,0.95,9,1,0.868632707774799,0.8779422128259338,7095,0.868632707774799,373,0.8873994638069705,373,0.8964059196617337,7095,0.868632707774799,1
clip_vitb32,celeba,balanced_subsample,0,mondrian,APS,0.95,0,2,0.8579088471849866,0.8918957011980267,7095,0.8900804289544236,373,0.8579088471849866,373,0.9033121916842847,7095,0.8579088471849866,2
clip_vitb32,celeba,balanced_subsample,0,mondrian,APS,0.95,1,2,0.8900804289544236,0.8904862579281184,7095,0.9436997319034852,373,0.8900804289544236,373,0.9068357998590557,7095,0.8900804289544236,2
clip_vitb32,celeba,balanced_subsample,0,mondrian,APS,0.95,2,2,0.8900804289544236,0.8997885835095137,7095,0.9195710455764075,373,0.8900804289544236,373,0.9199436222692037,7095,0.8900804289544236,2
clip_vitb32,celeba,balanced_subsample,0,mondrian,APS,0.95,3,2,0.8873994638069705,0.8955602536997885,7095,0.935656836461126,373,0.8873994638069705,373,0.9128964059196617,7095,0.8873994638069705,2
clip_vitb32,celeba,balanced_subsample,0,mondrian,APS,0.95,4,1,0.8900804289544236,0.8972515856236787,7095,0.8900804289544236,373,0.8981233243967829,373,0.8976744186046511,7095,0.8900804289544236,1
clip_vitb32,celeba,balanced_subsample,0,mondrian,APS,0.95,5,1,0.8873994638069705,0.9044397463002114,7095,0.8873994638069705,373,0.9088471849865952,373,0.9123326286116984,7095,0.8873994638069705,1
clip_vitb32,celeba,balanced_subsample,0,mondrian,APS,0.95,6,1,0.8793565683646113,0.9031712473572938,7095,0.8793565683646113,373,0.903485254691689,373,0.896124031007752,7095,0.8793565683646113,1
clip_vitb32,celeba,balanced_subsample,0,mondrian,APS,0.95,7,3,0.8662438336856941,0.9011980267794222,7095,0.8927613941018767,373,0.903485254691689,373,0.8662438336856941,7095,0.8662438336856941,3
clip_vitb32,celeba,balanced_subsample,0,mondrian,APS,0.95,8,3,0.8883720930232558,0.8988019732205779,7095,0.9276139410187667,373,0.9115281501340483,373,0.8883720930232558,7095,0.8883720930232558,3
clip_vitb32,celeba,balanced_subsample,0,mondrian,APS,0.95,9,2,0.8632707774798928,0.896969696969697,7095,0.938337801608579,373,0.8632707774798928,373,0.8825933756166314,7095,0.8632707774798928,2
clip_vitb32,celeba,balanced_subsample,1,marginal_split,APS,0.95,0,1,0.8847184986595175,0.8900634249471459,7095,0.8847184986595175,373,0.9061662198391421,373,0.918816067653277,7095,0.8847184986595175,1
clip_vitb32,celeba,balanced_subsample,1,marginal_split,APS,0.95,1,0,0.8904862579281184,0.8904862579281184,7095,0.935656836461126,373,0.9249329758713136,373,0.9230443974630022,7095,0.8904862579281184,0
clip_vitb32,celeba,balanced_subsample,1,marginal_split,APS,0.95,2,0,0.9089499647639182,0.9089499647639182,7095,0.9222520107238605,373,0.9276139410187667,373,0.9451726568005637,7095,0.9089499647639182,0
clip_vitb32,celeba,balanced_subsample,1,marginal_split,APS,0.95,3,0,0.8831571529245947,0.8831571529245947,7095,0.9195710455764075,373,0.9168900804289544,373,0.9085271317829458,7095,0.8831571529245947,0
clip_vitb32,celeba,balanced_subsample,1,marginal_split,APS,0.95,4,0,0.8834390415785764,0.8834390415785764,7095,0.9195710455764075,373,0.9142091152815014,373,0.9079633544749823,7095,0.8834390415785764,0
clip_vitb32,celeba,balanced_subsample,1,marginal_split,APS,0.95,5,0,0.8858350951374208,0.8858350951374208,7095,0.8927613941018767,373,0.9276139410187667,373,0.8948555320648344,7095,0.8858350951374208,0
clip_vitb32,celeba,balanced_subsample,1,marginal_split,APS,0.95,6,0,0.8858350951374208,0.8858350951374208,7095,0.8900804289544236,373,0.9061662198391421,373,0.9071176885130373,7095,0.8858350951374208,0
clip_vitb32,celeba,balanced_subsample,1,marginal_split,APS,0.95,7,0,0.8834390415785764,0.8834390415785764,7095,0.9115281501340483,373,0.9463806970509383,373,0.921353065539112,7095,0.8834390415785764,0
clip_vitb32,celeba,balanced_subsample,1,marginal_split,APS,0.95,8,0,0.8824524312896406,0.8824524312896406,7095,0.9142091152815014,373,0.9142091152815014,373,0.911768851303735,7095,0.8824524312896406,0
clip_vitb32,celeba,balanced_subsample,1,marginal_split,APS,0.95,9,0,0.8778012684989429,0.8778012684989429,7095,0.8793565683646113,373,0.9088471849865952,373,0.9069767441860465,7095,0.8778012684989429,0
clip_vitb32,celeba,balanced_subsample,1,mondrian,APS,0.95,0,1,0.8900804289544236,0.8914728682170543,7095,0.8900804289544236,373,0.8927613941018767,373,0.916983791402396,7095,0.8900804289544236,1
clip_vitb32,celeba,balanced_subsample,1,mondrian,APS,0.95,1,0,0.8973925299506695,0.8973925299506695,7095,0.9463806970509383,373,0.9142091152815014,373,0.9178294573643411,7095,0.8973925299506695,0
clip_vitb32,celeba,balanced_subsample,1,mondrian,APS,0.95,2,2,0.8793565683646113,0.9093727977448908,7095,0.9222520107238605,373,0.8793565683646113,373,0.945877378435518,7095,0.8793565683646113,2
clip_vitb32,celeba,balanced_subsample,1,mondrian,APS,0.95,3,2,0.8739946380697051,0.8979563072586328,7095,0.9302949061662198,373,0.8739946380697051,373,0.889922480620155,7095,0.8739946380697051,2
clip_vitb32,celeba,balanced_subsample,1,mondrian,APS,0.95,4,0,0.8975334742776603,0.8975334742776603,7095,0.903485254691689,373,0.9115281501340483,373,0.8992248062015504,7095,0.8975334742776603,0
clip_vitb32,celeba,balanced_subsample,1,mondrian,APS,0.95,5,3,0.8783650458069062,0.9033121916842847,7095,0.8873994638069705,373,0.9276139410187667,373,0.8783650458069062,7095,0.8783650458069062,3
clip_vitb32,celeba,balanced_subsample,1,mondrian,APS,0.95,6,2,0.8927613941018767,0.899506694855532,7095,0.900804289544236,373,0.8927613941018767,373,0.8968287526427061,7095,0.8927613941018767,2
clip_vitb32,celeba,balanced_subsample,1,mondrian,APS,0.95,7,0,0.8930232558139535,0.8930232558139535,7095,0.903485254691689,373,0.9195710455764075,373,0.9164200140944327,7095,0.8930232558139535,0
clip_vitb32,celeba,balanced_subsample,1,mondrian,APS,0.95,8,0,0.8938689217758985,0.8938689217758985,7095,0.9222520107238605,373,0.903485254691689,373,0.8955602536997885,7095,0.8938689217758985,0
clip_vitb32,celeba,balanced_subsample,1,mondrian,APS,0.95,9,2,0.8847184986595175,0.88907681465821,7095,0.9302949061662198,373,0.8847184986595175,373,0.8983791402396053,7095,0.8847184986595175,2
clip_vitb32,celeba,balanced_subsample,2,marginal_split,APS,0.95,0,1,0.8739946380697051,0.8778012684989429,7095,0.8739946380697051,373,0.8954423592493298,373,0.9198026779422128,7095,0.8739946380697051,1
clip_vitb32,celeba,balanced_subsample,2,marginal_split,APS,0.95,1,0,0.8875264270613108,0.8875264270613108,7095,0.9302949061662198,373,0.8954423592493298,373,0.9471458773784355,7095,0.8875264270613108,0
clip_vitb32,celeba,balanced_subsample,2,marginal_split,APS,0.95,2,0,0.8876673713883017,0.8876673713883017,7095,0.8981233243967829,373,0.9195710455764075,373,0.9427766032417195,7095,0.8876673713883017,0
clip_vitb32,celeba,balanced_subsample,2,marginal_split,APS,0.95,3,0,0.8741367159971811,0.8741367159971811,7095,0.8847184986595175,373,0.9222520107238605,373,0.9219168428470754,7095,0.8741367159971811,0
clip_vitb32,celeba,balanced_subsample,2,marginal_split,APS,0.95,4,0,0.8765327695560253,0.8765327695560253,7095,0.900804289544236,373,0.9302949061662198,373,0.9265680056377731,7095,0.8765327695560253,0
clip_vitb32,celeba,balanced_subsample,2,marginal_split,APS,0.95,5,1,0.868632707774799,0.8816067653276956,7095,0.868632707774799,373,0.9329758713136729,373,0.9189570119802678,7095,0.868632707774799,1
clip_vitb32,celeba,balanced_subsample,2,marginal_split,APS,0.95,6,1,0.8364611260053619,0.8824524312896406,7095,0.8364611260053619,373,0.903485254691689,373,0.9261451726568005,7095,0.8364611260053619,1
clip_vitb32,celeba,balanced_subsample,2,marginal_split,APS,0.95,7,0,0.868076109936575,0.868076109936575,7095,0.8981233243967829,373,0.938337801608579,373,0.9141649048625793,7095,0.868076109936575,0
clip_vitb32,celeba,balanced_subsample,2,marginal_split,APS,0.95,8,0,0.8835799859055673,0.8835799859055673,7095,0.8927613941018767,373,0.9222520107238605,373,0.9344608879492601,7095,0.8835799859055673,0
clip_vitb32,celeba,balanced_subsample,2,marginal_split,APS,0.95,9,1,0.8498659517426274,0.8625792811839323,7095,0.8498659517426274,373,0.8927613941018767,373,0.9017618040873855,7095,0.8498659517426274,1
clip_vitb32,celeba,balanced_subsample,2,mondrian,APS,0.95,0,1,0.8900804289544236,0.8948555320648344,7095,0.8900804289544236,373,0.8954423592493298,373,0.9051444679351656,7095,0.8900804289544236,1
clip_vitb32,celeba,balanced_subsample,2,mondrian,APS,0.95,1,2,0.8927613941018767,0.8954193093727978,7095,0.9597855227882037,373,0.8927613941018767,373,0.9364341085271318,7095,0.8927613941018767,2
clip_vitb32,celeba,balanced_subsample,2,mondrian,APS,0.95,2,2,0.8766756032171582,0.9013389711064129,7095,0.9222520107238605,373,0.8766756032171582,373,0.9315010570824525,7095,0.8766756032171582,2
clip_vitb32,celeba,balanced_subsample,2,mondrian,APS,0.95,3,0,0.8962649753347428,0.8962649753347428,7095,0.9222520107238605,373,0.9088471849865952,373,0.8980972515856237,7095,0.8962649753347428,0
clip_vitb32,celeba,balanced_subsample,2,mondrian,APS,0.95,4,0,0.897815362931642,0.897815362931642,7095,0.9142091152815014,373,0.9168900804289544,373,0.9140239605355884,7095,0.897815362931642,0
clip_vitb32,celeba,balanced_subsample,2,mondrian,APS,0.95,5,1,0.8820375335120644,0.9035940803382664,7095,0.8820375335120644,373,0.9329758713136729,373,0.8955602536997885,7095,0.8820375335120644,1
clip_vitb32,celeba,balanced_subsample,2,mondrian,APS,0.95,6,1,0.8632707774798928,0.8989429175475687,7095,0.8632707774798928,373,0.900804289544236,373,0.9112050739957717,7095,0.8632707774798928,1
clip_vitb32,celeba,balanced_subsample,2,mondrian,APS,0.95,7,3,0.8923185341789993,0.8964059196617337,7095,0.9142091152815014,373,0.9302949061662198,373,0.8923185341789993,7095,0.8923185341789993,3
clip_vitb32,celeba,balanced_subsample,2,mondrian,APS,0.95,8,0,0.9028893587033122,0.9028893587033122,7095,0.9168900804289544,373,0.9195710455764075,373,0.9150105708245243,7095,0.9028893587033122,0
clip_vitb32,celeba,balanced_subsample,2,mondrian,APS,0.95,9,3,0.8770965468639887,0.8868217054263566,7095,0.900804289544236,373,0.9222520107238605,373,0.8770965468639887,7095,0.8770965468639887,3
dinov2_vitb14,celeba,erm,0,marginal_split,APS,0.95,0,3,0.8355179704016913,0.9943622269203665,7095,0.9973190348525469,373,0.9865951742627346,373,0.8355179704016913,7095,0.8355179704016913,3
dinov2_vitb14,celeba,erm,0,marginal_split,APS,0.95,1,3,0.8451021846370683,0.993798449612403,7095,0.9973190348525469,373,0.9865951742627346,373,0.8451021846370683,7095,0.8451021846370683,3
dinov2_vitb14,celeba,erm,0,marginal_split,APS,0.95,2,3,0.7840732910500352,0.992107117688513,7095,0.9946380697050938,373,0.9839142091152815,373,0.7840732910500352,7095,0.7840732910500352,3
dinov2_vitb14,celeba,erm,0,marginal_split,APS,0.95,3,3,0.8273431994362227,0.991261451726568,7095,0.9919571045576407,373,0.9973190348525469,373,0.8273431994362227,7095,0.8273431994362227,3
dinov2_vitb14,celeba,erm,0,marginal_split,APS,0.95,4,3,0.8059196617336152,0.9916842847075406,7095,0.9919571045576407,373,0.9839142091152815,373,0.8059196617336152,7095,0.8059196617336152,3
dinov2_vitb14,celeba,erm,0,marginal_split,APS,0.95,5,3,0.7307963354474982,0.9911205073995771,7095,0.9839142091152815,373,0.9865951742627346,373,0.7307963354474982,7095,0.7307963354474982,3
dinov2_vitb14,celeba,erm,0,marginal_split,APS,0.95,6,3,0.8493305144467935,0.992952783650458,7095,0.9946380697050938,373,0.9865951742627346,373,0.8493305144467935,7095,0.8493305144467935,3
dinov2_vitb14,celeba,erm,0,marginal_split,APS,0.95,7,3,0.8062015503875969,0.9915433403805497,7095,0.9946380697050938,373,0.9919571045576407,373,0.8062015503875969,7095,0.8062015503875969,3
dinov2_vitb14,celeba,erm,0,marginal_split,APS,0.95,8,3,0.8706131078224102,0.9946441155743482,7095,1.0,373,0.9812332439678284,373,0.8706131078224102,7095,0.8706131078224102,3
dinov2_vitb14,celeba,erm,0,marginal_split,APS,0.95,9,3,0.7771670190274842,0.9911205073995771,7095,0.9919571045576407,373,0.9812332439678284,373,0.7771670190274842,7095,0.7771670190274842,3
dinov2_vitb14,celeba,erm,0,mondrian,APS,0.95,0,2,0.8954423592493298,0.898661028893587,7095,0.9142091152815014,373,0.8954423592493298,373,0.930937279774489,7095,0.8954423592493298,2
dinov2_vitb14,celeba,erm,0,mondrian,APS,0.95,1,2,0.8873994638069705,0.8989429175475687,7095,0.938337801608579,373,0.8873994638069705,373,0.9378435517970402,7095,0.8873994638069705,2
dinov2_vitb14,celeba,erm,0,mondrian,APS,0.95,2,3,0.8903453136011276,0.9004933051444679,7095,0.9249329758713136,373,0.900804289544236,373,0.8903453136011276,7095,0.8903453136011276,3
dinov2_vitb14,celeba,erm,0,mondrian,APS,0.95,3,2,0.8954423592493298,0.8993657505285412,7095,0.9115281501340483,373,0.8954423592493298,373,0.918816067653277,7095,0.8954423592493298,2
dinov2_vitb14,celeba,erm,0,mondrian,APS,0.95,4,1,0.8900804289544236,0.892600422832981,7095,0.8900804289544236,373,0.903485254691689,373,0.8924594785059902,7095,0.8900804289544236,1
dinov2_vitb14,celeba,erm,0,mondrian,APS,0.95,5,3,0.862861169837914,0.9034531360112755,7095,0.900804289544236,373,0.903485254691689,373,0.862861169837914,7095,0.862861169837914,3
dinov2_vitb14,celeba,erm,0,mondrian,APS,0.95,6,1,0.8847184986595175,0.9024665257223397,7095,0.8847184986595175,373,0.9061662198391421,373,0.9327695560253699,7095,0.8847184986595175,1
dinov2_vitb14,celeba,erm,0,mondrian,APS,0.95,7,1,0.8793565683646113,0.8990838618745596,7095,0.8793565683646113,373,0.9302949061662198,373,0.8858350951374208,7095,0.8793565683646113,1
dinov2_vitb14,celeba,erm,0,mondrian,APS,0.95,8,1,0.8981233243967829,0.9006342494714588,7095,0.8981233243967829,373,0.900804289544236,373,0.9353065539112051,7095,0.8981233243967829,1
dinov2_vitb14,celeba,erm,0,mondrian,APS,0.95,9,3,0.8645525017618041,0.8954193093727978,7095,0.8981233243967829,373,0.9276139410187667,373,0.8645525017618041,7095,0.8645525017618041,3
dinov2_vitb14,celeba,erm,1,marginal_split,APS,0.95,0,3,0.8355179704016913,0.9943622269203665,7095,0.9973190348525469,373,0.9865951742627346,373,0.8355179704016913,7095,0.8355179704016913,3
dinov2_vitb14,celeba,erm,1,marginal_split,APS,0.95,1,3,0.8451021846370683,0.993798449612403,7095,0.9973190348525469,373,0.9865951742627346,373,0.8451021846370683,7095,0.8451021846370683,3
dinov2_vitb14,celeba,erm,1,marginal_split,APS,0.95,2,3,0.7840732910500352,0.992107117688513,7095,0.9946380697050938,373,0.9839142091152815,373,0.7840732910500352,7095,0.7840732910500352,3
dinov2_vitb14,celeba,erm,1,marginal_split,APS,0.95,3,3,0.8273431994362227,0.991261451726568,7095,0.9919571045576407,373,0.9973190348525469,373,0.8273431994362227,7095,0.8273431994362227,3
dinov2_vitb14,celeba,erm,1,marginal_split,APS,0.95,4,3,0.8059196617336152,0.9916842847075406,7095,0.9919571045576407,373,0.9839142091152815,373,0.8059196617336152,7095,0.8059196617336152,3
dinov2_vitb14,celeba,erm,1,marginal_split,APS,0.95,5,3,0.7307963354474982,0.9911205073995771,7095,0.9839142091152815,373,0.9865951742627346,373,0.7307963354474982,7095,0.7307963354474982,3
dinov2_vitb14,celeba,erm,1,marginal_split,APS,0.95,6,3,0.8493305144467935,0.992952783650458,7095,0.9946380697050938,373,0.9865951742627346,373,0.8493305144467935,7095,0.8493305144467935,3
dinov2_vitb14,celeba,erm,1,marginal_split,APS,0.95,7,3,0.8062015503875969,0.9915433403805497,7095,0.9946380697050938,373,0.9919571045576407,373,0.8062015503875969,7095,0.8062015503875969,3
dinov2_vitb14,celeba,erm,1,marginal_split,APS,0.95,8,3,0.8706131078224102,0.9946441155743482,7095,1.0,373,0.9812332439678284,373,0.8706131078224102,7095,0.8706131078224102,3
dinov2_vitb14,celeba,erm,1,marginal_split,APS,0.95,9,3,0.7771670190274842,0.9911205073995771,7095,0.9919571045576407,373,0.9812332439678284,373,0.7771670190274842,7095,0.7771670190274842,3
dinov2_vitb14,celeba,erm,1,mondrian,APS,0.95,0,2,0.8954423592493298,0.898661028893587,7095,0.9142091152815014,373,0.8954423592493298,373,0.930937279774489,7095,0.8954423592493298,2
dinov2_vitb14,celeba,erm,1,mondrian,APS,0.95,1,2,0.8873994638069705,0.8989429175475687,7095,0.938337801608579,373,0.8873994638069705,373,0.9378435517970402,7095,0.8873994638069705,2
dinov2_vitb14,celeba,erm,1,mondrian,APS,0.95,2,3,0.8903453136011276,0.9004933051444679,7095,0.9249329758713136,373,0.900804289544236,373,0.8903453136011276,7095,0.8903453136011276,3
dinov2_vitb14,celeba,erm,1,mondrian,APS,0.95,3,2,0.8954423592493298,0.8993657505285412,7095,0.9115281501340483,373,0.8954423592493298,373,0.918816067653277,7095,0.8954423592493298,2
dinov2_vitb14,celeba,erm,1,mondrian,APS,0.95,4,1,0.8900804289544236,0.892600422832981,7095,0.8900804289544236,373,0.903485254691689,373,0.8924594785059902,7095,0.8900804289544236,1
dinov2_vitb14,celeba,erm,1,mondrian,APS,0.95,5,3,0.862861169837914,0.9034531360112755,7095,0.900804289544236,373,0.903485254691689,373,0.862861169837914,7095,0.862861169837914,3
dinov2_vitb14,celeba,erm,1,mondrian,APS,0.95,6,1,0.8847184986595175,0.9024665257223397,7095,0.8847184986595175,373,0.9061662198391421,373,0.9327695560253699,7095,0.8847184986595175,1
dinov2_vitb14,celeba,erm,1,mondrian,APS,0.95,7,1,0.8793565683646113,0.8990838618745596,7095,0.8793565683646113,373,0.9302949061662198,373,0.8858350951374208,7095,0.8793565683646113,1
dinov2_vitb14,celeba,erm,1,mondrian,APS,0.95,8,1,0.8981233243967829,0.9006342494714588,7095,0.8981233243967829,373,0.900804289544236,373,0.9353065539112051,7095,0.8981233243967829,1
dinov2_vitb14,celeba,erm,1,mondrian,APS,0.95,9,3,0.8645525017618041,0.8954193093727978,7095,0.8981233243967829,373,0.9276139410187667,373,0.8645525017618041,7095,0.8645525017618041,3
dinov2_vitb14,celeba,erm,2,marginal_split,APS,0.95,0,3,0.8355179704016913,0.9943622269203665,7095,0.9973190348525469,373,0.9865951742627346,373,0.8355179704016913,7095,0.8355179704016913,3
dinov2_vitb14,celeba,erm,2,marginal_split,APS,0.95,1,3,0.8451021846370683,0.993798449612403,7095,0.9973190348525469,373,0.9865951742627346,373,0.8451021846370683,7095,0.8451021846370683,3
dinov2_vitb14,celeba,erm,2,marginal_split,APS,0.95,2,3,0.7840732910500352,0.992107117688513,7095,0.9946380697050938,373,0.9839142091152815,373,0.7840732910500352,7095,0.7840732910500352,3
dinov2_vitb14,celeba,erm,2,marginal_split,APS,0.95,3,3,0.8273431994362227,0.991261451726568,7095,0.9919571045576407,373,0.9973190348525469,373,0.8273431994362227,7095,0.8273431994362227,3
dinov2_vitb14,celeba,erm,2,marginal_split,APS,0.95,4,3,0.8059196617336152,0.9916842847075406,7095,0.9919571045576407,373,0.9839142091152815,373,0.8059196617336152,7095,0.8059196617336152,3
dinov2_vitb14,celeba,erm,2,marginal_split,APS,0.95,5,3,0.7307963354474982,0.9911205073995771,7095,0.9839142091152815,373,0.9865951742627346,373,0.7307963354474982,7095,0.7307963354474982,3
dinov2_vitb14,celeba,erm,2,marginal_split,APS,0.95,6,3,0.8493305144467935,0.992952783650458,7095,0.9946380697050938,373,0.9865951742627346,373,0.8493305144467935,7095,0.8493305144467935,3
dinov2_vitb14,celeba,erm,2,marginal_split,APS,0.95,7,3,0.8062015503875969,0.9915433403805497,7095,0.9946380697050938,373,0.9919571045576407,373,0.8062015503875969,7095,0.8062015503875969,3
dinov2_vitb14,celeba,erm,2,marginal_split,APS,0.95,8,3,0.8706131078224102,0.9946441155743482,7095,1.0,373,0.9812332439678284,373,0.8706131078224102,7095,0.8706131078224102,3
dinov2_vitb14,celeba,erm,2,marginal_split,APS,0.95,9,3,0.7771670190274842,0.9911205073995771,7095,0.9919571045576407,373,0.9812332439678284,373,0.7771670190274842,7095,0.7771670190274842,3
dinov2_vitb14,celeba,erm,2,mondrian,APS,0.95,0,2,0.8954423592493298,0.898661028893587,7095,0.9142091152815014,373,0.8954423592493298,373,0.930937279774489,7095,0.8954423592493298,2
dinov2_vitb14,celeba,erm,2,mondrian,APS,0.95,1,2,0.8873994638069705,0.8989429175475687,7095,0.938337801608579,373,0.8873994638069705,373,0.9378435517970402,7095,0.8873994638069705,2
dinov2_vitb14,celeba,erm,2,mondrian,APS,0.95,2,3,0.8903453136011276,0.9004933051444679,7095,0.9249329758713136,373,0.900804289544236,373,0.8903453136011276,7095,0.8903453136011276,3
dinov2_vitb14,celeba,erm,2,mondrian,APS,0.95,3,2,0.8954423592493298,0.8993657505285412,7095,0.9115281501340483,373,0.8954423592493298,373,0.918816067653277,7095,0.8954423592493298,2
dinov2_vitb14,celeba,erm,2,mondrian,APS,0.95,4,1,0.8900804289544236,0.892600422832981,7095,0.8900804289544236,373,0.903485254691689,373,0.8924594785059902,7095,0.8900804289544236,1
dinov2_vitb14,celeba,erm,2,mondrian,APS,0.95,5,3,0.862861169837914,0.9034531360112755,7095,0.900804289544236,373,0.903485254691689,373,0.862861169837914,7095,0.862861169837914,3
dinov2_vitb14,celeba,erm,2,mondrian,APS,0.95,6,1,0.8847184986595175,0.9024665257223397,7095,0.8847184986595175,373,0.9061662198391421,373,0.9327695560253699,7095,0.8847184986595175,1
dinov2_vitb14,celeba,erm,2,mondrian,APS,0.95,7,1,0.8793565683646113,0.8990838618745596,7095,0.8793565683646113,373,0.9302949061662198,373,0.8858350951374208,7095,0.8793565683646113,1
dinov2_vitb14,celeba,erm,2,mondrian,APS,0.95,8,1,0.8981233243967829,0.9006342494714588,7095,0.8981233243967829,373,0.900804289544236,373,0.9353065539112051,7095,0.8981233243967829,1
dinov2_vitb14,celeba,erm,2,mondrian,APS,0.95,9,3,0.8645525017618041,0.8954193093727978,7095,0.8981233243967829,373,0.9276139410187667,373,0.8645525017618041,7095,0.8645525017618041,3
dinov2_vitb14,celeba,dfr,0,marginal_split,APS,0.95,0,0,0.8825933756166314,0.8825933756166314,7095,0.8954423592493298,373,0.9410187667560321,373,0.9391120507399577,7095,0.8825933756166314,0
dinov2_vitb14,celeba,dfr,0,marginal_split,APS,0.95,1,0,0.8876673713883017,0.8876673713883017,7095,0.9222520107238605,373,0.9410187667560321,373,0.9141649048625793,7095,0.8876673713883017,0
dinov2_vitb14,celeba,dfr,0,marginal_split,APS,0.95,2,0,0.8799154334038055,0.8799154334038055,7095,0.903485254691689,373,0.9463806970509383,373,0.9219168428470754,7095,0.8799154334038055,0
dinov2_vitb14,celeba,dfr,0,marginal_split,APS,0.95,3,0,0.8735729386892177,0.8735729386892177,7095,0.900804289544236,373,0.9463806970509383,373,0.9123326286116984,7095,0.8735729386892177,0
dinov2_vitb14,celeba,dfr,0,marginal_split,APS,0.95,4,0,0.8835799859055673,0.8835799859055673,7095,0.9115281501340483,373,0.9329758713136729,373,0.9206483439041578,7095,0.8835799859055673,0
dinov2_vitb14,celeba,dfr,0,marginal_split,APS,0.95,5,0,0.8938689217758985,0.8938689217758985,7095,0.9061662198391421,373,0.9597855227882037,373,0.921353065539112,7095,0.8938689217758985,0
dinov2_vitb14,celeba,dfr,0,marginal_split,APS,0.95,6,1,0.8659517426273459,0.8907681465821,7095,0.8659517426273459,373,0.9410187667560321,373,0.9389711064129669,7095,0.8659517426273459,1
dinov2_vitb14,celeba,dfr,0,marginal_split,APS,0.95,7,0,0.8735729386892177,0.8735729386892177,7095,0.8820375335120644,373,0.9329758713136729,373,0.9230443974630022,7095,0.8735729386892177,0
dinov2_vitb14,celeba,dfr,0,marginal_split,APS,0.95,8,0,0.874277660324172,0.874277660324172,7095,0.903485254691689,373,0.9276139410187667,373,0.9151515151515152,7095,0.874277660324172,0
dinov2_vitb14,celeba,dfr,0,marginal_split,APS,0.95,9,1,0.8766756032171582,0.8804792107117688,7095,0.8766756032171582,373,0.9410187667560321,373,0.9116279069767442,7095,0.8766756032171582,1
dinov2_vitb14,celeba,dfr,0,mondrian,APS,0.95,0,0,0.8844256518675123,0.8844256518675123,7095,0.8927613941018767,373,0.8954423592493298,373,0.9398167723749119,7095,0.8844256518675123,0
dinov2_vitb14,celeba,dfr,0,mondrian,APS,0.95,1,0,0.9011980267794222,0.9011980267794222,7095,0.9463806970509383,373,0.9061662198391421,373,0.9017618040873855,7095,0.9011980267794222,0
dinov2_vitb14,celeba,dfr,0,mondrian,APS,0.95,2,2,0.8820375335120644,0.8913319238900634,7095,0.900804289544236,373,0.8820375335120644,373,0.9068357998590557,7095,0.8820375335120644,2
dinov2_vitb14,celeba,dfr,0,mondrian,APS,0.95,3,2,0.8605898123324397,0.8917547568710359,7095,0.9088471849865952,373,0.8605898123324397,373,0.8909090909090909,7095,0.8605898123324397,2
dinov2_vitb14,celeba,dfr,0,mondrian,APS,0.95,4,2,0.8793565683646113,0.9020436927413672,7095,0.8981233243967829,373,0.8793565683646113,373,0.904016913319239,7095,0.8793565683646113,2
dinov2_vitb14,celeba,dfr,0,mondrian,APS,0.95,5,1,0.8927613941018767,0.9120507399577167,7095,0.8927613941018767,373,0.9517426273458445,373,0.9100775193798449,7095,0.8927613941018767,1
dinov2_vitb14,celeba,dfr,0,mondrian,APS,0.95,6,1,0.8632707774798928,0.9006342494714588,7095,0.8632707774798928,373,0.9195710455764075,373,0.9307963354474983,7095,0.8632707774798928,1
dinov2_vitb14,celeba,dfr,0,mondrian,APS,0.95,7,1,0.8766756032171582,0.8862579281183932,7095,0.8766756032171582,373,0.8954423592493298,373,0.9158562367864693,7095,0.8766756032171582,1
dinov2_vitb14,celeba,dfr,0,mondrian,APS,0.95,8,2,0.8766756032171582,0.8916138125440451,7095,0.9222520107238605,373,0.8766756032171582,373,0.8997885835095137,7095,0.8766756032171582,2
dinov2_vitb14,celeba,dfr,0,mondrian,APS,0.95,9,0,0.8959830866807611,0.8959830866807611,7095,0.8981233243967829,373,0.9061662198391421,373,0.9011980267794222,7095,0.8959830866807611,0
dinov2_vitb14,celeba,dfr,1,marginal_split,APS,0.95,0,1,0.8471849865951743,0.8731501057082452,7095,0.8471849865951743,373,0.9115281501340483,373,0.9400986610288936,7095,0.8471849865951743,1
dinov2_vitb14,celeba,dfr,1,marginal_split,APS,0.95,1,0,0.8861169837914024,0.8861169837914024,7095,0.9142091152815014,373,0.9490616621983914,373,0.9424947145877378,7095,0.8861169837914024,0
dinov2_vitb14,celeba,dfr,1,marginal_split,APS,0.95,2,0,0.8673713883016209,0.8673713883016209,7095,0.871313672922252,373,0.9517426273458445,373,0.9347427766032417,7095,0.8673713883016209,0
dinov2_vitb14,celeba,dfr,1,marginal_split,APS,0.95,3,0,0.8548273431994362,0.8548273431994362,7095,0.8766756032171582,373,0.935656836461126,373,0.9121916842847075,7095,0.8548273431994362,0
dinov2_vitb14,celeba,dfr,1,marginal_split,APS,0.95,4,0,0.8694855532064835,0.8694855532064835,7095,0.8954423592493298,373,0.935656836461126,373,0.9299506694855532,7095,0.8694855532064835,0
dinov2_vitb14,celeba,dfr,1,marginal_split,APS,0.95,5,0,0.8914728682170543,0.8914728682170543,7095,0.8927613941018767,373,0.9463806970509383,373,0.9439041578576463,7095,0.8914728682170543,0
dinov2_vitb14,celeba,dfr,1,marginal_split,APS,0.95,6,1,0.8418230563002681,0.8792107117688513,7095,0.8418230563002681,373,0.9276139410187667,373,0.9378435517970402,7095,0.8418230563002681,1
dinov2_vitb14,celeba,dfr,1,marginal_split,APS,0.95,7,1,0.8552278820375335,0.858491895701198,7095,0.8552278820375335,373,0.9249329758713136,373,0.9202255109231854,7095,0.8552278820375335,1
dinov2_vitb14,celeba,dfr,1,marginal_split,APS,0.95,8,0,0.86892177589852,0.86892177589852,7095,0.8927613941018767,373,0.9222520107238605,373,0.9245947850599013,7095,0.86892177589852,0
dinov2_vitb14,celeba,dfr,1,marginal_split,APS,0.95,9,0,0.8673713883016209,0.8673713883016209,7095,0.8739946380697051,373,0.938337801608579,373,0.921353065539112,7095,0.8673713883016209,0
dinov2_vitb14,celeba,dfr,1,mondrian,APS,0.95,0,1,0.8766756032171582,0.8921775898520085,7095,0.8766756032171582,373,0.903485254691689,373,0.9233262861169838,7095,0.8766756032171582,1
dinov2_vitb14,celeba,dfr,1,mondrian,APS,0.95,1,0,0.9024665257223397,0.9024665257223397,7095,0.938337801608579,373,0.9302949061662198,373,0.9244538407329105,7095,0.9024665257223397,0
dinov2_vitb14,celeba,dfr,1,mondrian,APS,0.95,2,1,0.8766756032171582,0.8878083157152925,7095,0.8766756032171582,373,0.8873994638069705,373,0.9198026779422128,7095,0.8766756032171582,1
dinov2_vitb14,celeba,dfr,1,mondrian,APS,0.95,3,2,0.8579088471849866,0.8875264270613108,7095,0.9061662198391421,373,0.8579088471849866,373,0.8692036645525018,7095,0.8579088471849866,2
dinov2_vitb14,celeba,dfr,1,mondrian,APS,0.95,4,2,0.871313672922252,0.897815362931642,7095,0.8927613941018767,373,0.871313672922252,373,0.9035940803382664,7095,0.871313672922252,2
dinov2_vitb14,celeba,dfr,1,mondrian,APS,0.95,5,1,0.8820375335120644,0.9133192389006343,7095,0.8820375335120644,373,0.9410187667560321,373,0.929245947850599,7095,0.8820375335120644,1
dinov2_vitb14,celeba,dfr,1,mondrian,APS,0.95,6,1,0.8525469168900804,0.9017618040873855,7095,0.8525469168900804,373,0.9168900804289544,373,0.9178294573643411,7095,0.8525469168900804,1
dinov2_vitb14,celeba,dfr,1,mondrian,APS,0.95,7,1,0.8659517426273459,0.8827343199436223,7095,0.8659517426273459,373,0.8820375335120644,373,0.9004933051444679,7095,0.8659517426273459,1
dinov2_vitb14,celeba,dfr,1,mondrian,APS,0.95,8,2,0.8471849865951743,0.8923185341789993,7095,0.9168900804289544,373,0.8471849865951743,373,0.9000704721634954,7095,0.8471849865951743,2
dinov2_vitb14,celeba,dfr,1,mondrian,APS,0.95,9,0,0.8889358703312191,0.8889358703312191,7095,0.9115281501340483,373,0.9222520107238605,373,0.898661028893587,7095,0.8889358703312191,0
dinov2_vitb14,celeba,dfr,2,marginal_split,APS,0.95,0,1,0.8659517426273459,0.8817477096546864,7095,0.8659517426273459,373,0.9249329758713136,373,0.9341789992952784,7095,0.8659517426273459,1
dinov2_vitb14,celeba,dfr,2,marginal_split,APS,0.95,1,0,0.8820295983086681,0.8820295983086681,7095,0.9276139410187667,373,0.9410187667560321,373,0.9193798449612403,7095,0.8820295983086681,0
dinov2_vitb14,celeba,dfr,2,marginal_split,APS,0.95,2,0,0.8758280479210712,0.8758280479210712,7095,0.903485254691689,373,0.9517426273458445,373,0.9303735024665257,7095,0.8758280479210712,0
dinov2_vitb14,celeba,dfr,2,marginal_split,APS,0.95,3,0,0.86892177589852,0.86892177589852,7095,0.8820375335120644,373,0.938337801608579,373,0.9133192389006343,7095,0.86892177589852,0
dinov2_vitb14,celeba,dfr,2,marginal_split,APS,0.95,4,0,0.8723044397463002,0.8723044397463002,7095,0.8927613941018767,373,0.938337801608579,373,0.9179704016913319,7095,0.8723044397463002,0
dinov2_vitb14,celeba,dfr,2,marginal_split,APS,0.95,5,1,0.8927613941018767,0.897815362931642,7095,0.8927613941018767,373,0.9517426273458445,373,0.9357293868921776,7095,0.8927613941018767,1
dinov2_vitb14,celeba,dfr,2,marginal_split,APS,0.95,6,1,0.8498659517426274,0.8851303735024665,7095,0.8498659517426274,373,0.9544235924932976,373,0.9344608879492601,7095,0.8498659517426274,1
dinov2_vitb14,celeba,dfr,2,marginal_split,APS,0.95,7,1,0.8659517426273459,0.8697674418604651,7095,0.8659517426273459,373,0.938337801608579,373,0.9286821705426357,7095,0.8659517426273459,1
dinov2_vitb14,celeba,dfr,2,marginal_split,APS,0.95,8,0,0.8706131078224102,0.8706131078224102,7095,0.903485254691689,373,0.9517426273458445,373,0.9134601832276251,7095,0.8706131078224102,0
dinov2_vitb14,celeba,dfr,2,marginal_split,APS,0.95,9,0,0.8756871035940803,0.8756871035940803,7095,0.8900804289544236,373,0.938337801608579,373,0.9229034531360113,7095,0.8756871035940803,0
dinov2_vitb14,celeba,dfr,2,mondrian,APS,0.95,0,1,0.8766756032171582,0.8911909795630726,7095,0.8766756032171582,373,0.900804289544236,373,0.9316420014094433,7095,0.8766756032171582,1
dinov2_vitb14,celeba,dfr,2,mondrian,APS,0.95,1,0,0.9006342494714588,0.9006342494714588,7095,0.9463806970509383,373,0.9061662198391421,373,0.9045806906272023,7095,0.9006342494714588,0
dinov2_vitb14,celeba,dfr,2,mondrian,APS,0.95,2,2,0.8337801608579088,0.8911909795630726,7095,0.9115281501340483,373,0.8337801608579088,373,0.921353065539112,7095,0.8337801608579088,2
dinov2_vitb14,celeba,dfr,2,mondrian,APS,0.95,3,2,0.8739946380697051,0.8885130373502467,7095,0.8954423592493298,373,0.8739946380697051,373,0.8889358703312191,7095,0.8739946380697051,2
dinov2_vitb14,celeba,dfr,2,mondrian,APS,0.95,4,2,0.8820375335120644,0.8980972515856237,7095,0.8900804289544236,373,0.8820375335120644,373,0.8988019732205779,7095,0.8820375335120644,2
dinov2_vitb14,celeba,dfr,2,mondrian,APS,0.95,5,1,0.8873994638069705,0.9143058491895701,7095,0.8873994638069705,373,0.938337801608579,373,0.9224806201550387,7095,0.8873994638069705,1
dinov2_vitb14,celeba,dfr,2,mondrian,APS,0.95,6,1,0.8498659517426274,0.8972515856236787,7095,0.8498659517426274,373,0.9436997319034852,373,0.9220577871740663,7095,0.8498659517426274,1
dinov2_vitb14,celeba,dfr,2,mondrian,APS,0.95,7,1,0.8659517426273459,0.8887949260042284,7095,0.8659517426273459,373,0.8927613941018767,373,0.9141649048625793,7095,0.8659517426273459,1
dinov2_vitb14,celeba,dfr,2,mondrian,APS,0.95,8,3,0.8886539816772375,0.8941508104298802,7095,0.9222520107238605,373,0.9195710455764075,373,0.8886539816772375,7095,0.8886539816772375,3
dinov2_vitb14,celeba,dfr,2,mondrian,APS,0.95,9,0,0.8940098661028894,0.8940098661028894,7095,0.8981233243967829,373,0.9195710455764075,373,0.9068357998590557,7095,0.8940098661028894,0
dinov2_vitb14,celeba,afr,0,marginal_split,APS,0.95,0,1,0.6112600536193029,0.8056377730796336,7095,0.6112600536193029,373,0.9919571045576407,373,0.9997181113460183,7095,0.6112600536193029,1
dinov2_vitb14,celeba,afr,0,marginal_split,APS,0.95,1,1,0.6193029490616622,0.8015503875968992,7095,0.6193029490616622,373,0.9973190348525469,373,0.9998590556730091,7095,0.6193029490616622,1
dinov2_vitb14,celeba,afr,0,marginal_split,APS,0.95,2,1,0.6514745308310992,0.8039464411557434,7095,0.6514745308310992,373,0.9973190348525469,373,1.0,7095,0.6514745308310992,1
dinov2_vitb14,celeba,afr,0,marginal_split,APS,0.95,3,1,0.6219839142091153,0.8145172656800563,7095,0.6219839142091153,373,1.0,373,0.9998590556730091,7095,0.6219839142091153,1
dinov2_vitb14,celeba,afr,0,marginal_split,APS,0.95,4,1,0.6595174262734584,0.8283298097251586,7095,0.6595174262734584,373,0.9973190348525469,373,1.0,7095,0.6595174262734584,1
dinov2_vitb14,celeba,afr,0,marginal_split,APS,0.95,5,1,0.6327077747989276,0.8157857646229739,7095,0.6327077747989276,373,1.0,373,1.0,7095,0.6327077747989276,1
dinov2_vitb14,celeba,afr,0,marginal_split,APS,0.95,6,1,0.6005361930294906,0.811416490486258,7095,0.6005361930294906,373,0.9973190348525469,373,0.9997181113460183,7095,0.6005361930294906,1
dinov2_vitb14,celeba,afr,0,marginal_split,APS,0.95,7,1,0.6648793565683646,0.8188865398167724,7095,0.6648793565683646,373,1.0,373,0.9997181113460183,7095,0.6648793565683646,1
dinov2_vitb14,celeba,afr,0,marginal_split,APS,0.95,8,1,0.6058981233243967,0.8057787174066244,7095,0.6058981233243967,373,0.9973190348525469,373,0.9998590556730091,7095,0.6058981233243967,1
dinov2_vitb14,celeba,afr,0,marginal_split,APS,0.95,9,1,0.6487935656836461,0.8031007751937984,7095,0.6487935656836461,373,0.9973190348525469,373,0.9998590556730091,7095,0.6487935656836461,1
dinov2_vitb14,celeba,afr,0,mondrian,APS,0.95,0,3,0.8789288231148696,0.8955602536997885,7095,0.8847184986595175,373,0.9142091152815014,373,0.8789288231148696,7095,0.8789288231148696,3
dinov2_vitb14,celeba,afr,0,mondrian,APS,0.95,1,2,0.8605898123324397,0.899506694855532,7095,0.8873994638069705,373,0.8605898123324397,373,0.8752642706131079,7095,0.8605898123324397,2
dinov2_vitb14,celeba,afr,0,mondrian,APS,0.95,2,2,0.8793565683646113,0.8944326990838619,7095,0.9222520107238605,373,0.8793565683646113,373,0.9431994362226921,7095,0.8793565683646113,2
dinov2_vitb14,celeba,afr,0,mondrian,APS,0.95,3,3,0.8360817477096547,0.8996476391825229,7095,0.8954423592493298,373,0.8954423592493298,373,0.8360817477096547,7095,0.8360817477096547,3
dinov2_vitb14,celeba,afr,0,mondrian,APS,0.95,4,3,0.8100070472163495,0.9045806906272023,7095,0.9088471849865952,373,0.9195710455764075,373,0.8100070472163495,7095,0.8100070472163495,3
dinov2_vitb14,celeba,afr,0,mondrian,APS,0.95,5,3,0.8892177589852008,0.9042988019732205,7095,0.9061662198391421,373,0.9195710455764075,373,0.8892177589852008,7095,0.8892177589852008,3
dinov2_vitb14,celeba,afr,0,mondrian,APS,0.95,6,3,0.866384778012685,0.8999295278365046,7095,0.8900804289544236,373,0.9329758713136729,373,0.866384778012685,7095,0.866384778012685,3
dinov2_vitb14,celeba,afr,0,mondrian,APS,0.95,7,0,0.907399577167019,0.907399577167019,7095,0.9195710455764075,373,0.9410187667560321,373,0.9140239605355884,7095,0.907399577167019,0
dinov2_vitb14,celeba,afr,0,mondrian,APS,0.95,8,3,0.8036645525017618,0.8952783650458069,7095,0.8284182305630027,373,0.8873994638069705,373,0.8036645525017618,7095,0.8036645525017618,3
dinov2_vitb14,celeba,afr,0,mondrian,APS,0.95,9,0,0.8966878083157153,0.8966878083157153,7095,0.9249329758713136,373,0.8981233243967829,373,0.9361522198731501,7095,0.8966878083157153,0
dinov2_vitb14,celeba,afr,1,marginal_split,APS,0.95,0,1,0.6112600536193029,0.8056377730796336,7095,0.6112600536193029,373,0.9919571045576407,373,0.9997181113460183,7095,0.6112600536193029,1
dinov2_vitb14,celeba,afr,1,marginal_split,APS,0.95,1,1,0.6193029490616622,0.8015503875968992,7095,0.6193029490616622,373,0.9973190348525469,373,0.9998590556730091,7095,0.6193029490616622,1
dinov2_vitb14,celeba,afr,1,marginal_split,APS,0.95,2,1,0.6514745308310992,0.8039464411557434,7095,0.6514745308310992,373,0.9973190348525469,373,1.0,7095,0.6514745308310992,1
dinov2_vitb14,celeba,afr,1,marginal_split,APS,0.95,3,1,0.6219839142091153,0.8145172656800563,7095,0.6219839142091153,373,1.0,373,0.9998590556730091,7095,0.6219839142091153,1
dinov2_vitb14,celeba,afr,1,marginal_split,APS,0.95,4,1,0.6595174262734584,0.8283298097251586,7095,0.6595174262734584,373,0.9973190348525469,373,1.0,7095,0.6595174262734584,1
dinov2_vitb14,celeba,afr,1,marginal_split,APS,0.95,5,1,0.6327077747989276,0.8157857646229739,7095,0.6327077747989276,373,1.0,373,1.0,7095,0.6327077747989276,1
dinov2_vitb14,celeba,afr,1,marginal_split,APS,0.95,6,1,0.6005361930294906,0.811416490486258,7095,0.6005361930294906,373,0.9973190348525469,373,0.9997181113460183,7095,0.6005361930294906,1
dinov2_vitb14,celeba,afr,1,marginal_split,APS,0.95,7,1,0.6648793565683646,0.8188865398167724,7095,0.6648793565683646,373,1.0,373,0.9997181113460183,7095,0.6648793565683646,1
dinov2_vitb14,celeba,afr,1,marginal_split,APS,0.95,8,1,0.6058981233243967,0.8057787174066244,7095,0.6058981233243967,373,0.9973190348525469,373,0.9998590556730091,7095,0.6058981233243967,1
dinov2_vitb14,celeba,afr,1,marginal_split,APS,0.95,9,1,0.6487935656836461,0.8031007751937984,7095,0.6487935656836461,373,0.9973190348525469,373,0.9998590556730091,7095,0.6487935656836461,1
dinov2_vitb14,celeba,afr,1,mondrian,APS,0.95,0,3,0.8789288231148696,0.8955602536997885,7095,0.8847184986595175,373,0.9142091152815014,373,0.8789288231148696,7095,0.8789288231148696,3
dinov2_vitb14,celeba,afr,1,mondrian,APS,0.95,1,2,0.8605898123324397,0.899506694855532,7095,0.8873994638069705,373,0.8605898123324397,373,0.8752642706131079,7095,0.8605898123324397,2
dinov2_vitb14,celeba,afr,1,mondrian,APS,0.95,2,2,0.8793565683646113,0.8944326990838619,7095,0.9222520107238605,373,0.8793565683646113,373,0.9431994362226921,7095,0.8793565683646113,2
dinov2_vitb14,celeba,afr,1,mondrian,APS,0.95,3,3,0.8360817477096547,0.8996476391825229,7095,0.8954423592493298,373,0.8954423592493298,373,0.8360817477096547,7095,0.8360817477096547,3
dinov2_vitb14,celeba,afr,1,mondrian,APS,0.95,4,3,0.8100070472163495,0.9045806906272023,7095,0.9088471849865952,373,0.9195710455764075,373,0.8100070472163495,7095,0.8100070472163495,3
dinov2_vitb14,celeba,afr,1,mondrian,APS,0.95,5,3,0.8892177589852008,0.9042988019732205,7095,0.9061662198391421,373,0.9195710455764075,373,0.8892177589852008,7095,0.8892177589852008,3
dinov2_vitb14,celeba,afr,1,mondrian,APS,0.95,6,3,0.866384778012685,0.8999295278365046,7095,0.8900804289544236,373,0.9329758713136729,373,0.866384778012685,7095,0.866384778012685,3
dinov2_vitb14,celeba,afr,1,mondrian,APS,0.95,7,0,0.907399577167019,0.907399577167019,7095,0.9195710455764075,373,0.9410187667560321,373,0.9140239605355884,7095,0.907399577167019,0
dinov2_vitb14,celeba,afr,1,mondrian,APS,0.95,8,3,0.8036645525017618,0.8952783650458069,7095,0.8284182305630027,373,0.8873994638069705,373,0.8036645525017618,7095,0.8036645525017618,3
dinov2_vitb14,celeba,afr,1,mondrian,APS,0.95,9,0,0.8966878083157153,0.8966878083157153,7095,0.9249329758713136,373,0.8981233243967829,373,0.9361522198731501,7095,0.8966878083157153,0
dinov2_vitb14,celeba,afr,2,marginal_split,APS,0.95,0,1,0.6112600536193029,0.8056377730796336,7095,0.6112600536193029,373,0.9919571045576407,373,0.9997181113460183,7095,0.6112600536193029,1
dinov2_vitb14,celeba,afr,2,marginal_split,APS,0.95,1,1,0.6193029490616622,0.8015503875968992,7095,0.6193029490616622,373,0.9973190348525469,373,0.9998590556730091,7095,0.6193029490616622,1
dinov2_vitb14,celeba,afr,2,marginal_split,APS,0.95,2,1,0.6514745308310992,0.8039464411557434,7095,0.6514745308310992,373,0.9973190348525469,373,1.0,7095,0.6514745308310992,1
dinov2_vitb14,celeba,afr,2,marginal_split,APS,0.95,3,1,0.6219839142091153,0.8145172656800563,7095,0.6219839142091153,373,1.0,373,0.9998590556730091,7095,0.6219839142091153,1
dinov2_vitb14,celeba,afr,2,marginal_split,APS,0.95,4,1,0.6595174262734584,0.8283298097251586,7095,0.6595174262734584,373,0.9973190348525469,373,1.0,7095,0.6595174262734584,1
dinov2_vitb14,celeba,afr,2,marginal_split,APS,0.95,5,1,0.6327077747989276,0.8157857646229739,7095,0.6327077747989276,373,1.0,373,1.0,7095,0.6327077747989276,1
dinov2_vitb14,celeba,afr,2,marginal_split,APS,0.95,6,1,0.6005361930294906,0.811416490486258,7095,0.6005361930294906,373,0.9973190348525469,373,0.9997181113460183,7095,0.6005361930294906,1
dinov2_vitb14,celeba,afr,2,marginal_split,APS,0.95,7,1,0.6648793565683646,0.8188865398167724,7095,0.6648793565683646,373,1.0,373,0.9997181113460183,7095,0.6648793565683646,1
dinov2_vitb14,celeba,afr,2,marginal_split,APS,0.95,8,1,0.6058981233243967,0.8057787174066244,7095,0.6058981233243967,373,0.9973190348525469,373,0.9998590556730091,7095,0.6058981233243967,1
dinov2_vitb14,celeba,afr,2,marginal_split,APS,0.95,9,1,0.6487935656836461,0.8031007751937984,7095,0.6487935656836461,373,0.9973190348525469,373,0.9998590556730091,7095,0.6487935656836461,1
dinov2_vitb14,celeba,afr,2,mondrian,APS,0.95,0,3,0.8789288231148696,0.8955602536997885,7095,0.8847184986595175,373,0.9142091152815014,373,0.8789288231148696,7095,0.8789288231148696,3
dinov2_vitb14,celeba,afr,2,mondrian,APS,0.95,1,2,0.8605898123324397,0.899506694855532,7095,0.8873994638069705,373,0.8605898123324397,373,0.8752642706131079,7095,0.8605898123324397,2
dinov2_vitb14,celeba,afr,2,mondrian,APS,0.95,2,2,0.8793565683646113,0.8944326990838619,7095,0.9222520107238605,373,0.8793565683646113,373,0.9431994362226921,7095,0.8793565683646113,2
dinov2_vitb14,celeba,afr,2,mondrian,APS,0.95,3,3,0.8360817477096547,0.8996476391825229,7095,0.8954423592493298,373,0.8954423592493298,373,0.8360817477096547,7095,0.8360817477096547,3
dinov2_vitb14,celeba,afr,2,mondrian,APS,0.95,4,3,0.8100070472163495,0.9045806906272023,7095,0.9088471849865952,373,0.9195710455764075,373,0.8100070472163495,7095,0.8100070472163495,3
dinov2_vitb14,celeba,afr,2,mondrian,APS,0.95,5,3,0.8892177589852008,0.9042988019732205,7095,0.9061662198391421,373,0.9195710455764075,373,0.8892177589852008,7095,0.8892177589852008,3
dinov2_vitb14,celeba,afr,2,mondrian,APS,0.95,6,3,0.866384778012685,0.8999295278365046,7095,0.8900804289544236,373,0.9329758713136729,373,0.866384778012685,7095,0.866384778012685,3
dinov2_vitb14,celeba,afr,2,mondrian,APS,0.95,7,0,0.907399577167019,0.907399577167019,7095,0.9195710455764075,373,0.9410187667560321,373,0.9140239605355884,7095,0.907399577167019,0
dinov2_vitb14,celeba,afr,2,mondrian,APS,0.95,8,3,0.8036645525017618,0.8952783650458069,7095,0.8284182305630027,373,0.8873994638069705,373,0.8036645525017618,7095,0.8036645525017618,3
dinov2_vitb14,celeba,afr,2,mondrian,APS,0.95,9,0,0.8966878083157153,0.8966878083157153,7095,0.9249329758713136,373,0.8981233243967829,373,0.9361522198731501,7095,0.8966878083157153,0
dinov2_vitb14,celeba,groupdro_ll,0,marginal_split,APS,0.95,0,1,0.8820375335120644,0.8894996476391825,7095,0.8820375335120644,373,0.9249329758713136,373,0.9186751233262861,7095,0.8820375335120644,1
dinov2_vitb14,celeba,groupdro_ll,0,marginal_split,APS,0.95,1,0,0.9034531360112755,0.9034531360112755,7095,0.9410187667560321,373,0.9222520107238605,373,0.9509513742071881,7095,0.9034531360112755,0
dinov2_vitb14,celeba,groupdro_ll,0,marginal_split,APS,0.95,2,0,0.8869626497533474,0.8869626497533474,7095,0.8981233243967829,373,0.935656836461126,373,0.9133192389006343,7095,0.8869626497533474,0
dinov2_vitb14,celeba,groupdro_ll,0,marginal_split,APS,0.95,3,0,0.8909090909090909,0.8909090909090909,7095,0.9249329758713136,373,0.9249329758713136,373,0.9307963354474983,7095,0.8909090909090909,0
dinov2_vitb14,celeba,groupdro_ll,0,marginal_split,APS,0.95,4,0,0.8745595489781536,0.8745595489781536,7095,0.8981233243967829,373,0.9088471849865952,373,0.9068357998590557,7095,0.8745595489781536,0
dinov2_vitb14,celeba,groupdro_ll,0,marginal_split,APS,0.95,5,0,0.8954193093727978,0.8954193093727978,7095,0.8981233243967829,373,0.9276139410187667,373,0.9114869626497534,7095,0.8954193093727978,0
dinov2_vitb14,celeba,groupdro_ll,0,marginal_split,APS,0.95,6,1,0.8766756032171582,0.8920366455250176,7095,0.8766756032171582,373,0.938337801608579,373,0.921353065539112,7095,0.8766756032171582,1
dinov2_vitb14,celeba,groupdro_ll,0,marginal_split,APS,0.95,7,0,0.8832980972515856,0.8832980972515856,7095,0.8873994638069705,373,0.9249329758713136,373,0.9245947850599013,7095,0.8832980972515856,0
dinov2_vitb14,celeba,groupdro_ll,0,marginal_split,APS,0.95,8,0,0.8865398167723749,0.8865398167723749,7095,0.9061662198391421,373,0.9195710455764075,373,0.9158562367864693,7095,0.8865398167723749,0
dinov2_vitb14,celeba,groupdro_ll,0,marginal_split,APS,0.95,9,1,0.868632707774799,0.8779422128259338,7095,0.868632707774799,373,0.9249329758713136,373,0.8904862579281184,7095,0.868632707774799,1
dinov2_vitb14,celeba,groupdro_ll,0,mondrian,APS,0.95,0,1,0.8793565683646113,0.8947145877378435,7095,0.8793565683646113,373,0.8927613941018767,373,0.9147286821705426,7095,0.8793565683646113,1
dinov2_vitb14,celeba,groupdro_ll,0,mondrian,APS,0.95,1,2,0.8954423592493298,0.9028893587033122,7095,0.9463806970509383,373,0.8954423592493298,373,0.951937984496124,7095,0.8954423592493298,2
dinov2_vitb14,celeba,groupdro_ll,0,mondrian,APS,0.95,2,2,0.8766756032171582,0.8935870331219169,7095,0.900804289544236,373,0.8766756032171582,373,0.906553911205074,7095,0.8766756032171582,2
dinov2_vitb14,celeba,groupdro_ll,0,mondrian,APS,0.95,3,2,0.8820375335120644,0.8979563072586328,7095,0.9249329758713136,373,0.8820375335120644,373,0.9250176180408739,7095,0.8820375335120644,2
dinov2_vitb14,celeba,groupdro_ll,0,mondrian,APS,0.95,4,1,0.8820375335120644,0.8930232558139535,7095,0.8820375335120644,373,0.903485254691689,373,0.8832980972515856,7095,0.8820375335120644,1
dinov2_vitb14,celeba,groupdro_ll,0,mondrian,APS,0.95,5,1,0.8793565683646113,0.9134601832276251,7095,0.8793565683646113,373,0.9168900804289544,373,0.8999295278365046,7095,0.8793565683646113,1
dinov2_vitb14,celeba,groupdro_ll,0,mondrian,APS,0.95,6,1,0.8498659517426274,0.9059901338971107,7095,0.8498659517426274,373,0.9276139410187667,373,0.9121916842847075,7095,0.8498659517426274,1
dinov2_vitb14,celeba,groupdro_ll,0,mondrian,APS,0.95,7,1,0.8873994638069705,0.8944326990838619,7095,0.8873994638069705,373,0.9115281501340483,373,0.9185341789992952,7095,0.8873994638069705,1
dinov2_vitb14,celeba,groupdro_ll,0,mondrian,APS,0.95,8,2,0.8900804289544236,0.8992248062015504,7095,0.8927613941018767,373,0.8900804289544236,373,0.9079633544749823,7095,0.8900804289544236,2
dinov2_vitb14,celeba,groupdro_ll,0,mondrian,APS,0.95,9,3,0.8690627202255109,0.8948555320648344,7095,0.9088471849865952,373,0.935656836461126,373,0.8690627202255109,7095,0.8690627202255109,3
dinov2_vitb14,celeba,groupdro_ll,1,marginal_split,APS,0.95,0,1,0.8820375335120644,0.889922480620155,7095,0.8820375335120644,373,0.9249329758713136,373,0.920507399577167,7095,0.8820375335120644,1
dinov2_vitb14,celeba,groupdro_ll,1,marginal_split,APS,0.95,1,0,0.904016913319239,0.904016913319239,7095,0.9410187667560321,373,0.9249329758713136,373,0.9520789288231148,7095,0.904016913319239,0
dinov2_vitb14,celeba,groupdro_ll,1,marginal_split,APS,0.95,2,0,0.8866807610993658,0.8866807610993658,7095,0.8981233243967829,373,0.935656836461126,373,0.9155743481324876,7095,0.8866807610993658,0
dinov2_vitb14,celeba,groupdro_ll,1,marginal_split,APS,0.95,3,0,0.88907681465821,0.88907681465821,7095,0.9222520107238605,373,0.9222520107238605,373,0.9298097251585624,7095,0.88907681465821,0
dinov2_vitb14,celeba,groupdro_ll,1,marginal_split,APS,0.95,4,0,0.874277660324172,0.874277660324172,7095,0.8981233243967829,373,0.9088471849865952,373,0.9066948555320649,7095,0.874277660324172,0
dinov2_vitb14,celeba,groupdro_ll,1,marginal_split,APS,0.95,5,0,0.8944326990838619,0.8944326990838619,7095,0.8954423592493298,373,0.9249329758713136,373,0.9110641296687808,7095,0.8944326990838619,0
dinov2_vitb14,celeba,groupdro_ll,1,marginal_split,APS,0.95,6,1,0.8766756032171582,0.8918957011980267,7095,0.8766756032171582,373,0.938337801608579,373,0.9200845665961945,7095,0.8766756032171582,1
dinov2_vitb14,celeba,groupdro_ll,1,marginal_split,APS,0.95,7,0,0.8821705426356589,0.8821705426356589,7095,0.8873994638069705,373,0.9249329758713136,373,0.9237491190979563,7095,0.8821705426356589,0
dinov2_vitb14,celeba,groupdro_ll,1,marginal_split,APS,0.95,8,0,0.8858350951374208,0.8858350951374208,7095,0.9061662198391421,373,0.9195710455764075,373,0.9157152924594785,7095,0.8858350951374208,0
dinov2_vitb14,celeba,groupdro_ll,1,marginal_split,APS,0.95,9,1,0.868632707774799,0.8779422128259338,7095,0.868632707774799,373,0.9222520107238605,373,0.8924594785059902,7095,0.868632707774799,1
dinov2_vitb14,celeba,groupdro_ll,1,mondrian,APS,0.95,0,1,0.8793565683646113,0.8947145877378435,7095,0.8793565683646113,373,0.8873994638069705,373,0.9164200140944327,7095,0.8793565683646113,1
dinov2_vitb14,celeba,groupdro_ll,1,mondrian,APS,0.95,1,2,0.8954423592493298,0.902184637068358,7095,0.9436997319034852,373,0.8954423592493298,373,0.9537702607470049,7095,0.8954423592493298,2
dinov2_vitb14,celeba,groupdro_ll,1,mondrian,APS,0.95,2,2,0.8766756032171582,0.8941508104298802,7095,0.900804289544236,373,0.8766756032171582,373,0.9079633544749823,7095,0.8766756032171582,2
dinov2_vitb14,celeba,groupdro_ll,1,mondrian,APS,0.95,3,2,0.8605898123324397,0.8982381959126146,7095,0.9249329758713136,373,0.8605898123324397,373,0.9241719520789288,7095,0.8605898123324397,2
dinov2_vitb14,celeba,groupdro_ll,1,mondrian,APS,0.95,4,1,0.8820375335120644,0.8938689217758985,7095,0.8820375335120644,373,0.9061662198391421,373,0.8851303735024665,7095,0.8820375335120644,1
dinov2_vitb14,celeba,groupdro_ll,1,mondrian,APS,0.95,5,1,0.8766756032171582,0.9130373502466526,7095,0.8766756032171582,373,0.9168900804289544,373,0.8989429175475687,7095,0.8766756032171582,1
dinov2_vitb14,celeba,groupdro_ll,1,mondrian,APS,0.95,6,1,0.8498659517426274,0.9059901338971107,7095,0.8498659517426274,373,0.9222520107238605,373,0.9112050739957717,7095,0.8498659517426274,1
dinov2_vitb14,celeba,groupdro_ll,1,mondrian,APS,0.95,7,1,0.8847184986595175,0.8940098661028894,7095,0.8847184986595175,373,0.9168900804289544,373,0.9182522903453136,7095,0.8847184986595175,1
dinov2_vitb14,celeba,groupdro_ll,1,mondrian,APS,0.95,8,1,0.8873994638069705,0.8992248062015504,7095,0.8873994638069705,373,0.8954423592493298,373,0.9068357998590557,7095,0.8873994638069705,1
dinov2_vitb14,celeba,groupdro_ll,1,mondrian,APS,0.95,9,3,0.8710359408033826,0.8952783650458069,7095,0.9088471849865952,373,0.935656836461126,373,0.8710359408033826,7095,0.8710359408033826,3
dinov2_vitb14,celeba,groupdro_ll,2,marginal_split,APS,0.95,0,1,0.8820375335120644,0.8902043692741367,7095,0.8820375335120644,373,0.9249329758713136,373,0.9209302325581395,7095,0.8820375335120644,1
dinov2_vitb14,celeba,groupdro_ll,2,marginal_split,APS,0.95,1,0,0.9042988019732205,0.9042988019732205,7095,0.9410187667560321,373,0.9222520107238605,373,0.9523608174770966,7095,0.9042988019732205,0
dinov2_vitb14,celeba,groupdro_ll,2,marginal_split,APS,0.95,2,0,0.8866807610993658,0.8866807610993658,7095,0.8981233243967829,373,0.935656836461126,373,0.9155743481324876,7095,0.8866807610993658,0
dinov2_vitb14,celeba,groupdro_ll,2,marginal_split,APS,0.95,3,0,0.8906272022551093,0.8906272022551093,7095,0.9249329758713136,373,0.9222520107238605,373,0.9302325581395349,7095,0.8906272022551093,0
dinov2_vitb14,celeba,groupdro_ll,2,marginal_split,APS,0.95,4,0,0.8756871035940803,0.8756871035940803,7095,0.8981233243967829,373,0.9088471849865952,373,0.9085271317829458,7095,0.8756871035940803,0
dinov2_vitb14,celeba,groupdro_ll,2,marginal_split,APS,0.95,5,0,0.8944326990838619,0.8944326990838619,7095,0.8954423592493298,373,0.9249329758713136,373,0.9096546863988725,7095,0.8944326990838619,0
dinov2_vitb14,celeba,groupdro_ll,2,marginal_split,APS,0.95,6,1,0.8766756032171582,0.8920366455250176,7095,0.8766756032171582,373,0.9410187667560321,373,0.9202255109231854,7095,0.8766756032171582,1
dinov2_vitb14,celeba,groupdro_ll,2,marginal_split,APS,0.95,7,0,0.8834390415785764,0.8834390415785764,7095,0.8873994638069705,373,0.9249329758713136,373,0.924876673713883,7095,0.8834390415785764,0
dinov2_vitb14,celeba,groupdro_ll,2,marginal_split,APS,0.95,8,0,0.8854122621564482,0.8854122621564482,7095,0.9088471849865952,373,0.9195710455764075,373,0.9140239605355884,7095,0.8854122621564482,0
dinov2_vitb14,celeba,groupdro_ll,2,marginal_split,APS,0.95,9,1,0.8659517426273459,0.8778012684989429,7095,0.8659517426273459,373,0.9249329758713136,373,0.8917547568710359,7095,0.8659517426273459,1
dinov2_vitb14,celeba,groupdro_ll,2,mondrian,APS,0.95,0,1,0.8820375335120644,0.8951374207188161,7095,0.8820375335120644,373,0.8900804289544236,373,0.916983791402396,7095,0.8820375335120644,1
dinov2_vitb14,celeba,groupdro_ll,2,mondrian,APS,0.95,1,2,0.8954423592493298,0.9019027484143763,7095,0.9463806970509383,373,0.8954423592493298,373,0.9541930937279774,7095,0.8954423592493298,2
dinov2_vitb14,celeba,groupdro_ll,2,mondrian,APS,0.95,2,2,0.8820375335120644,0.8928823114869626,7095,0.903485254691689,373,0.8820375335120644,373,0.9097956307258633,7095,0.8820375335120644,2
dinov2_vitb14,celeba,groupdro_ll,2,mondrian,APS,0.95,3,2,0.8847184986595175,0.8980972515856237,7095,0.9249329758713136,373,0.8847184986595175,373,0.9250176180408739,7095,0.8847184986595175,2
dinov2_vitb14,celeba,groupdro_ll,2,mondrian,APS,0.95,4,1,0.8820375335120644,0.8941508104298802,7095,0.8820375335120644,373,0.903485254691689,373,0.8866807610993658,7095,0.8820375335120644,1
dinov2_vitb14,celeba,groupdro_ll,2,mondrian,APS,0.95,5,1,0.8766756032171582,0.9130373502466526,7095,0.8766756032171582,373,0.9168900804289544,373,0.8976744186046511,7095,0.8766756032171582,1
dinov2_vitb14,celeba,groupdro_ll,2,mondrian,APS,0.95,6,1,0.8498659517426274,0.905708245243129,7095,0.8498659517426274,373,0.9249329758713136,373,0.9097956307258633,7095,0.8498659517426274,1
dinov2_vitb14,celeba,groupdro_ll,2,mondrian,APS,0.95,7,1,0.8847184986595175,0.8940098661028894,7095,0.8847184986595175,373,0.9142091152815014,373,0.9193798449612403,7095,0.8847184986595175,1
dinov2_vitb14,celeba,groupdro_ll,2,mondrian,APS,0.95,8,1,0.8873994638069705,0.8989429175475687,7095,0.8873994638069705,373,0.8954423592493298,373,0.9058491895701198,7095,0.8873994638069705,1
dinov2_vitb14,celeba,groupdro_ll,2,mondrian,APS,0.95,9,3,0.86892177589852,0.8937279774489076,7095,0.9115281501340483,373,0.9329758713136729,373,0.86892177589852,7095,0.86892177589852,3
dinov2_vitb14,celeba,balanced_subsample,0,marginal_split,APS,0.95,0,1,0.8927613941018767,0.897815362931642,7095,0.8927613941018767,373,0.9302949061662198,373,0.9068357998590557,7095,0.8927613941018767,1
dinov2_vitb14,celeba,balanced_subsample,0,marginal_split,APS,0.95,1,0,0.897815362931642,0.897815362931642,7095,0.9222520107238605,373,0.9329758713136729,373,0.9130373502466526,7095,0.897815362931642,0
dinov2_vitb14,celeba,balanced_subsample,0,marginal_split,APS,0.95,2,1,0.8873994638069705,0.8992248062015504,7095,0.8873994638069705,373,0.9571045576407506,373,0.9072586328400282,7095,0.8873994638069705,1
dinov2_vitb14,celeba,balanced_subsample,0,marginal_split,APS,0.95,3,0,0.8975334742776603,0.8975334742776603,7095,0.8981233243967829,373,0.935656836461126,373,0.9295278365045807,7095,0.8975334742776603,0
dinov2_vitb14,celeba,balanced_subsample,0,marginal_split,APS,0.95,4,1,0.8820375335120644,0.8962649753347428,7095,0.8820375335120644,373,0.9436997319034852,373,0.9055673009161381,7095,0.8820375335120644,1
dinov2_vitb14,celeba,balanced_subsample,0,marginal_split,APS,0.95,5,1,0.8820375335120644,0.9033121916842847,7095,0.8820375335120644,373,0.9329758713136729,373,0.9061310782241014,7095,0.8820375335120644,1
dinov2_vitb14,celeba,balanced_subsample,0,marginal_split,APS,0.95,6,1,0.8552278820375335,0.8914728682170543,7095,0.8552278820375335,373,0.9222520107238605,373,0.9092318534178999,7095,0.8552278820375335,1
dinov2_vitb14,celeba,balanced_subsample,0,marginal_split,APS,0.95,7,1,0.8793565683646113,0.8878083157152925,7095,0.8793565683646113,373,0.9624664879356568,373,0.9066948555320649,7095,0.8793565683646113,1
dinov2_vitb14,celeba,balanced_subsample,0,marginal_split,APS,0.95,8,0,0.8979563072586328,0.8979563072586328,7095,0.8981233243967829,373,0.9302949061662198,373,0.9072586328400282,7095,0.8979563072586328,0
dinov2_vitb14,celeba,balanced_subsample,0,marginal_split,APS,0.95,9,1,0.8900804289544236,0.8966878083157153,7095,0.8900804289544236,373,0.9168900804289544,373,0.8955602536997885,7095,0.8900804289544236,1
dinov2_vitb14,celeba,balanced_subsample,0,mondrian,APS,0.95,0,0,0.8892177589852008,0.8892177589852008,7095,0.9088471849865952,373,0.9142091152815014,373,0.9172656800563778,7095,0.8892177589852008,0
dinov2_vitb14,celeba,balanced_subsample,0,mondrian,APS,0.95,1,2,0.8927613941018767,0.9000704721634954,7095,0.9222520107238605,373,0.8927613941018767,373,0.9171247357293869,7095,0.8927613941018767,2
dinov2_vitb14,celeba,balanced_subsample,0,mondrian,APS,0.95,2,2,0.8820375335120644,0.8992248062015504,7095,0.8873994638069705,373,0.8820375335120644,373,0.9092318534178999,7095,0.8820375335120644,2
dinov2_vitb14,celeba,balanced_subsample,0,mondrian,APS,0.95,3,0,0.8892177589852008,0.8892177589852008,7095,0.8981233243967829,373,0.900804289544236,373,0.9348837209302325,7095,0.8892177589852008,0
dinov2_vitb14,celeba,balanced_subsample,0,mondrian,APS,0.95,4,1,0.868632707774799,0.8992248062015504,7095,0.868632707774799,373,0.9249329758713136,373,0.9058491895701198,7095,0.868632707774799,1
dinov2_vitb14,celeba,balanced_subsample,0,mondrian,APS,0.95,5,1,0.8579088471849866,0.9052854122621564,7095,0.8579088471849866,373,0.9142091152815014,373,0.905708245243129,7095,0.8579088471849866,1
dinov2_vitb14,celeba,balanced_subsample,0,mondrian,APS,0.95,6,1,0.8498659517426274,0.8927413671599718,7095,0.8498659517426274,373,0.8900804289544236,373,0.9102184637068358,7095,0.8498659517426274,1
dinov2_vitb14,celeba,balanced_subsample,0,mondrian,APS,0.95,7,0,0.8851303735024665,0.8851303735024665,7095,0.900804289544236,373,0.9222520107238605,373,0.9088090204369275,7095,0.8851303735024665,0
dinov2_vitb14,celeba,balanced_subsample,0,mondrian,APS,0.95,8,2,0.8820375335120644,0.8980972515856237,7095,0.9115281501340483,373,0.8820375335120644,373,0.9103594080338266,7095,0.8820375335120644,2
dinov2_vitb14,celeba,balanced_subsample,0,mondrian,APS,0.95,9,0,0.8928823114869626,0.8928823114869626,7095,0.9088471849865952,373,0.9168900804289544,373,0.8965468639887244,7095,0.8928823114869626,0
dinov2_vitb14,celeba,balanced_subsample,1,marginal_split,APS,0.95,0,0,0.8996476391825229,0.8996476391825229,7095,0.903485254691689,373,0.938337801608579,373,0.9224806201550387,7095,0.8996476391825229,0
dinov2_vitb14,celeba,balanced_subsample,1,marginal_split,APS,0.95,1,0,0.9026074700493305,0.9026074700493305,7095,0.935656836461126,373,0.935656836461126,373,0.916983791402396,7095,0.9026074700493305,0
dinov2_vitb14,celeba,balanced_subsample,1,marginal_split,APS,0.95,2,0,0.8951374207188161,0.8951374207188161,7095,0.8981233243967829,373,0.938337801608579,373,0.9061310782241014,7095,0.8951374207188161,0
dinov2_vitb14,celeba,balanced_subsample,1,marginal_split,APS,0.95,3,0,0.8918957011980267,0.8918957011980267,7095,0.9168900804289544,373,0.938337801608579,373,0.9047216349541931,7095,0.8918957011980267,0
dinov2_vitb14,celeba,balanced_subsample,1,marginal_split,APS,0.95,4,0,0.8957011980267794,0.8957011980267794,7095,0.9088471849865952,373,0.9195710455764075,373,0.9113460183227625,7095,0.8957011980267794,0
dinov2_vitb14,celeba,balanced_subsample,1,marginal_split,APS,0.95,5,1,0.8579088471849866,0.9010570824524313,7095,0.8579088471849866,373,0.9571045576407506,373,0.907399577167019,7095,0.8579088471849866,1
dinov2_vitb14,celeba,balanced_subsample,1,marginal_split,APS,0.95,6,1,0.8873994638069705,0.9034531360112755,7095,0.8873994638069705,373,0.9436997319034852,373,0.9190979563072587,7095,0.8873994638069705,1
dinov2_vitb14,celeba,balanced_subsample,1,marginal_split,APS,0.95,7,1,0.868632707774799,0.8835799859055673,7095,0.868632707774799,373,0.938337801608579,373,0.8858350951374208,7095,0.868632707774799,1
dinov2_vitb14,celeba,balanced_subsample,1,marginal_split,APS,0.95,8,0,0.8942917547568711,0.8942917547568711,7095,0.9142091152815014,373,0.9276139410187667,373,0.9114869626497534,7095,0.8942917547568711,0
dinov2_vitb14,celeba,balanced_subsample,1,marginal_split,APS,0.95,9,1,0.8739946380697051,0.8933051444679352,7095,0.8739946380697051,373,0.9302949061662198,373,0.8825933756166314,7095,0.8739946380697051,1
dinov2_vitb14,celeba,balanced_subsample,1,mondrian,APS,0.95,0,2,0.8927613941018767,0.8930232558139535,7095,0.9142091152815014,373,0.8927613941018767,373,0.9286821705426357,7095,0.8927613941018767,2
dinov2_vitb14,celeba,balanced_subsample,1,mondrian,APS,0.95,1,0,0.9030303030303031,0.9030303030303031,7095,0.9436997319034852,373,0.9115281501340483,373,0.9171247357293869,7095,0.9030303030303031,0
dinov2_vitb14,celeba,balanced_subsample,1,mondrian,APS,0.95,2,2,0.8739946380697051,0.8957011980267794,7095,0.9142091152815014,373,0.8739946380697051,373,0.9079633544749823,7095,0.8739946380697051,2
dinov2_vitb14,celeba,balanced_subsample,1,mondrian,APS,0.95,3,0,0.8942917547568711,0.8942917547568711,7095,0.8954423592493298,373,0.9115281501340483,373,0.9045806906272023,7095,0.8942917547568711,0
dinov2_vitb14,celeba,balanced_subsample,1,mondrian,APS,0.95,4,1,0.8873994638069705,0.900352360817477,7095,0.8873994638069705,373,0.9115281501340483,373,0.9116279069767442,7095,0.8873994638069705,1
dinov2_vitb14,celeba,balanced_subsample,1,mondrian,APS,0.95,5,1,0.8659517426273459,0.9078224101479916,7095,0.8659517426273459,373,0.938337801608579,373,0.9023255813953488,7095,0.8659517426273459,1
dinov2_vitb14,celeba,balanced_subsample,1,mondrian,APS,0.95,6,1,0.8954423592493298,0.9037350246652572,7095,0.8954423592493298,373,0.9168900804289544,373,0.9200845665961945,7095,0.8954423592493298,1
dinov2_vitb14,celeba,balanced_subsample,1,mondrian,APS,0.95,7,1,0.871313672922252,0.8902043692741367,7095,0.871313672922252,373,0.8927613941018767,373,0.8818886539816773,7095,0.871313672922252,1
dinov2_vitb14,celeba,balanced_subsample,1,mondrian,APS,0.95,8,2,0.8659517426273459,0.892600422832981,7095,0.9088471849865952,373,0.8659517426273459,373,0.9141649048625793,7095,0.8659517426273459,2
dinov2_vitb14,celeba,balanced_subsample,1,mondrian,APS,0.95,9,3,0.8728682170542635,0.9000704721634954,7095,0.8927613941018767,373,0.9249329758713136,373,0.8728682170542635,7095,0.8728682170542635,3
dinov2_vitb14,celeba,balanced_subsample,2,marginal_split,APS,0.95,0,3,0.9034531360112755,0.9079633544749823,7095,0.9115281501340483,373,0.9490616621983914,373,0.9034531360112755,7095,0.9034531360112755,3
dinov2_vitb14,celeba,balanced_subsample,2,marginal_split,APS,0.95,1,3,0.9058491895701198,0.9078224101479916,7095,0.9436997319034852,373,0.9490616621983914,373,0.9058491895701198,7095,0.9058491895701198,3
dinov2_vitb14,celeba,balanced_subsample,2,marginal_split,APS,0.95,2,1,0.8793565683646113,0.9100775193798449,7095,0.8793565683646113,373,0.9490616621983914,373,0.9037350246652572,7095,0.8793565683646113,1
dinov2_vitb14,celeba,balanced_subsample,2,marginal_split,APS,0.95,3,3,0.8739957716701903,0.8869626497533474,7095,0.9276139410187667,373,0.9490616621983914,373,0.8739957716701903,7095,0.8739957716701903,3
dinov2_vitb14,celeba,balanced_subsample,2,marginal_split,APS,0.95,4,3,0.8590556730091614,0.8886539816772375,7095,0.903485254691689,373,0.9168900804289544,373,0.8590556730091614,7095,0.8590556730091614,3
dinov2_vitb14,celeba,balanced_subsample,2,marginal_split,APS,0.95,5,1,0.8766756032171582,0.9165609584214235,7095,0.8766756032171582,373,0.9436997319034852,373,0.9045806906272023,7095,0.8766756032171582,1
dinov2_vitb14,celeba,balanced_subsample,2,marginal_split,APS,0.95,6,1,0.8659517426273459,0.8885130373502467,7095,0.8659517426273459,373,0.935656836461126,373,0.866384778012685,7095,0.8659517426273459,1
dinov2_vitb14,celeba,balanced_subsample,2,marginal_split,APS,0.95,7,3,0.8916138125440451,0.897815362931642,7095,0.903485254691689,373,0.9597855227882037,373,0.8916138125440451,7095,0.8916138125440451,3
dinov2_vitb14,celeba,balanced_subsample,2,marginal_split,APS,0.95,8,1,0.9061662198391421,0.9123326286116984,7095,0.9061662198391421,373,0.9597855227882037,373,0.9247357293868922,7095,0.9061662198391421,1
dinov2_vitb14,celeba,balanced_subsample,2,marginal_split,APS,0.95,9,1,0.8605898123324397,0.8910500352360817,7095,0.8605898123324397,373,0.9222520107238605,373,0.8715997181113461,7095,0.8605898123324397,1
dinov2_vitb14,celeba,balanced_subsample,2,mondrian,APS,0.95,0,0,0.8933051444679352,0.8933051444679352,7095,0.8954423592493298,373,0.9142091152815014,373,0.9224806201550387,7095,0.8933051444679352,0
dinov2_vitb14,celeba,balanced_subsample,2,mondrian,APS,0.95,1,0,0.9041578576462297,0.9041578576462297,7095,0.935656836461126,373,0.9115281501340483,373,0.9090909090909091,7095,0.9041578576462297,0
dinov2_vitb14,celeba,balanced_subsample,2,mondrian,APS,0.95,2,1,0.8579088471849866,0.9030303030303031,7095,0.8579088471849866,373,0.9115281501340483,373,0.9107822410147992,7095,0.8579088471849866,1
dinov2_vitb14,celeba,balanced_subsample,2,mondrian,APS,0.95,3,3,0.8775193798449612,0.8876673713883017,7095,0.9249329758713136,373,0.8927613941018767,373,0.8775193798449612,7095,0.8775193798449612,3
dinov2_vitb14,celeba,balanced_subsample,2,mondrian,APS,0.95,4,3,0.8573643410852713,0.8942917547568711,7095,0.9061662198391421,373,0.8766756032171582,373,0.8573643410852713,7095,0.8573643410852713,3
dinov2_vitb14,celeba,balanced_subsample,2,mondrian,APS,0.95,5,1,0.8605898123324397,0.9086680761099366,7095,0.8605898123324397,373,0.9302949061662198,373,0.9145877378435519,7095,0.8605898123324397,1
dinov2_vitb14,celeba,balanced_subsample,2,mondrian,APS,0.95,6,3,0.8652572233967583,0.8917547568710359,7095,0.868632707774799,373,0.8873994638069705,373,0.8652572233967583,7095,0.8652572233967583,3
dinov2_vitb14,celeba,balanced_subsample,2,mondrian,APS,0.95,7,1,0.8820375335120644,0.8903453136011276,7095,0.8820375335120644,373,0.900804289544236,373,0.8989429175475687,7095,0.8820375335120644,1
dinov2_vitb14,celeba,balanced_subsample,2,mondrian,APS,0.95,8,2,0.8927613941018767,0.8964059196617337,7095,0.9142091152815014,373,0.8927613941018767,373,0.9353065539112051,7095,0.8927613941018767,2
dinov2_vitb14,celeba,balanced_subsample,2,mondrian,APS,0.95,9,1,0.8659517426273459,0.8886539816772375,7095,0.8659517426273459,373,0.9061662198391421,373,0.8731501057082452,7095,0.8659517426273459,1
vit_b16_in1k,celeba,erm,0,marginal_split,APS,0.95,0,3,0.8081747709654686,0.9871740662438336,7095,0.9919571045576407,373,0.9839142091152815,373,0.8081747709654686,7095,0.8081747709654686,3
vit_b16_in1k,celeba,erm,0,marginal_split,APS,0.95,1,3,0.7625088090204369,0.985200845665962,7095,0.9946380697050938,373,0.9731903485254692,373,0.7625088090204369,7095,0.7625088090204369,3
vit_b16_in1k,celeba,erm,0,marginal_split,APS,0.95,2,3,0.8288935870331219,0.9894291754756871,7095,0.9839142091152815,373,0.9812332439678284,373,0.8288935870331219,7095,0.8288935870331219,3
vit_b16_in1k,celeba,erm,0,marginal_split,APS,0.95,3,3,0.7695560253699789,0.9844961240310077,7095,0.9865951742627346,373,0.9731903485254692,373,0.7695560253699789,7095,0.7695560253699789,3
vit_b16_in1k,celeba,erm,0,marginal_split,APS,0.95,4,3,0.842847075405215,0.9871740662438336,7095,0.9919571045576407,373,0.9758713136729222,373,0.842847075405215,7095,0.842847075405215,3
vit_b16_in1k,celeba,erm,0,marginal_split,APS,0.95,5,3,0.7451726568005638,0.9844961240310077,7095,0.9785522788203753,373,0.967828418230563,373,0.7451726568005638,7095,0.7451726568005638,3
vit_b16_in1k,celeba,erm,0,marginal_split,APS,0.95,6,3,0.8239605355884425,0.986046511627907,7095,0.9839142091152815,373,0.9731903485254692,373,0.8239605355884425,7095,0.8239605355884425,3
vit_b16_in1k,celeba,erm,0,marginal_split,APS,0.95,7,3,0.8280479210711769,0.9881606765327695,7095,0.9839142091152815,373,0.9812332439678284,373,0.8280479210711769,7095,0.8280479210711769,3
vit_b16_in1k,celeba,erm,0,marginal_split,APS,0.95,8,3,0.8236786469344609,0.9877378435517971,7095,0.9919571045576407,373,0.9946380697050938,373,0.8236786469344609,7095,0.8236786469344609,3
vit_b16_in1k,celeba,erm,0,marginal_split,APS,0.95,9,3,0.810570824524313,0.9863284002818886,7095,0.9919571045576407,373,0.9624664879356568,373,0.810570824524313,7095,0.810570824524313,3
vit_b16_in1k,celeba,erm,0,mondrian,APS,0.95,0,3,0.8959830866807611,0.8976744186046511,7095,0.903485254691689,373,0.9222520107238605,373,0.8959830866807611,7095,0.8959830866807611,3
vit_b16_in1k,celeba,erm,0,mondrian,APS,0.95,1,3,0.8900634249471459,0.899506694855532,7095,0.9329758713136729,373,0.9115281501340483,373,0.8900634249471459,7095,0.8900634249471459,3
vit_b16_in1k,celeba,erm,0,mondrian,APS,0.95,2,2,0.8847184986595175,0.896124031007752,7095,0.9222520107238605,373,0.8847184986595175,373,0.9375616631430584,7095,0.8847184986595175,2
vit_b16_in1k,celeba,erm,0,mondrian,APS,0.95,3,3,0.8947145877378435,0.8988019732205779,7095,0.9195710455764075,373,0.8954423592493298,373,0.8947145877378435,7095,0.8947145877378435,3
vit_b16_in1k,celeba,erm,0,mondrian,APS,0.95,4,2,0.8820375335120644,0.8911909795630726,7095,0.8927613941018767,373,0.8820375335120644,373,0.9227625088090204,7095,0.8820375335120644,2
vit_b16_in1k,celeba,erm,0,mondrian,APS,0.95,5,3,0.8754052149400987,0.8966878083157153,7095,0.8847184986595175,373,0.9168900804289544,373,0.8754052149400987,7095,0.8754052149400987,3
vit_b16_in1k,celeba,erm,0,mondrian,APS,0.95,6,1,0.8766756032171582,0.8999295278365046,7095,0.8766756032171582,373,0.9142091152815014,373,0.914446793516561,7095,0.8766756032171582,1
vit_b16_in1k,celeba,erm,0,mondrian,APS,0.95,7,2,0.8793565683646113,0.9014799154334038,7095,0.8820375335120644,373,0.8793565683646113,373,0.9168428470754052,7095,0.8793565683646113,2
vit_b16_in1k,celeba,erm,0,mondrian,APS,0.95,8,1,0.8954423592493298,0.9047216349541931,7095,0.8954423592493298,373,0.9061662198391421,373,0.8979563072586328,7095,0.8954423592493298,1
vit_b16_in1k,celeba,erm,0,mondrian,APS,0.95,9,1,0.8900804289544236,0.8942917547568711,7095,0.8900804289544236,373,0.8954423592493298,373,0.8999295278365046,7095,0.8900804289544236,1
vit_b16_in1k,celeba,erm,1,marginal_split,APS,0.95,0,3,0.8081747709654686,0.9871740662438336,7095,0.9919571045576407,373,0.9839142091152815,373,0.8081747709654686,7095,0.8081747709654686,3
vit_b16_in1k,celeba,erm,1,marginal_split,APS,0.95,1,3,0.7625088090204369,0.985200845665962,7095,0.9946380697050938,373,0.9731903485254692,373,0.7625088090204369,7095,0.7625088090204369,3
vit_b16_in1k,celeba,erm,1,marginal_split,APS,0.95,2,3,0.8288935870331219,0.9894291754756871,7095,0.9839142091152815,373,0.9812332439678284,373,0.8288935870331219,7095,0.8288935870331219,3
vit_b16_in1k,celeba,erm,1,marginal_split,APS,0.95,3,3,0.7695560253699789,0.9844961240310077,7095,0.9865951742627346,373,0.9731903485254692,373,0.7695560253699789,7095,0.7695560253699789,3
vit_b16_in1k,celeba,erm,1,marginal_split,APS,0.95,4,3,0.842847075405215,0.9871740662438336,7095,0.9919571045576407,373,0.9758713136729222,373,0.842847075405215,7095,0.842847075405215,3
vit_b16_in1k,celeba,erm,1,marginal_split,APS,0.95,5,3,0.7451726568005638,0.9844961240310077,7095,0.9785522788203753,373,0.967828418230563,373,0.7451726568005638,7095,0.7451726568005638,3
vit_b16_in1k,celeba,erm,1,marginal_split,APS,0.95,6,3,0.8239605355884425,0.986046511627907,7095,0.9839142091152815,373,0.9731903485254692,373,0.8239605355884425,7095,0.8239605355884425,3
vit_b16_in1k,celeba,erm,1,marginal_split,APS,0.95,7,3,0.8280479210711769,0.9881606765327695,7095,0.9839142091152815,373,0.9812332439678284,373,0.8280479210711769,7095,0.8280479210711769,3
vit_b16_in1k,celeba,erm,1,marginal_split,APS,0.95,8,3,0.8236786469344609,0.9877378435517971,7095,0.9919571045576407,373,0.9946380697050938,373,0.8236786469344609,7095,0.8236786469344609,3
vit_b16_in1k,celeba,erm,1,marginal_split,APS,0.95,9,3,0.810570824524313,0.9863284002818886,7095,0.9919571045576407,373,0.9624664879356568,373,0.810570824524313,7095,0.810570824524313,3
vit_b16_in1k,celeba,erm,1,mondrian,APS,0.95,0,3,0.8959830866807611,0.8976744186046511,7095,0.903485254691689,373,0.9222520107238605,373,0.8959830866807611,7095,0.8959830866807611,3
vit_b16_in1k,celeba,erm,1,mondrian,APS,0.95,1,3,0.8900634249471459,0.899506694855532,7095,0.9329758713136729,373,0.9115281501340483,373,0.8900634249471459,7095,0.8900634249471459,3
vit_b16_in1k,celeba,erm,1,mondrian,APS,0.95,2,2,0.8847184986595175,0.896124031007752,7095,0.9222520107238605,373,0.8847184986595175,373,0.9375616631430584,7095,0.8847184986595175,2
vit_b16_in1k,celeba,erm,1,mondrian,APS,0.95,3,3,0.8947145877378435,0.8988019732205779,7095,0.9195710455764075,373,0.8954423592493298,373,0.8947145877378435,7095,0.8947145877378435,3
vit_b16_in1k,celeba,erm,1,mondrian,APS,0.95,4,2,0.8820375335120644,0.8911909795630726,7095,0.8927613941018767,373,0.8820375335120644,373,0.9227625088090204,7095,0.8820375335120644,2
vit_b16_in1k,celeba,erm,1,mondrian,APS,0.95,5,3,0.8754052149400987,0.8966878083157153,7095,0.8847184986595175,373,0.9168900804289544,373,0.8754052149400987,7095,0.8754052149400987,3
vit_b16_in1k,celeba,erm,1,mondrian,APS,0.95,6,1,0.8766756032171582,0.8999295278365046,7095,0.8766756032171582,373,0.9142091152815014,373,0.914446793516561,7095,0.8766756032171582,1
vit_b16_in1k,celeba,erm,1,mondrian,APS,0.95,7,2,0.8793565683646113,0.9014799154334038,7095,0.8820375335120644,373,0.8793565683646113,373,0.9168428470754052,7095,0.8793565683646113,2
vit_b16_in1k,celeba,erm,1,mondrian,APS,0.95,8,1,0.8954423592493298,0.9047216349541931,7095,0.8954423592493298,373,0.9061662198391421,373,0.8979563072586328,7095,0.8954423592493298,1
vit_b16_in1k,celeba,erm,1,mondrian,APS,0.95,9,1,0.8900804289544236,0.8942917547568711,7095,0.8900804289544236,373,0.8954423592493298,373,0.8999295278365046,7095,0.8900804289544236,1
vit_b16_in1k,celeba,erm,2,marginal_split,APS,0.95,0,3,0.8081747709654686,0.9871740662438336,7095,0.9919571045576407,373,0.9839142091152815,373,0.8081747709654686,7095,0.8081747709654686,3
vit_b16_in1k,celeba,erm,2,marginal_split,APS,0.95,1,3,0.7625088090204369,0.985200845665962,7095,0.9946380697050938,373,0.9731903485254692,373,0.7625088090204369,7095,0.7625088090204369,3
vit_b16_in1k,celeba,erm,2,marginal_split,APS,0.95,2,3,0.8288935870331219,0.9894291754756871,7095,0.9839142091152815,373,0.9812332439678284,373,0.8288935870331219,7095,0.8288935870331219,3
vit_b16_in1k,celeba,erm,2,marginal_split,APS,0.95,3,3,0.7695560253699789,0.9844961240310077,7095,0.9865951742627346,373,0.9731903485254692,373,0.7695560253699789,7095,0.7695560253699789,3
vit_b16_in1k,celeba,erm,2,marginal_split,APS,0.95,4,3,0.842847075405215,0.9871740662438336,7095,0.9919571045576407,373,0.9758713136729222,373,0.842847075405215,7095,0.842847075405215,3
vit_b16_in1k,celeba,erm,2,marginal_split,APS,0.95,5,3,0.7451726568005638,0.9844961240310077,7095,0.9785522788203753,373,0.967828418230563,373,0.7451726568005638,7095,0.7451726568005638,3
vit_b16_in1k,celeba,erm,2,marginal_split,APS,0.95,6,3,0.8239605355884425,0.986046511627907,7095,0.9839142091152815,373,0.9731903485254692,373,0.8239605355884425,7095,0.8239605355884425,3
vit_b16_in1k,celeba,erm,2,marginal_split,APS,0.95,7,3,0.8280479210711769,0.9881606765327695,7095,0.9839142091152815,373,0.9812332439678284,373,0.8280479210711769,7095,0.8280479210711769,3
vit_b16_in1k,celeba,erm,2,marginal_split,APS,0.95,8,3,0.8236786469344609,0.9877378435517971,7095,0.9919571045576407,373,0.9946380697050938,373,0.8236786469344609,7095,0.8236786469344609,3
vit_b16_in1k,celeba,erm,2,marginal_split,APS,0.95,9,3,0.810570824524313,0.9863284002818886,7095,0.9919571045576407,373,0.9624664879356568,373,0.810570824524313,7095,0.810570824524313,3
vit_b16_in1k,celeba,erm,2,mondrian,APS,0.95,0,3,0.8959830866807611,0.8976744186046511,7095,0.903485254691689,373,0.9222520107238605,373,0.8959830866807611,7095,0.8959830866807611,3
vit_b16_in1k,celeba,erm,2,mondrian,APS,0.95,1,3,0.8900634249471459,0.899506694855532,7095,0.9329758713136729,373,0.9115281501340483,373,0.8900634249471459,7095,0.8900634249471459,3
vit_b16_in1k,celeba,erm,2,mondrian,APS,0.95,2,2,0.8847184986595175,0.896124031007752,7095,0.9222520107238605,373,0.8847184986595175,373,0.9375616631430584,7095,0.8847184986595175,2
vit_b16_in1k,celeba,erm,2,mondrian,APS,0.95,3,3,0.8947145877378435,0.8988019732205779,7095,0.9195710455764075,373,0.8954423592493298,373,0.8947145877378435,7095,0.8947145877378435,3
vit_b16_in1k,celeba,erm,2,mondrian,APS,0.95,4,2,0.8820375335120644,0.8911909795630726,7095,0.8927613941018767,373,0.8820375335120644,373,0.9227625088090204,7095,0.8820375335120644,2
vit_b16_in1k,celeba,erm,2,mondrian,APS,0.95,5,3,0.8754052149400987,0.8966878083157153,7095,0.8847184986595175,373,0.9168900804289544,373,0.8754052149400987,7095,0.8754052149400987,3
vit_b16_in1k,celeba,erm,2,mondrian,APS,0.95,6,1,0.8766756032171582,0.8999295278365046,7095,0.8766756032171582,373,0.9142091152815014,373,0.914446793516561,7095,0.8766756032171582,1
vit_b16_in1k,celeba,erm,2,mondrian,APS,0.95,7,2,0.8793565683646113,0.9014799154334038,7095,0.8820375335120644,373,0.8793565683646113,373,0.9168428470754052,7095,0.8793565683646113,2
vit_b16_in1k,celeba,erm,2,mondrian,APS,0.95,8,1,0.8954423592493298,0.9047216349541931,7095,0.8954423592493298,373,0.9061662198391421,373,0.8979563072586328,7095,0.8954423592493298,1
vit_b16_in1k,celeba,erm,2,mondrian,APS,0.95,9,1,0.8900804289544236,0.8942917547568711,7095,0.8900804289544236,373,0.8954423592493298,373,0.8999295278365046,7095,0.8900804289544236,1
vit_b16_in1k,celeba,dfr,0,marginal_split,APS,0.95,0,0,0.8892177589852008,0.8892177589852008,7095,0.8981233243967829,373,0.9302949061662198,373,0.9123326286116984,7095,0.8892177589852008,0
vit_b16_in1k,celeba,dfr,0,marginal_split,APS,0.95,1,0,0.8824524312896406,0.8824524312896406,7095,0.935656836461126,373,0.9329758713136729,373,0.8923185341789993,7095,0.8824524312896406,0
vit_b16_in1k,celeba,dfr,0,marginal_split,APS,0.95,2,0,0.8863988724453841,0.8863988724453841,7095,0.9195710455764075,373,0.9544235924932976,373,0.9233262861169838,7095,0.8863988724453841,0
vit_b16_in1k,celeba,dfr,0,marginal_split,APS,0.95,3,0,0.8715997181113461,0.8715997181113461,7095,0.9463806970509383,373,0.9436997319034852,373,0.9030303030303031,7095,0.8715997181113461,0
vit_b16_in1k,celeba,dfr,0,marginal_split,APS,0.95,4,0,0.8894996476391825,0.8894996476391825,7095,0.9302949061662198,373,0.9597855227882037,373,0.9302325581395349,7095,0.8894996476391825,0
vit_b16_in1k,celeba,dfr,0,marginal_split,APS,0.95,5,0,0.8799154334038055,0.8799154334038055,7095,0.9088471849865952,373,0.9329758713136729,373,0.8848484848484849,7095,0.8799154334038055,0
vit_b16_in1k,celeba,dfr,0,marginal_split,APS,0.95,6,0,0.8801973220577872,0.8801973220577872,7095,0.8900804289544236,373,0.9276139410187667,373,0.8848484848484849,7095,0.8801973220577872,0
vit_b16_in1k,celeba,dfr,0,marginal_split,APS,0.95,7,0,0.8871035940803382,0.8871035940803382,7095,0.9115281501340483,373,0.9436997319034852,373,0.9171247357293869,7095,0.8871035940803382,0
vit_b16_in1k,celeba,dfr,0,marginal_split,APS,0.95,8,0,0.8811839323467231,0.8811839323467231,7095,0.9302949061662198,373,0.9249329758713136,373,0.9019027484143763,7095,0.8811839323467231,0
vit_b16_in1k,celeba,dfr,0,marginal_split,APS,0.95,9,0,0.8828752642706131,0.8828752642706131,7095,0.9115281501340483,373,0.9276139410187667,373,0.906553911205074,7095,0.8828752642706131,0
vit_b16_in1k,celeba,dfr,0,mondrian,APS,0.95,0,1,0.8552278820375335,0.899506694855532,7095,0.8552278820375335,373,0.900804289544236,373,0.9050035236081748,7095,0.8552278820375335,1
vit_b16_in1k,celeba,dfr,0,mondrian,APS,0.95,1,3,0.8737138830162086,0.9055673009161381,7095,0.9222520107238605,373,0.9142091152815014,373,0.8737138830162086,7095,0.8737138830162086,3
vit_b16_in1k,celeba,dfr,0,mondrian,APS,0.95,2,2,0.8927613941018767,0.8952783650458069,7095,0.8954423592493298,373,0.8927613941018767,373,0.9226215644820296,7095,0.8927613941018767,2
vit_b16_in1k,celeba,dfr,0,mondrian,APS,0.95,3,2,0.8739946380697051,0.8904862579281184,7095,0.9463806970509383,373,0.8739946380697051,373,0.8903453136011276,7095,0.8739946380697051,2
vit_b16_in1k,celeba,dfr,0,mondrian,APS,0.95,4,1,0.8579088471849866,0.8954193093727978,7095,0.8579088471849866,373,0.8820375335120644,373,0.9276955602536998,7095,0.8579088471849866,1
vit_b16_in1k,celeba,dfr,0,mondrian,APS,0.95,5,3,0.8548273431994362,0.9088090204369275,7095,0.8873994638069705,373,0.9088471849865952,373,0.8548273431994362,7095,0.8548273431994362,3
vit_b16_in1k,celeba,dfr,0,mondrian,APS,0.95,6,3,0.8552501761804088,0.9031712473572938,7095,0.8873994638069705,373,0.8900804289544236,373,0.8552501761804088,7095,0.8552501761804088,3
vit_b16_in1k,celeba,dfr,0,mondrian,APS,0.95,7,2,0.8847184986595175,0.8964059196617337,7095,0.8900804289544236,373,0.8847184986595175,373,0.9131782945736434,7095,0.8847184986595175,2
vit_b16_in1k,celeba,dfr,0,mondrian,APS,0.95,8,1,0.8766756032171582,0.8993657505285412,7095,0.8766756032171582,373,0.900804289544236,373,0.8948555320648344,7095,0.8766756032171582,1
vit_b16_in1k,celeba,dfr,0,mondrian,APS,0.95,9,2,0.8793565683646113,0.8982381959126146,7095,0.9115281501340483,373,0.8793565683646113,373,0.8992248062015504,7095,0.8793565683646113,2
vit_b16_in1k,celeba,dfr,1,marginal_split,APS,0.95,0,0,0.883861874559549,0.883861874559549,7095,0.900804289544236,373,0.9302949061662198,373,0.9245947850599013,7095,0.883861874559549,0
vit_b16_in1k,celeba,dfr,1,marginal_split,APS,0.95,1,0,0.8807610993657505,0.8807610993657505,7095,0.9195710455764075,373,0.938337801608579,373,0.9050035236081748,7095,0.8807610993657505,0
vit_b16_in1k,celeba,dfr,1,marginal_split,APS,0.95,2,0,0.8780831571529246,0.8780831571529246,7095,0.903485254691689,373,0.9410187667560321,373,0.9293868921775899,7095,0.8780831571529246,0
vit_b16_in1k,celeba,dfr,1,marginal_split,APS,0.95,3,0,0.8621564482029598,0.8621564482029598,7095,0.9544235924932976,373,0.9302949061662198,373,0.8964059196617337,7095,0.8621564482029598,0
vit_b16_in1k,celeba,dfr,1,marginal_split,APS,0.95,4,0,0.8766737138830162,0.8766737138830162,7095,0.9142091152815014,373,0.938337801608579,373,0.9265680056377731,7095,0.8766737138830162,0
vit_b16_in1k,celeba,dfr,1,marginal_split,APS,0.95,5,0,0.8801973220577872,0.8801973220577872,7095,0.9115281501340483,373,0.9410187667560321,373,0.9079633544749823,7095,0.8801973220577872,0
vit_b16_in1k,celeba,dfr,1,marginal_split,APS,0.95,6,0,0.8725863284002819,0.8725863284002819,7095,0.8873994638069705,373,0.9222520107238605,373,0.8975334742776603,7095,0.8725863284002819,0
vit_b16_in1k,celeba,dfr,1,marginal_split,APS,0.95,7,0,0.8786469344608879,0.8786469344608879,7095,0.900804289544236,373,0.9436997319034852,373,0.9255813953488372,7095,0.8786469344608879,0
vit_b16_in1k,celeba,dfr,1,marginal_split,APS,0.95,8,0,0.8690627202255109,0.8690627202255109,7095,0.9142091152815014,373,0.938337801608579,373,0.9089499647639182,7095,0.8690627202255109,0
vit_b16_in1k,celeba,dfr,1,marginal_split,APS,0.95,9,0,0.8745595489781536,0.8745595489781536,7095,0.8927613941018767,373,0.9142091152815014,373,0.9133192389006343,7095,0.8745595489781536,0
vit_b16_in1k,celeba,dfr,1,mondrian,APS,0.95,0,1,0.8820375335120644,0.9010570824524313,7095,0.8820375335120644,373,0.9115281501340483,373,0.9119097956307258,7095,0.8820375335120644,1
vit_b16_in1k,celeba,dfr,1,mondrian,APS,0.95,1,3,0.8748414376321353,0.9069767441860465,7095,0.9195710455764075,373,0.9222520107238605,373,0.8748414376321353,7095,0.8748414376321353,3
vit_b16_in1k,celeba,dfr,1,mondrian,APS,0.95,2,0,0.88907681465821,0.88907681465821,7095,0.900804289544236,373,0.8981233243967829,373,0.9221987315010571,7095,0.88907681465821,0
vit_b16_in1k,celeba,dfr,1,mondrian,APS,0.95,3,2,0.8525469168900804,0.8945736434108527,7095,0.9651474530831099,373,0.8525469168900804,373,0.8606060606060606,7095,0.8525469168900804,2
vit_b16_in1k,celeba,dfr,1,mondrian,APS,0.95,4,1,0.8766756032171582,0.8965468639887244,7095,0.8766756032171582,373,0.9061662198391421,373,0.9128964059196617,7095,0.8766756032171582,1
vit_b16_in1k,celeba,dfr,1,mondrian,APS,0.95,5,3,0.8755461592670895,0.9085271317829458,7095,0.9088471849865952,373,0.9088471849865952,373,0.8755461592670895,7095,0.8755461592670895,3
vit_b16_in1k,celeba,dfr,1,mondrian,APS,0.95,6,3,0.8670894996476392,0.8989429175475687,7095,0.8847184986595175,373,0.8927613941018767,373,0.8670894996476392,7095,0.8670894996476392,3
vit_b16_in1k,celeba,dfr,1,mondrian,APS,0.95,7,1,0.8793565683646113,0.893446088794926,7095,0.8793565683646113,373,0.9088471849865952,373,0.918816067653277,7095,0.8793565683646113,1
vit_b16_in1k,celeba,dfr,1,mondrian,APS,0.95,8,2,0.8900804289544236,0.8952783650458069,7095,0.903485254691689,373,0.8900804289544236,373,0.8923185341789993,7095,0.8900804289544236,2
vit_b16_in1k,celeba,dfr,1,mondrian,APS,0.95,9,2,0.8793565683646113,0.8976744186046511,7095,0.8927613941018767,373,0.8793565683646113,373,0.8975334742776603,7095,0.8793565683646113,2
vit_b16_in1k,celeba,dfr,2,marginal_split,APS,0.95,0,0,0.8842847075405215,0.8842847075405215,7095,0.8927613941018767,373,0.9302949061662198,373,0.9193798449612403,7095,0.8842847075405215,0
vit_b16_in1k,celeba,dfr,2,marginal_split,APS,0.95,1,0,0.8832980972515856,0.8832980972515856,7095,0.9168900804289544,373,0.9276139410187667,373,0.9004933051444679,7095,0.8832980972515856,0
vit_b16_in1k,celeba,dfr,2,marginal_split,APS,0.95,2,0,0.8810429880197322,0.8810429880197322,7095,0.9061662198391421,373,0.9571045576407506,373,0.9155743481324876,7095,0.8810429880197322,0
vit_b16_in1k,celeba,dfr,2,marginal_split,APS,0.95,3,0,0.8713178294573644,0.8713178294573644,7095,0.935656836461126,373,0.9329758713136729,373,0.9085271317829458,7095,0.8713178294573644,0
vit_b16_in1k,celeba,dfr,2,marginal_split,APS,0.95,4,0,0.8831571529245947,0.8831571529245947,7095,0.9115281501340483,373,0.9544235924932976,373,0.9245947850599013,7095,0.8831571529245947,0
vit_b16_in1k,celeba,dfr,2,marginal_split,APS,0.95,5,0,0.8820295983086681,0.8820295983086681,7095,0.900804289544236,373,0.9463806970509383,373,0.8871035940803382,7095,0.8820295983086681,0
vit_b16_in1k,celeba,dfr,2,marginal_split,APS,0.95,6,0,0.8799154334038055,0.8799154334038055,7095,0.8927613941018767,373,0.9249329758713136,373,0.897815362931642,7095,0.8799154334038055,0
vit_b16_in1k,celeba,dfr,2,marginal_split,APS,0.95,7,0,0.8832980972515856,0.8832980972515856,7095,0.9061662198391421,373,0.9436997319034852,373,0.9185341789992952,7095,0.8832980972515856,0
vit_b16_in1k,celeba,dfr,2,marginal_split,APS,0.95,8,0,0.8762508809020437,0.8762508809020437,7095,0.9168900804289544,373,0.9490616621983914,373,0.9085271317829458,7095,0.8762508809020437,0
vit_b16_in1k,celeba,dfr,2,marginal_split,APS,0.95,9,0,0.883016208597604,0.883016208597604,7095,0.9061662198391421,373,0.9249329758713136,373,0.9209302325581395,7095,0.883016208597604,0
vit_b16_in1k,celeba,dfr,2,mondrian,APS,0.95,0,1,0.8766756032171582,0.8990838618745596,7095,0.8766756032171582,373,0.9142091152815014,373,0.9096546863988725,7095,0.8766756032171582,1
vit_b16_in1k,celeba,dfr,2,mondrian,APS,0.95,1,3,0.8797744890768147,0.9037350246652572,7095,0.9168900804289544,373,0.8954423592493298,373,0.8797744890768147,7095,0.8797744890768147,3
vit_b16_in1k,celeba,dfr,2,mondrian,APS,0.95,2,0,0.8907681465821,0.8907681465821,7095,0.9195710455764075,373,0.8927613941018767,373,0.9072586328400282,7095,0.8907681465821,0
vit_b16_in1k,celeba,dfr,2,mondrian,APS,0.95,3,2,0.8820375335120644,0.8894996476391825,7095,0.9463806970509383,373,0.8820375335120644,373,0.8896405919661734,7095,0.8820375335120644,2
vit_b16_in1k,celeba,dfr,2,mondrian,APS,0.95,4,1,0.868632707774799,0.9034531360112755,7095,0.868632707774799,373,0.8766756032171582,373,0.9102184637068358,7095,0.868632707774799,1
vit_b16_in1k,celeba,dfr,2,mondrian,APS,0.95,5,3,0.8549682875264271,0.9088090204369275,7095,0.8820375335120644,373,0.9463806970509383,373,0.8549682875264271,7095,0.8549682875264271,3
vit_b16_in1k,celeba,dfr,2,mondrian,APS,0.95,6,3,0.8676532769556026,0.9041578576462297,7095,0.8900804289544236,373,0.8873994638069705,373,0.8676532769556026,7095,0.8676532769556026,3
vit_b16_in1k,celeba,dfr,2,mondrian,APS,0.95,7,1,0.8820375335120644,0.8965468639887244,7095,0.8820375335120644,373,0.9168900804289544,373,0.9090909090909091,7095,0.8820375335120644,1
vit_b16_in1k,celeba,dfr,2,mondrian,APS,0.95,8,1,0.8873994638069705,0.8962649753347428,7095,0.8873994638069705,373,0.8873994638069705,373,0.8897815362931643,7095,0.8873994638069705,1
vit_b16_in1k,celeba,dfr,2,mondrian,APS,0.95,9,2,0.8739946380697051,0.898661028893587,7095,0.9142091152815014,373,0.8739946380697051,373,0.9133192389006343,7095,0.8739946380697051,2
vit_b16_in1k,celeba,afr,0,marginal_split,APS,0.95,0,1,0.7131367292225201,0.8178999295278365,7095,0.7131367292225201,373,1.0,373,1.0,7095,0.7131367292225201,1
vit_b16_in1k,celeba,afr,0,marginal_split,APS,0.95,1,1,0.6916890080428955,0.8239605355884425,7095,0.6916890080428955,373,0.9919571045576407,373,1.0,7095,0.6916890080428955,1
vit_b16_in1k,celeba,afr,0,marginal_split,APS,0.95,2,1,0.7050938337801609,0.8119802677942213,7095,0.7050938337801609,373,0.9919571045576407,373,1.0,7095,0.7050938337801609,1
vit_b16_in1k,celeba,afr,0,marginal_split,APS,0.95,3,1,0.7292225201072386,0.8170542635658915,7095,0.7292225201072386,373,0.9839142091152815,373,0.9998590556730091,7095,0.7292225201072386,1
vit_b16_in1k,celeba,afr,0,marginal_split,APS,0.95,4,1,0.6595174262734584,0.8080338266384778,7095,0.6595174262734584,373,0.9946380697050938,373,0.9998590556730091,7095,0.6595174262734584,1
vit_b16_in1k,celeba,afr,0,marginal_split,APS,0.95,5,1,0.6997319034852547,0.8093023255813954,7095,0.6997319034852547,373,0.9973190348525469,373,1.0,7095,0.6997319034852547,1
vit_b16_in1k,celeba,afr,0,marginal_split,APS,0.95,6,1,0.7131367292225201,0.8050739957716702,7095,0.7131367292225201,373,0.9973190348525469,373,1.0,7095,0.7131367292225201,1
vit_b16_in1k,celeba,afr,0,marginal_split,APS,0.95,7,1,0.7345844504021448,0.8112755461592671,7095,0.7345844504021448,373,1.0,373,0.9998590556730091,7095,0.7345844504021448,1
vit_b16_in1k,celeba,afr,0,marginal_split,APS,0.95,8,1,0.6970509383378016,0.8028188865398168,7095,0.6970509383378016,373,0.9946380697050938,373,1.0,7095,0.6970509383378016,1
vit_b16_in1k,celeba,afr,0,marginal_split,APS,0.95,9,1,0.6836461126005362,0.8064834390415786,7095,0.6836461126005362,373,0.9973190348525469,373,1.0,7095,0.6836461126005362,1
vit_b16_in1k,celeba,afr,0,mondrian,APS,0.95,0,3,0.8941508104298802,0.9113460183227625,7095,0.9115281501340483,373,0.8954423592493298,373,0.8941508104298802,7095,0.8941508104298802,3
vit_b16_in1k,celeba,afr,0,mondrian,APS,0.95,1,1,0.8739946380697051,0.9182522903453136,7095,0.8739946380697051,373,0.900804289544236,373,0.9495419309372798,7095,0.8739946380697051,1
vit_b16_in1k,celeba,afr,0,mondrian,APS,0.95,2,0,0.9064129668780831,0.9064129668780831,7095,0.9195710455764075,373,0.9142091152815014,373,0.9299506694855532,7095,0.9064129668780831,0
vit_b16_in1k,celeba,afr,0,mondrian,APS,0.95,3,3,0.8820295983086681,0.9047216349541931,7095,0.9168900804289544,373,0.8873994638069705,373,0.8820295983086681,7095,0.8820295983086681,3
vit_b16_in1k,celeba,afr,0,mondrian,APS,0.95,4,3,0.8758280479210712,0.8992248062015504,7095,0.9249329758713136,373,0.8766756032171582,373,0.8758280479210712,7095,0.8758280479210712,3
vit_b16_in1k,celeba,afr,0,mondrian,APS,0.95,5,1,0.8739946380697051,0.9033121916842847,7095,0.8739946380697051,373,0.9061662198391421,373,0.9608174770965469,7095,0.8739946380697051,1
vit_b16_in1k,celeba,afr,0,mondrian,APS,0.95,6,3,0.8727272727272727,0.9026074700493305,7095,0.8981233243967829,373,0.9329758713136729,373,0.8727272727272727,7095,0.8727272727272727,3
vit_b16_in1k,celeba,afr,0,mondrian,APS,0.95,7,1,0.8847184986595175,0.9050035236081748,7095,0.8847184986595175,373,0.938337801608579,373,0.915292459478506,7095,0.8847184986595175,1
vit_b16_in1k,celeba,afr,0,mondrian,APS,0.95,8,1,0.8766756032171582,0.8940098661028894,7095,0.8766756032171582,373,0.9195710455764075,373,0.921353065539112,7095,0.8766756032171582,1
vit_b16_in1k,celeba,afr,0,mondrian,APS,0.95,9,1,0.8632707774798928,0.9004933051444679,7095,0.8632707774798928,373,0.903485254691689,373,0.9174066243833686,7095,0.8632707774798928,1
vit_b16_in1k,celeba,afr,1,marginal_split,APS,0.95,0,1,0.7131367292225201,0.8178999295278365,7095,0.7131367292225201,373,1.0,373,1.0,7095,0.7131367292225201,1
vit_b16_in1k,celeba,afr,1,marginal_split,APS,0.95,1,1,0.6916890080428955,0.8239605355884425,7095,0.6916890080428955,373,0.9919571045576407,373,1.0,7095,0.6916890080428955,1
vit_b16_in1k,celeba,afr,1,marginal_split,APS,0.95,2,1,0.7050938337801609,0.8119802677942213,7095,0.7050938337801609,373,0.9919571045576407,373,1.0,7095,0.7050938337801609,1
vit_b16_in1k,celeba,afr,1,marginal_split,APS,0.95,3,1,0.7292225201072386,0.8170542635658915,7095,0.7292225201072386,373,0.9839142091152815,373,0.9998590556730091,7095,0.7292225201072386,1
vit_b16_in1k,celeba,afr,1,marginal_split,APS,0.95,4,1,0.6595174262734584,0.8080338266384778,7095,0.6595174262734584,373,0.9946380697050938,373,0.9998590556730091,7095,0.6595174262734584,1
vit_b16_in1k,celeba,afr,1,marginal_split,APS,0.95,5,1,0.6997319034852547,0.8093023255813954,7095,0.6997319034852547,373,0.9973190348525469,373,1.0,7095,0.6997319034852547,1
vit_b16_in1k,celeba,afr,1,marginal_split,APS,0.95,6,1,0.7131367292225201,0.8050739957716702,7095,0.7131367292225201,373,0.9973190348525469,373,1.0,7095,0.7131367292225201,1
vit_b16_in1k,celeba,afr,1,marginal_split,APS,0.95,7,1,0.7345844504021448,0.8112755461592671,7095,0.7345844504021448,373,1.0,373,0.9998590556730091,7095,0.7345844504021448,1
vit_b16_in1k,celeba,afr,1,marginal_split,APS,0.95,8,1,0.6970509383378016,0.8028188865398168,7095,0.6970509383378016,373,0.9946380697050938,373,1.0,7095,0.6970509383378016,1
vit_b16_in1k,celeba,afr,1,marginal_split,APS,0.95,9,1,0.6836461126005362,0.8064834390415786,7095,0.6836461126005362,373,0.9973190348525469,373,1.0,7095,0.6836461126005362,1
vit_b16_in1k,celeba,afr,1,mondrian,APS,0.95,0,3,0.8941508104298802,0.9113460183227625,7095,0.9115281501340483,373,0.8954423592493298,373,0.8941508104298802,7095,0.8941508104298802,3
vit_b16_in1k,celeba,afr,1,mondrian,APS,0.95,1,1,0.8739946380697051,0.9182522903453136,7095,0.8739946380697051,373,0.900804289544236,373,0.9495419309372798,7095,0.8739946380697051,1
vit_b16_in1k,celeba,afr,1,mondrian,APS,0.95,2,0,0.9064129668780831,0.9064129668780831,7095,0.9195710455764075,373,0.9142091152815014,373,0.9299506694855532,7095,0.9064129668780831,0
vit_b16_in1k,celeba,afr,1,mondrian,APS,0.95,3,3,0.8820295983086681,0.9047216349541931,7095,0.9168900804289544,373,0.8873994638069705,373,0.8820295983086681,7095,0.8820295983086681,3
vit_b16_in1k,celeba,afr,1,mondrian,APS,0.95,4,3,0.8758280479210712,0.8992248062015504,7095,0.9249329758713136,373,0.8766756032171582,373,0.8758280479210712,7095,0.8758280479210712,3
vit_b16_in1k,celeba,afr,1,mondrian,APS,0.95,5,1,0.8739946380697051,0.9033121916842847,7095,0.8739946380697051,373,0.9061662198391421,373,0.9608174770965469,7095,0.8739946380697051,1
vit_b16_in1k,celeba,afr,1,mondrian,APS,0.95,6,3,0.8727272727272727,0.9026074700493305,7095,0.8981233243967829,373,0.9329758713136729,373,0.8727272727272727,7095,0.8727272727272727,3
vit_b16_in1k,celeba,afr,1,mondrian,APS,0.95,7,1,0.8847184986595175,0.9050035236081748,7095,0.8847184986595175,373,0.938337801608579,373,0.915292459478506,7095,0.8847184986595175,1
vit_b16_in1k,celeba,afr,1,mondrian,APS,0.95,8,1,0.8766756032171582,0.8940098661028894,7095,0.8766756032171582,373,0.9195710455764075,373,0.921353065539112,7095,0.8766756032171582,1
vit_b16_in1k,celeba,afr,1,mondrian,APS,0.95,9,1,0.8632707774798928,0.9004933051444679,7095,0.8632707774798928,373,0.903485254691689,373,0.9174066243833686,7095,0.8632707774798928,1
vit_b16_in1k,celeba,afr,2,marginal_split,APS,0.95,0,1,0.7131367292225201,0.8178999295278365,7095,0.7131367292225201,373,1.0,373,1.0,7095,0.7131367292225201,1
vit_b16_in1k,celeba,afr,2,marginal_split,APS,0.95,1,1,0.6916890080428955,0.8239605355884425,7095,0.6916890080428955,373,0.9919571045576407,373,1.0,7095,0.6916890080428955,1
vit_b16_in1k,celeba,afr,2,marginal_split,APS,0.95,2,1,0.7050938337801609,0.8119802677942213,7095,0.7050938337801609,373,0.9919571045576407,373,1.0,7095,0.7050938337801609,1
vit_b16_in1k,celeba,afr,2,marginal_split,APS,0.95,3,1,0.7292225201072386,0.8170542635658915,7095,0.7292225201072386,373,0.9839142091152815,373,0.9998590556730091,7095,0.7292225201072386,1
vit_b16_in1k,celeba,afr,2,marginal_split,APS,0.95,4,1,0.6595174262734584,0.8080338266384778,7095,0.6595174262734584,373,0.9946380697050938,373,0.9998590556730091,7095,0.6595174262734584,1
vit_b16_in1k,celeba,afr,2,marginal_split,APS,0.95,5,1,0.6997319034852547,0.8093023255813954,7095,0.6997319034852547,373,0.9973190348525469,373,1.0,7095,0.6997319034852547,1
vit_b16_in1k,celeba,afr,2,marginal_split,APS,0.95,6,1,0.7131367292225201,0.8050739957716702,7095,0.7131367292225201,373,0.9973190348525469,373,1.0,7095,0.7131367292225201,1
vit_b16_in1k,celeba,afr,2,marginal_split,APS,0.95,7,1,0.7345844504021448,0.8112755461592671,7095,0.7345844504021448,373,1.0,373,0.9998590556730091,7095,0.7345844504021448,1
vit_b16_in1k,celeba,afr,2,marginal_split,APS,0.95,8,1,0.6970509383378016,0.8028188865398168,7095,0.6970509383378016,373,0.9946380697050938,373,1.0,7095,0.6970509383378016,1
vit_b16_in1k,celeba,afr,2,marginal_split,APS,0.95,9,1,0.6836461126005362,0.8064834390415786,7095,0.6836461126005362,373,0.9973190348525469,373,1.0,7095,0.6836461126005362,1
vit_b16_in1k,celeba,afr,2,mondrian,APS,0.95,0,3,0.8941508104298802,0.9113460183227625,7095,0.9115281501340483,373,0.8954423592493298,373,0.8941508104298802,7095,0.8941508104298802,3
vit_b16_in1k,celeba,afr,2,mondrian,APS,0.95,1,1,0.8739946380697051,0.9182522903453136,7095,0.8739946380697051,373,0.900804289544236,373,0.9495419309372798,7095,0.8739946380697051,1
vit_b16_in1k,celeba,afr,2,mondrian,APS,0.95,2,0,0.9064129668780831,0.9064129668780831,7095,0.9195710455764075,373,0.9142091152815014,373,0.9299506694855532,7095,0.9064129668780831,0
vit_b16_in1k,celeba,afr,2,mondrian,APS,0.95,3,3,0.8820295983086681,0.9047216349541931,7095,0.9168900804289544,373,0.8873994638069705,373,0.8820295983086681,7095,0.8820295983086681,3
vit_b16_in1k,celeba,afr,2,mondrian,APS,0.95,4,3,0.8758280479210712,0.8992248062015504,7095,0.9249329758713136,373,0.8766756032171582,373,0.8758280479210712,7095,0.8758280479210712,3
vit_b16_in1k,celeba,afr,2,mondrian,APS,0.95,5,1,0.8739946380697051,0.9033121916842847,7095,0.8739946380697051,373,0.9061662198391421,373,0.9608174770965469,7095,0.8739946380697051,1
vit_b16_in1k,celeba,afr,2,mondrian,APS,0.95,6,3,0.8727272727272727,0.9026074700493305,7095,0.8981233243967829,373,0.9329758713136729,373,0.8727272727272727,7095,0.8727272727272727,3
vit_b16_in1k,celeba,afr,2,mondrian,APS,0.95,7,1,0.8847184986595175,0.9050035236081748,7095,0.8847184986595175,373,0.938337801608579,373,0.915292459478506,7095,0.8847184986595175,1
vit_b16_in1k,celeba,afr,2,mondrian,APS,0.95,8,1,0.8766756032171582,0.8940098661028894,7095,0.8766756032171582,373,0.9195710455764075,373,0.921353065539112,7095,0.8766756032171582,1
vit_b16_in1k,celeba,afr,2,mondrian,APS,0.95,9,1,0.8632707774798928,0.9004933051444679,7095,0.8632707774798928,373,0.903485254691689,373,0.9174066243833686,7095,0.8632707774798928,1
vit_b16_in1k,celeba,groupdro_ll,0,marginal_split,APS,0.95,0,1,0.868632707774799,0.8775193798449612,7095,0.868632707774799,373,0.9142091152815014,373,0.9097956307258633,7095,0.868632707774799,1
vit_b16_in1k,celeba,groupdro_ll,0,marginal_split,APS,0.95,1,0,0.8921775898520085,0.8921775898520085,7095,0.9222520107238605,373,0.8954423592493298,373,0.9419309372797745,7095,0.8921775898520085,0
vit_b16_in1k,celeba,groupdro_ll,0,marginal_split,APS,0.95,2,0,0.8897815362931643,0.8897815362931643,7095,0.9195710455764075,373,0.9168900804289544,373,0.9465821000704722,7095,0.8897815362931643,0
vit_b16_in1k,celeba,groupdro_ll,0,marginal_split,APS,0.95,3,0,0.8737138830162086,0.8737138830162086,7095,0.9142091152815014,373,0.8900804289544236,373,0.9052854122621564,7095,0.8737138830162086,0
vit_b16_in1k,celeba,groupdro_ll,0,marginal_split,APS,0.95,4,0,0.8773784355179705,0.8773784355179705,7095,0.9276139410187667,373,0.9195710455764075,373,0.937984496124031,7095,0.8773784355179705,0
vit_b16_in1k,celeba,groupdro_ll,0,marginal_split,APS,0.95,5,0,0.8845665961945032,0.8845665961945032,7095,0.9168900804289544,373,0.9276139410187667,373,0.9178294573643411,7095,0.8845665961945032,0
vit_b16_in1k,celeba,groupdro_ll,0,marginal_split,APS,0.95,6,0,0.8832980972515856,0.8832980972515856,7095,0.8847184986595175,373,0.9142091152815014,373,0.916983791402396,7095,0.8832980972515856,0
vit_b16_in1k,celeba,groupdro_ll,0,marginal_split,APS,0.95,7,0,0.8820295983086681,0.8820295983086681,7095,0.8927613941018767,373,0.9115281501340483,373,0.9219168428470754,7095,0.8820295983086681,0
vit_b16_in1k,celeba,groupdro_ll,0,marginal_split,APS,0.95,8,0,0.8770965468639887,0.8770965468639887,7095,0.8900804289544236,373,0.9088471849865952,373,0.9158562367864693,7095,0.8770965468639887,0
vit_b16_in1k,celeba,groupdro_ll,0,marginal_split,APS,0.95,9,0,0.8797744890768147,0.8797744890768147,7095,0.8927613941018767,373,0.903485254691689,373,0.9079633544749823,7095,0.8797744890768147,0
vit_b16_in1k,celeba,groupdro_ll,0,mondrian,APS,0.95,0,1,0.8766756032171582,0.8962649753347428,7095,0.8766756032171582,373,0.9249329758713136,373,0.88907681465821,7095,0.8766756032171582,1
vit_b16_in1k,celeba,groupdro_ll,0,mondrian,APS,0.95,1,2,0.900804289544236,0.9011980267794222,7095,0.9329758713136729,373,0.900804289544236,373,0.9333333333333333,7095,0.900804289544236,2
vit_b16_in1k,celeba,groupdro_ll,0,mondrian,APS,0.95,2,2,0.8766756032171582,0.8983791402396053,7095,0.9249329758713136,373,0.8766756032171582,373,0.9408033826638478,7095,0.8766756032171582,2
vit_b16_in1k,celeba,groupdro_ll,0,mondrian,APS,0.95,3,3,0.8749823819591261,0.896969696969697,7095,0.9276139410187667,373,0.8793565683646113,373,0.8749823819591261,7095,0.8749823819591261,3
vit_b16_in1k,celeba,groupdro_ll,0,mondrian,APS,0.95,4,2,0.8900804289544236,0.8921775898520085,7095,0.9061662198391421,373,0.8900804289544236,373,0.9174066243833686,7095,0.8900804289544236,2
vit_b16_in1k,celeba,groupdro_ll,0,mondrian,APS,0.95,5,3,0.898661028893587,0.9059901338971107,7095,0.903485254691689,373,0.938337801608579,373,0.898661028893587,7095,0.898661028893587,3
vit_b16_in1k,celeba,groupdro_ll,0,mondrian,APS,0.95,6,1,0.8579088471849866,0.9083861874559549,7095,0.8579088471849866,373,0.9276139410187667,373,0.8988019732205779,7095,0.8579088471849866,1
vit_b16_in1k,celeba,groupdro_ll,0,mondrian,APS,0.95,7,1,0.8766756032171582,0.9044397463002114,7095,0.8766756032171582,373,0.8900804289544236,373,0.9028893587033122,7095,0.8766756032171582,1
vit_b16_in1k,celeba,groupdro_ll,0,mondrian,APS,0.95,8,2,0.8873994638069705,0.8997885835095137,7095,0.9088471849865952,373,0.8873994638069705,373,0.8957011980267794,7095,0.8873994638069705,2
vit_b16_in1k,celeba,groupdro_ll,0,mondrian,APS,0.95,9,3,0.8859760394644115,0.8971106412966878,7095,0.9195710455764075,373,0.9142091152815014,373,0.8859760394644115,7095,0.8859760394644115,3
vit_b16_in1k,celeba,groupdro_ll,1,marginal_split,APS,0.95,0,1,0.8659517426273459,0.8772374911909796,7095,0.8659517426273459,373,0.9115281501340483,373,0.9105003523608175,7095,0.8659517426273459,1
vit_b16_in1k,celeba,groupdro_ll,1,marginal_split,APS,0.95,1,0,0.8924594785059902,0.8924594785059902,7095,0.9222520107238605,373,0.900804289544236,373,0.9412262156448203,7095,0.8924594785059902,0
vit_b16_in1k,celeba,groupdro_ll,1,marginal_split,APS,0.95,2,0,0.8900634249471459,0.8900634249471459,7095,0.9222520107238605,373,0.9142091152815014,373,0.9463002114164905,7095,0.8900634249471459,0
vit_b16_in1k,celeba,groupdro_ll,1,marginal_split,APS,0.95,3,0,0.8732910500352361,0.8732910500352361,7095,0.9115281501340483,373,0.8900804289544236,373,0.9051444679351656,7095,0.8732910500352361,0
vit_b16_in1k,celeba,groupdro_ll,1,marginal_split,APS,0.95,4,0,0.8780831571529246,0.8780831571529246,7095,0.9302949061662198,373,0.9195710455764075,373,0.9385482734319943,7095,0.8780831571529246,0
vit_b16_in1k,celeba,groupdro_ll,1,marginal_split,APS,0.95,5,0,0.8849894291754757,0.8849894291754757,7095,0.9168900804289544,373,0.9249329758713136,373,0.9181113460183228,7095,0.8849894291754757,0
vit_b16_in1k,celeba,groupdro_ll,1,marginal_split,APS,0.95,6,0,0.883016208597604,0.883016208597604,7095,0.8847184986595175,373,0.9142091152815014,373,0.9171247357293869,7095,0.883016208597604,0
vit_b16_in1k,celeba,groupdro_ll,1,marginal_split,APS,0.95,7,0,0.8821705426356589,0.8821705426356589,7095,0.8927613941018767,373,0.9115281501340483,373,0.9224806201550387,7095,0.8821705426356589,0
vit_b16_in1k,celeba,groupdro_ll,1,marginal_split,APS,0.95,8,0,0.8773784355179705,0.8773784355179705,7095,0.8873994638069705,373,0.9061662198391421,373,0.9162790697674419,7095,0.8773784355179705,0
vit_b16_in1k,celeba,groupdro_ll,1,marginal_split,APS,0.95,9,0,0.8789288231148696,0.8789288231148696,7095,0.8927613941018767,373,0.8981233243967829,373,0.9069767441860465,7095,0.8789288231148696,0
vit_b16_in1k,celeba,groupdro_ll,1,mondrian,APS,0.95,0,1,0.8766756032171582,0.8964059196617337,7095,0.8766756032171582,373,0.9276139410187667,373,0.8894996476391825,7095,0.8766756032171582,1
vit_b16_in1k,celeba,groupdro_ll,1,mondrian,APS,0.95,1,0,0.9010570824524313,0.9010570824524313,7095,0.9329758713136729,373,0.9061662198391421,373,0.9324876673713883,7095,0.9010570824524313,0
vit_b16_in1k,celeba,groupdro_ll,1,mondrian,APS,0.95,2,2,0.8766756032171582,0.8988019732205779,7095,0.9276139410187667,373,0.8766756032171582,373,0.9402396053558845,7095,0.8766756032171582,2
vit_b16_in1k,celeba,groupdro_ll,1,mondrian,APS,0.95,3,3,0.8744186046511628,0.8972515856236787,7095,0.9276139410187667,373,0.8793565683646113,373,0.8744186046511628,7095,0.8744186046511628,3
vit_b16_in1k,celeba,groupdro_ll,1,mondrian,APS,0.95,4,0,0.8921775898520085,0.8921775898520085,7095,0.9088471849865952,373,0.8927613941018767,373,0.9167019027484143,7095,0.8921775898520085,0
vit_b16_in1k,celeba,groupdro_ll,1,mondrian,APS,0.95,5,3,0.8985200845665962,0.9058491895701198,7095,0.903485254691689,373,0.938337801608579,373,0.8985200845665962,7095,0.8985200845665962,3
vit_b16_in1k,celeba,groupdro_ll,1,mondrian,APS,0.95,6,1,0.8579088471849866,0.9081042988019732,7095,0.8579088471849866,373,0.9276139410187667,373,0.899506694855532,7095,0.8579088471849866,1
vit_b16_in1k,celeba,groupdro_ll,1,mondrian,APS,0.95,7,1,0.8820375335120644,0.9044397463002114,7095,0.8820375335120644,373,0.8927613941018767,373,0.904016913319239,7095,0.8820375335120644,1
vit_b16_in1k,celeba,groupdro_ll,1,mondrian,APS,0.95,8,2,0.8873994638069705,0.9006342494714588,7095,0.9088471849865952,373,0.8873994638069705,373,0.896124031007752,7095,0.8873994638069705,2
vit_b16_in1k,celeba,groupdro_ll,1,mondrian,APS,0.95,9,3,0.8854122621564482,0.8973925299506695,7095,0.9195710455764075,373,0.9115281501340483,373,0.8854122621564482,7095,0.8854122621564482,3
vit_b16_in1k,celeba,groupdro_ll,2,marginal_split,APS,0.95,0,1,0.868632707774799,0.8775193798449612,7095,0.868632707774799,373,0.9115281501340483,373,0.9097956307258633,7095,0.868632707774799,1
vit_b16_in1k,celeba,groupdro_ll,2,marginal_split,APS,0.95,1,0,0.8918957011980267,0.8918957011980267,7095,0.9222520107238605,373,0.8981233243967829,373,0.9417899929527837,7095,0.8918957011980267,0
vit_b16_in1k,celeba,groupdro_ll,2,marginal_split,APS,0.95,2,0,0.8902043692741367,0.8902043692741367,7095,0.9222520107238605,373,0.9142091152815014,373,0.9465821000704722,7095,0.8902043692741367,0
vit_b16_in1k,celeba,groupdro_ll,2,marginal_split,APS,0.95,3,0,0.873431994362227,0.873431994362227,7095,0.9168900804289544,373,0.8900804289544236,373,0.9051444679351656,7095,0.873431994362227,0
vit_b16_in1k,celeba,groupdro_ll,2,marginal_split,APS,0.95,4,0,0.8778012684989429,0.8778012684989429,7095,0.9276139410187667,373,0.9195710455764075,373,0.9382663847780127,7095,0.8778012684989429,0
vit_b16_in1k,celeba,groupdro_ll,2,marginal_split,APS,0.95,5,0,0.8849894291754757,0.8849894291754757,7095,0.9168900804289544,373,0.9249329758713136,373,0.9175475687103594,7095,0.8849894291754757,0
vit_b16_in1k,celeba,groupdro_ll,2,marginal_split,APS,0.95,6,0,0.883016208597604,0.883016208597604,7095,0.8873994638069705,373,0.9142091152815014,373,0.9171247357293869,7095,0.883016208597604,0
vit_b16_in1k,celeba,groupdro_ll,2,marginal_split,APS,0.95,7,0,0.8823114869626497,0.8823114869626497,7095,0.8927613941018767,373,0.9115281501340483,373,0.9219168428470754,7095,0.8823114869626497,0
vit_b16_in1k,celeba,groupdro_ll,2,marginal_split,APS,0.95,8,0,0.8770965468639887,0.8770965468639887,7095,0.8873994638069705,373,0.9088471849865952,373,0.9162790697674419,7095,0.8770965468639887,0
vit_b16_in1k,celeba,groupdro_ll,2,marginal_split,APS,0.95,9,0,0.8796335447498238,0.8796335447498238,7095,0.8954423592493298,373,0.8981233243967829,373,0.9068357998590557,7095,0.8796335447498238,0
vit_b16_in1k,celeba,groupdro_ll,2,mondrian,APS,0.95,0,1,0.8766756032171582,0.896124031007752,7095,0.8766756032171582,373,0.9276139410187667,373,0.8897815362931643,7095,0.8766756032171582,1
vit_b16_in1k,celeba,groupdro_ll,2,mondrian,APS,0.95,1,0,0.9006342494714588,0.9006342494714588,7095,0.9329758713136729,373,0.9061662198391421,373,0.9336152219873151,7095,0.9006342494714588,0
vit_b16_in1k,celeba,groupdro_ll,2,mondrian,APS,0.95,2,2,0.871313672922252,0.8988019732205779,7095,0.9276139410187667,373,0.871313672922252,373,0.9408033826638478,7095,0.871313672922252,2
vit_b16_in1k,celeba,groupdro_ll,2,mondrian,APS,0.95,3,3,0.8735729386892177,0.8975334742776603,7095,0.9276139410187667,373,0.8793565683646113,373,0.8735729386892177,7095,0.8735729386892177,3
vit_b16_in1k,celeba,groupdro_ll,2,mondrian,APS,0.95,4,0,0.8927413671599718,0.8927413671599718,7095,0.9088471849865952,373,0.8927613941018767,373,0.9164200140944327,7095,0.8927413671599718,0
vit_b16_in1k,celeba,groupdro_ll,2,mondrian,APS,0.95,5,3,0.8982381959126146,0.9061310782241014,7095,0.900804289544236,373,0.938337801608579,373,0.8982381959126146,7095,0.8982381959126146,3
vit_b16_in1k,celeba,groupdro_ll,2,mondrian,APS,0.95,6,1,0.8579088471849866,0.9086680761099366,7095,0.8579088471849866,373,0.9276139410187667,373,0.9002114164904863,7095,0.8579088471849866,1
vit_b16_in1k,celeba,groupdro_ll,2,mondrian,APS,0.95,7,1,0.8766756032171582,0.904016913319239,7095,0.8766756032171582,373,0.8900804289544236,373,0.904016913319239,7095,0.8766756032171582,1
vit_b16_in1k,celeba,groupdro_ll,2,mondrian,APS,0.95,8,2,0.8873994638069705,0.8999295278365046,7095,0.9088471849865952,373,0.8873994638069705,373,0.8962649753347428,7095,0.8873994638069705,2
vit_b16_in1k,celeba,groupdro_ll,2,mondrian,APS,0.95,9,3,0.8852713178294573,0.8972515856236787,7095,0.9195710455764075,373,0.9115281501340483,373,0.8852713178294573,7095,0.8852713178294573,3
vit_b16_in1k,celeba,balanced_subsample,0,marginal_split,APS,0.95,0,0,0.8817477096546864,0.8817477096546864,7095,0.8820375335120644,373,0.903485254691689,373,0.8996476391825229,7095,0.8817477096546864,0
vit_b16_in1k,celeba,balanced_subsample,0,marginal_split,APS,0.95,1,0,0.8892177589852008,0.8892177589852008,7095,0.9115281501340483,373,0.903485254691689,373,0.916983791402396,7095,0.8892177589852008,0
vit_b16_in1k,celeba,balanced_subsample,0,marginal_split,APS,0.95,2,1,0.8927613941018767,0.8962649753347428,7095,0.8927613941018767,373,0.9249329758713136,373,0.9525017618040874,7095,0.8927613941018767,1
vit_b16_in1k,celeba,balanced_subsample,0,marginal_split,APS,0.95,3,0,0.8818886539816773,0.8818886539816773,7095,0.9302949061662198,373,0.9115281501340483,373,0.9120507399577167,7095,0.8818886539816773,0
vit_b16_in1k,celeba,balanced_subsample,0,marginal_split,APS,0.95,4,1,0.8873994638069705,0.8900634249471459,7095,0.8873994638069705,373,0.9436997319034852,373,0.9392529950669486,7095,0.8873994638069705,1
vit_b16_in1k,celeba,balanced_subsample,0,marginal_split,APS,0.95,5,1,0.8873994638069705,0.8893587033121917,7095,0.8873994638069705,373,0.9302949061662198,373,0.9217758985200846,7095,0.8873994638069705,1
vit_b16_in1k,celeba,balanced_subsample,0,marginal_split,APS,0.95,6,1,0.8471849865951743,0.8832980972515856,7095,0.8471849865951743,373,0.9115281501340483,373,0.8920366455250176,7095,0.8471849865951743,1
vit_b16_in1k,celeba,balanced_subsample,0,marginal_split,APS,0.95,7,1,0.8820375335120644,0.8868217054263566,7095,0.8820375335120644,373,0.9276139410187667,373,0.923185341789993,7095,0.8820375335120644,1
vit_b16_in1k,celeba,balanced_subsample,0,marginal_split,APS,0.95,8,0,0.8785059901338971,0.8785059901338971,7095,0.8927613941018767,373,0.9115281501340483,373,0.9007751937984496,7095,0.8785059901338971,0
vit_b16_in1k,celeba,balanced_subsample,0,marginal_split,APS,0.95,9,3,0.8679351656095842,0.8778012684989429,7095,0.871313672922252,373,0.9061662198391421,373,0.8679351656095842,7095,0.8679351656095842,3
vit_b16_in1k,celeba,balanced_subsample,0,mondrian,APS,0.95,0,3,0.8859760394644115,0.8941508104298802,7095,0.8873994638069705,373,0.9222520107238605,373,0.8859760394644115,7095,0.8859760394644115,3
vit_b16_in1k,celeba,balanced_subsample,0,mondrian,APS,0.95,1,2,0.8900804289544236,0.9019027484143763,7095,0.9329758713136729,373,0.8900804289544236,373,0.8988019732205779,7095,0.8900804289544236,2
vit_b16_in1k,celeba,balanced_subsample,0,mondrian,APS,0.95,2,2,0.8847184986595175,0.8927413671599718,7095,0.8927613941018767,373,0.8847184986595175,373,0.9543340380549683,7095,0.8847184986595175,2
vit_b16_in1k,celeba,balanced_subsample,0,mondrian,APS,0.95,3,2,0.8766756032171582,0.8942917547568711,7095,0.935656836461126,373,0.8766756032171582,373,0.8954193093727978,7095,0.8766756032171582,2
vit_b16_in1k,celeba,balanced_subsample,0,mondrian,APS,0.95,4,1,0.8632707774798928,0.8933051444679352,7095,0.8632707774798928,373,0.9061662198391421,373,0.9392529950669486,7095,0.8632707774798928,1
vit_b16_in1k,celeba,balanced_subsample,0,mondrian,APS,0.95,5,1,0.8873994638069705,0.9016208597603946,7095,0.8873994638069705,373,0.9302949061662198,373,0.9038759689922481,7095,0.8873994638069705,1
vit_b16_in1k,celeba,balanced_subsample,0,mondrian,APS,0.95,6,1,0.8418230563002681,0.9031712473572938,7095,0.8418230563002681,373,0.8927613941018767,373,0.8656800563777308,7095,0.8418230563002681,1
vit_b16_in1k,celeba,balanced_subsample,0,mondrian,APS,0.95,7,1,0.8739946380697051,0.8966878083157153,7095,0.8739946380697051,373,0.900804289544236,373,0.9195207892882311,7095,0.8739946380697051,1
vit_b16_in1k,celeba,balanced_subsample,0,mondrian,APS,0.95,8,3,0.8821705426356589,0.8971106412966878,7095,0.9061662198391421,373,0.900804289544236,373,0.8821705426356589,7095,0.8821705426356589,3
vit_b16_in1k,celeba,balanced_subsample,0,mondrian,APS,0.95,9,3,0.8233967582804792,0.9081042988019732,7095,0.9061662198391421,373,0.9222520107238605,373,0.8233967582804792,7095,0.8233967582804792,3
vit_b16_in1k,celeba,balanced_subsample,1,marginal_split,APS,0.95,0,3,0.8918957011980267,0.8972515856236787,7095,0.9088471849865952,373,0.9168900804289544,373,0.8918957011980267,7095,0.8918957011980267,3
vit_b16_in1k,celeba,balanced_subsample,1,marginal_split,APS,0.95,1,3,0.9026074700493305,0.9059901338971107,7095,0.9302949061662198,373,0.9302949061662198,373,0.9026074700493305,7095,0.9026074700493305,3
vit_b16_in1k,celeba,balanced_subsample,1,marginal_split,APS,0.95,2,0,0.9165609584214235,0.9165609584214235,7095,0.938337801608579,373,0.9624664879356568,373,0.9472868217054263,7095,0.9165609584214235,0
vit_b16_in1k,celeba,balanced_subsample,1,marginal_split,APS,0.95,3,3,0.8852713178294573,0.8892177589852008,7095,0.9276139410187667,373,0.935656836461126,373,0.8852713178294573,7095,0.8852713178294573,3
vit_b16_in1k,celeba,balanced_subsample,1,marginal_split,APS,0.95,4,0,0.8996476391825229,0.8996476391825229,7095,0.938337801608579,373,0.9329758713136729,373,0.9006342494714588,7095,0.8996476391825229,0
vit_b16_in1k,celeba,balanced_subsample,1,marginal_split,APS,0.95,5,3,0.8990838618745596,0.9045806906272023,7095,0.9195710455764075,373,0.9410187667560321,373,0.8990838618745596,7095,0.8990838618745596,3
vit_b16_in1k,celeba,balanced_subsample,1,marginal_split,APS,0.95,6,3,0.8665257223396758,0.8992248062015504,7095,0.8900804289544236,373,0.9115281501340483,373,0.8665257223396758,7095,0.8665257223396758,3
vit_b16_in1k,celeba,balanced_subsample,1,marginal_split,APS,0.95,7,0,0.8973925299506695,0.8973925299506695,7095,0.9061662198391421,373,0.9571045576407506,373,0.9086680761099366,7095,0.8973925299506695,0
vit_b16_in1k,celeba,balanced_subsample,1,marginal_split,APS,0.95,8,3,0.8604651162790697,0.8914728682170543,7095,0.8847184986595175,373,0.9222520107238605,373,0.8604651162790697,7095,0.8604651162790697,3
vit_b16_in1k,celeba,balanced_subsample,1,marginal_split,APS,0.95,9,3,0.8762508809020437,0.9013389711064129,7095,0.9222520107238605,373,0.9329758713136729,373,0.8762508809020437,7095,0.8762508809020437,3
vit_b16_in1k,celeba,balanced_subsample,1,mondrian,APS,0.95,0,1,0.8793565683646113,0.8894996476391825,7095,0.8793565683646113,373,0.9088471849865952,373,0.8996476391825229,7095,0.8793565683646113,1
vit_b16_in1k,celeba,balanced_subsample,1,mondrian,APS,0.95,1,2,0.8847184986595175,0.9002114164904863,7095,0.9302949061662198,373,0.8847184986595175,373,0.9112050739957717,7095,0.8847184986595175,2
vit_b16_in1k,celeba,balanced_subsample,1,mondrian,APS,0.95,2,2,0.868632707774799,0.8983791402396053,7095,0.9222520107238605,373,0.868632707774799,373,0.9577167019027484,7095,0.868632707774799,2
vit_b16_in1k,celeba,balanced_subsample,1,mondrian,APS,0.95,3,0,0.8828752642706131,0.8828752642706131,7095,0.9222520107238605,373,0.900804289544236,373,0.8968287526427061,7095,0.8828752642706131,0
vit_b16_in1k,celeba,balanced_subsample,1,mondrian,APS,0.95,4,1,0.8820375335120644,0.8937279774489076,7095,0.8820375335120644,373,0.9061662198391421,373,0.9107822410147992,7095,0.8820375335120644,1
vit_b16_in1k,celeba,balanced_subsample,1,mondrian,APS,0.95,5,3,0.9020436927413672,0.904862579281184,7095,0.9061662198391421,373,0.903485254691689,373,0.9020436927413672,7095,0.9020436927413672,3
vit_b16_in1k,celeba,balanced_subsample,1,mondrian,APS,0.95,6,3,0.8559548978153629,0.908245243128964,7095,0.8605898123324397,373,0.8793565683646113,373,0.8559548978153629,7095,0.8559548978153629,3
vit_b16_in1k,celeba,balanced_subsample,1,mondrian,APS,0.95,7,1,0.8820375335120644,0.8858350951374208,7095,0.8820375335120644,373,0.9195710455764075,373,0.9158562367864693,7095,0.8820375335120644,1
vit_b16_in1k,celeba,balanced_subsample,1,mondrian,APS,0.95,8,3,0.8535588442565186,0.8980972515856237,7095,0.9276139410187667,373,0.8632707774798928,373,0.8535588442565186,7095,0.8535588442565186,3
vit_b16_in1k,celeba,balanced_subsample,1,mondrian,APS,0.95,9,3,0.8792107117688513,0.8988019732205779,7095,0.9249329758713136,373,0.9410187667560321,373,0.8792107117688513,7095,0.8792107117688513,3
vit_b16_in1k,celeba,balanced_subsample,2,marginal_split,APS,0.95,0,3,0.8823114869626497,0.8848484848484849,7095,0.8873994638069705,373,0.9061662198391421,373,0.8823114869626497,7095,0.8823114869626497,3
vit_b16_in1k,celeba,balanced_subsample,2,marginal_split,APS,0.95,1,0,0.8958421423537702,0.8958421423537702,7095,0.9410187667560321,373,0.935656836461126,373,0.9529245947850599,7095,0.8958421423537702,0
vit_b16_in1k,celeba,balanced_subsample,2,marginal_split,APS,0.95,2,0,0.8938689217758985,0.8938689217758985,7095,0.9142091152815014,373,0.9463806970509383,373,0.9417899929527837,7095,0.8938689217758985,0
vit_b16_in1k,celeba,balanced_subsample,2,marginal_split,APS,0.95,3,0,0.8801973220577872,0.8801973220577872,7095,0.9302949061662198,373,0.9249329758713136,373,0.9199436222692037,7095,0.8801973220577872,0
vit_b16_in1k,celeba,balanced_subsample,2,marginal_split,APS,0.95,4,0,0.8885130373502467,0.8885130373502467,7095,0.8981233243967829,373,0.938337801608579,373,0.9089499647639182,7095,0.8885130373502467,0
vit_b16_in1k,celeba,balanced_subsample,2,marginal_split,APS,0.95,5,1,0.868632707774799,0.8958421423537702,7095,0.868632707774799,373,0.9329758713136729,373,0.915292459478506,7095,0.868632707774799,1
vit_b16_in1k,celeba,balanced_subsample,2,marginal_split,APS,0.95,6,1,0.868632707774799,0.8841437632135306,7095,0.868632707774799,373,0.9061662198391421,373,0.9090909090909091,7095,0.868632707774799,1
vit_b16_in1k,celeba,balanced_subsample,2,marginal_split,APS,0.95,7,1,0.8605898123324397,0.8787878787878788,7095,0.8605898123324397,373,0.903485254691689,373,0.8976744186046511,7095,0.8605898123324397,1
vit_b16_in1k,celeba,balanced_subsample,2,marginal_split,APS,0.95,8,0,0.8863988724453841,0.8863988724453841,7095,0.8900804289544236,373,0.9195710455764075,373,0.9223396758280479,7095,0.8863988724453841,0
vit_b16_in1k,celeba,balanced_subsample,2,marginal_split,APS,0.95,9,1,0.871313672922252,0.8770965468639887,7095,0.871313672922252,373,0.8954423592493298,373,0.8773784355179705,7095,0.871313672922252,1
vit_b16_in1k,celeba,balanced_subsample,2,mondrian,APS,0.95,0,3,0.8728682170542635,0.8959830866807611,7095,0.9115281501340483,373,0.9115281501340483,373,0.8728682170542635,7095,0.8728682170542635,3
vit_b16_in1k,celeba,balanced_subsample,2,mondrian,APS,0.95,1,0,0.8937279774489076,0.8937279774489076,7095,0.9436997319034852,373,0.9088471849865952,373,0.9543340380549683,7095,0.8937279774489076,0
vit_b16_in1k,celeba,balanced_subsample,2,mondrian,APS,0.95,2,2,0.8873994638069705,0.8949964763918252,7095,0.9276139410187667,373,0.8873994638069705,373,0.9431994362226921,7095,0.8873994638069705,2
vit_b16_in1k,celeba,balanced_subsample,2,mondrian,APS,0.95,3,0,0.8910500352360817,0.8910500352360817,7095,0.9410187667560321,373,0.9195710455764075,373,0.9128964059196617,7095,0.8910500352360817,0
vit_b16_in1k,celeba,balanced_subsample,2,mondrian,APS,0.95,4,3,0.8979563072586328,0.9066948555320649,7095,0.8981233243967829,373,0.9115281501340483,373,0.8979563072586328,7095,0.8979563072586328,3
vit_b16_in1k,celeba,balanced_subsample,2,mondrian,APS,0.95,5,1,0.8659517426273459,0.906553911205074,7095,0.8659517426273459,373,0.9222520107238605,373,0.9038759689922481,7095,0.8659517426273459,1
vit_b16_in1k,celeba,balanced_subsample,2,mondrian,APS,0.95,6,1,0.8364611260053619,0.9066948555320649,7095,0.8364611260053619,373,0.8793565683646113,373,0.8894996476391825,7095,0.8364611260053619,1
vit_b16_in1k,celeba,balanced_subsample,2,mondrian,APS,0.95,7,1,0.8579088471849866,0.896124031007752,7095,0.8579088471849866,373,0.8981233243967829,373,0.885553206483439,7095,0.8579088471849866,1
vit_b16_in1k,celeba,balanced_subsample,2,mondrian,APS,0.95,8,0,0.8975334742776603,0.8975334742776603,7095,0.900804289544236,373,0.900804289544236,373,0.9178294573643411,7095,0.8975334742776603,0
vit_b16_in1k,celeba,balanced_subsample,2,mondrian,APS,0.95,9,3,0.8518675123326286,0.8948555320648344,7095,0.9276139410187667,373,0.8954423592493298,373,0.8518675123326286,7095,0.8518675123326286,3
